-- --------------------------------------------------------
-- 主机:                           127.0.0.1
-- 服务器版本:                        5.5.58 - MySQL Community Server (GPL)
-- 服务器操作系统:                      Win64
-- HeidiSQL 版本:                  11.0.0.5919
-- --------------------------------------------------------

/*!40101 SET @OLD_CHARACTER_SET_CLIENT=@@CHARACTER_SET_CLIENT */;
/*!40101 SET NAMES utf8 */;
/*!50503 SET NAMES utf8mb4 */;
/*!40014 SET @OLD_FOREIGN_KEY_CHECKS=@@FOREIGN_KEY_CHECKS, FOREIGN_KEY_CHECKS=0 */;
/*!40101 SET @OLD_SQL_MODE=@@SQL_MODE, SQL_MODE='NO_AUTO_VALUE_ON_ZERO' */;


-- 导出 wordtext 的数据库结构
CREATE DATABASE IF NOT EXISTS `wordtext` /*!40100 DEFAULT CHARACTER SET utf8 */;
USE `wordtext`;

-- 导出  表 wordtext.auth_group 结构
CREATE TABLE IF NOT EXISTS `auth_group` (
  `id` int(11) NOT NULL AUTO_INCREMENT,
  `name` varchar(150) NOT NULL,
  PRIMARY KEY (`id`),
  UNIQUE KEY `name` (`name`)
) ENGINE=InnoDB AUTO_INCREMENT=2 DEFAULT CHARSET=utf8;

-- 正在导出表  wordtext.auth_group 的数据：~1 rows (大约)
/*!40000 ALTER TABLE `auth_group` DISABLE KEYS */;
INSERT INTO `auth_group` (`id`, `name`) VALUES
	(1, '垃圾分类员');
/*!40000 ALTER TABLE `auth_group` ENABLE KEYS */;

-- 导出  表 wordtext.auth_group_permissions 结构
CREATE TABLE IF NOT EXISTS `auth_group_permissions` (
  `id` int(11) NOT NULL AUTO_INCREMENT,
  `group_id` int(11) NOT NULL,
  `permission_id` int(11) NOT NULL,
  PRIMARY KEY (`id`),
  UNIQUE KEY `auth_group_permissions_group_id_permission_id_0cd325b0_uniq` (`group_id`,`permission_id`),
  KEY `auth_group_permissio_permission_id_84c5c92e_fk_auth_perm` (`permission_id`),
  CONSTRAINT `auth_group_permissions_group_id_b120cbf9_fk_auth_group_id` FOREIGN KEY (`group_id`) REFERENCES `auth_group` (`id`),
  CONSTRAINT `auth_group_permissio_permission_id_84c5c92e_fk_auth_perm` FOREIGN KEY (`permission_id`) REFERENCES `auth_permission` (`id`)
) ENGINE=InnoDB AUTO_INCREMENT=5 DEFAULT CHARSET=utf8;

-- 正在导出表  wordtext.auth_group_permissions 的数据：~4 rows (大约)
/*!40000 ALTER TABLE `auth_group_permissions` DISABLE KEYS */;
INSERT INTO `auth_group_permissions` (`id`, `group_id`, `permission_id`) VALUES
	(1, 1, 48),
	(2, 1, 50),
	(3, 1, 51),
	(4, 1, 52);
/*!40000 ALTER TABLE `auth_group_permissions` ENABLE KEYS */;

-- 导出  表 wordtext.auth_permission 结构
CREATE TABLE IF NOT EXISTS `auth_permission` (
  `id` int(11) NOT NULL AUTO_INCREMENT,
  `name` varchar(255) NOT NULL,
  `content_type_id` int(11) NOT NULL,
  `codename` varchar(100) NOT NULL,
  PRIMARY KEY (`id`),
  UNIQUE KEY `auth_permission_content_type_id_codename_01ab375a_uniq` (`content_type_id`,`codename`),
  CONSTRAINT `auth_permission_content_type_id_2f476e4b_fk_django_co` FOREIGN KEY (`content_type_id`) REFERENCES `django_content_type` (`id`)
) ENGINE=InnoDB AUTO_INCREMENT=61 DEFAULT CHARSET=utf8;

-- 正在导出表  wordtext.auth_permission 的数据：~60 rows (大约)
/*!40000 ALTER TABLE `auth_permission` DISABLE KEYS */;
INSERT INTO `auth_permission` (`id`, `name`, `content_type_id`, `codename`) VALUES
	(1, 'Can add log entry', 1, 'add_logentry'),
	(2, 'Can change log entry', 1, 'change_logentry'),
	(3, 'Can delete log entry', 1, 'delete_logentry'),
	(4, 'Can add permission', 2, 'add_permission'),
	(5, 'Can change permission', 2, 'change_permission'),
	(6, 'Can delete permission', 2, 'delete_permission'),
	(7, 'Can add group', 3, 'add_group'),
	(8, 'Can change group', 3, 'change_group'),
	(9, 'Can delete group', 3, 'delete_group'),
	(10, 'Can add user', 4, 'add_user'),
	(11, 'Can change user', 4, 'change_user'),
	(12, 'Can delete user', 4, 'delete_user'),
	(13, 'Can add content type', 5, 'add_contenttype'),
	(14, 'Can change content type', 5, 'change_contenttype'),
	(15, 'Can delete content type', 5, 'delete_contenttype'),
	(16, 'Can add session', 6, 'add_session'),
	(17, 'Can change session', 6, 'change_session'),
	(18, 'Can delete session', 6, 'delete_session'),
	(19, 'Can add 教室管理', 7, 'add_classnames'),
	(20, 'Can change 教室管理', 7, 'change_classnames'),
	(21, 'Can delete 教室管理', 7, 'delete_classnames'),
	(22, 'Can add 课表', 8, 'add_subject'),
	(23, 'Can change 课表', 8, 'change_subject'),
	(24, 'Can delete 课表', 8, 'delete_subject'),
	(25, 'Can add 教师信息', 9, 'add_tecinfo'),
	(26, 'Can change 教师信息', 9, 'change_tecinfo'),
	(27, 'Can delete 教师信息', 9, 'delete_tecinfo'),
	(28, 'Can add 学生信息', 10, 'add_userinfo'),
	(29, 'Can change 学生信息', 10, 'change_userinfo'),
	(30, 'Can delete 学生信息', 10, 'delete_userinfo'),
	(31, 'Can view log entry', 1, 'view_logentry'),
	(32, 'Can view permission', 2, 'view_permission'),
	(33, 'Can view group', 3, 'view_group'),
	(34, 'Can view user', 4, 'view_user'),
	(35, 'Can view content type', 5, 'view_contenttype'),
	(36, 'Can view session', 6, 'view_session'),
	(37, 'Can view 教室管理', 7, 'view_classnames'),
	(38, 'Can view 课表', 8, 'view_subject'),
	(39, 'Can view 教师信息', 9, 'view_tecinfo'),
	(40, 'Can view 学生信息', 10, 'view_userinfo'),
	(41, 'Can add 信息', 11, 'add_messageinfo'),
	(42, 'Can change 信息', 11, 'change_messageinfo'),
	(43, 'Can delete 信息', 11, 'delete_messageinfo'),
	(44, 'Can view 信息', 11, 'view_messageinfo'),
	(45, 'Can add 新闻管理', 12, 'add_news'),
	(46, 'Can change 新闻管理', 12, 'change_news'),
	(47, 'Can delete 新闻管理', 12, 'delete_news'),
	(48, 'Can view 新闻管理', 12, 'view_news'),
	(49, 'Can add 订单管理', 13, 'add_garorder'),
	(50, 'Can change 订单管理', 13, 'change_garorder'),
	(51, 'Can delete 订单管理', 13, 'delete_garorder'),
	(52, 'Can view 订单管理', 13, 'view_garorder'),
	(53, 'Can add 识别管理', 14, 'add_detects'),
	(54, 'Can change 识别管理', 14, 'change_detects'),
	(55, 'Can delete 识别管理', 14, 'delete_detects'),
	(56, 'Can view 识别管理', 14, 'view_detects'),
	(57, 'Can add 识别图片管理', 15, 'add_detectsjpg'),
	(58, 'Can change 识别图片管理', 15, 'change_detectsjpg'),
	(59, 'Can delete 识别图片管理', 15, 'delete_detectsjpg'),
	(60, 'Can view 识别图片管理', 15, 'view_detectsjpg');
/*!40000 ALTER TABLE `auth_permission` ENABLE KEYS */;

-- 导出  表 wordtext.auth_user 结构
CREATE TABLE IF NOT EXISTS `auth_user` (
  `id` int(11) NOT NULL AUTO_INCREMENT,
  `password` varchar(128) NOT NULL,
  `last_login` datetime DEFAULT NULL,
  `is_superuser` tinyint(1) NOT NULL,
  `username` varchar(150) NOT NULL,
  `first_name` varchar(150) NOT NULL,
  `last_name` varchar(150) NOT NULL,
  `email` varchar(254) NOT NULL,
  `is_staff` tinyint(1) NOT NULL,
  `is_active` tinyint(1) NOT NULL,
  `date_joined` datetime NOT NULL,
  PRIMARY KEY (`id`),
  UNIQUE KEY `username` (`username`)
) ENGINE=InnoDB AUTO_INCREMENT=3 DEFAULT CHARSET=utf8;

-- 正在导出表  wordtext.auth_user 的数据：~2 rows (大约)
/*!40000 ALTER TABLE `auth_user` DISABLE KEYS */;
INSERT INTO `auth_user` (`id`, `password`, `last_login`, `is_superuser`, `username`, `first_name`, `last_name`, `email`, `is_staff`, `is_active`, `date_joined`) VALUES
	(1, 'pbkdf2_sha256$150000$8W2T636eS49Y$excnfY2y8t6H639wepSQ9uv0sksOe94Amk4cM1nhMl4=', '2024-01-23 18:20:05', 1, 'admin', '', '', '111@11.com', 1, 1, '2020-05-06 06:07:00'),
	(2, 'pbkdf2_sha256$150000$Ga0dJhYnxj99$eFGcPFGTDV9PrOxahLXGoj1Zo5htykomURqGG0YD/4k=', '2023-11-28 14:19:20', 0, 'recycler1', '', '', '', 1, 1, '2023-11-28 05:07:00');
/*!40000 ALTER TABLE `auth_user` ENABLE KEYS */;

-- 导出  表 wordtext.auth_user_groups 结构
CREATE TABLE IF NOT EXISTS `auth_user_groups` (
  `id` int(11) NOT NULL AUTO_INCREMENT,
  `user_id` int(11) NOT NULL,
  `group_id` int(11) NOT NULL,
  PRIMARY KEY (`id`),
  UNIQUE KEY `auth_user_groups_user_id_group_id_94350c0c_uniq` (`user_id`,`group_id`),
  KEY `auth_user_groups_group_id_97559544_fk_auth_group_id` (`group_id`),
  CONSTRAINT `auth_user_groups_group_id_97559544_fk_auth_group_id` FOREIGN KEY (`group_id`) REFERENCES `auth_group` (`id`),
  CONSTRAINT `auth_user_groups_user_id_6a12ed8b_fk_auth_user_id` FOREIGN KEY (`user_id`) REFERENCES `auth_user` (`id`)
) ENGINE=InnoDB AUTO_INCREMENT=2 DEFAULT CHARSET=utf8;

-- 正在导出表  wordtext.auth_user_groups 的数据：~1 rows (大约)
/*!40000 ALTER TABLE `auth_user_groups` DISABLE KEYS */;
INSERT INTO `auth_user_groups` (`id`, `user_id`, `group_id`) VALUES
	(1, 2, 1);
/*!40000 ALTER TABLE `auth_user_groups` ENABLE KEYS */;

-- 导出  表 wordtext.auth_user_user_permissions 结构
CREATE TABLE IF NOT EXISTS `auth_user_user_permissions` (
  `id` int(11) NOT NULL AUTO_INCREMENT,
  `user_id` int(11) NOT NULL,
  `permission_id` int(11) NOT NULL,
  PRIMARY KEY (`id`),
  UNIQUE KEY `auth_user_user_permissions_user_id_permission_id_14a6b632_uniq` (`user_id`,`permission_id`),
  KEY `auth_user_user_permi_permission_id_1fbb5f2c_fk_auth_perm` (`permission_id`),
  CONSTRAINT `auth_user_user_permissions_user_id_a95ead1b_fk_auth_user_id` FOREIGN KEY (`user_id`) REFERENCES `auth_user` (`id`),
  CONSTRAINT `auth_user_user_permi_permission_id_1fbb5f2c_fk_auth_perm` FOREIGN KEY (`permission_id`) REFERENCES `auth_permission` (`id`)
) ENGINE=InnoDB AUTO_INCREMENT=31 DEFAULT CHARSET=utf8;

-- 正在导出表  wordtext.auth_user_user_permissions 的数据：~30 rows (大约)
/*!40000 ALTER TABLE `auth_user_user_permissions` DISABLE KEYS */;
INSERT INTO `auth_user_user_permissions` (`id`, `user_id`, `permission_id`) VALUES
	(1, 1, 1),
	(2, 1, 2),
	(3, 1, 3),
	(4, 1, 4),
	(5, 1, 5),
	(6, 1, 6),
	(7, 1, 7),
	(8, 1, 8),
	(9, 1, 9),
	(10, 1, 10),
	(11, 1, 11),
	(12, 1, 12),
	(13, 1, 13),
	(14, 1, 14),
	(15, 1, 15),
	(16, 1, 16),
	(17, 1, 17),
	(18, 1, 18),
	(19, 1, 19),
	(20, 1, 20),
	(21, 1, 21),
	(22, 1, 22),
	(23, 1, 23),
	(24, 1, 24),
	(25, 1, 25),
	(26, 1, 26),
	(27, 1, 27),
	(28, 1, 28),
	(29, 1, 29),
	(30, 1, 30);
/*!40000 ALTER TABLE `auth_user_user_permissions` ENABLE KEYS */;

-- 导出  表 wordtext.classnames 结构
CREATE TABLE IF NOT EXISTS `classnames` (
  `id` int(11) NOT NULL AUTO_INCREMENT,
  `class_name` varchar(32) NOT NULL,
  `time` datetime DEFAULT NULL,
  PRIMARY KEY (`id`),
  UNIQUE KEY `class_name` (`class_name`)
) ENGINE=InnoDB AUTO_INCREMENT=3 DEFAULT CHARSET=utf8;

-- 正在导出表  wordtext.classnames 的数据：~2 rows (大约)
/*!40000 ALTER TABLE `classnames` DISABLE KEYS */;
INSERT INTO `classnames` (`id`, `class_name`, `time`) VALUES
	(1, '302', '2023-05-02 23:28:18'),
	(2, '305', '2023-05-02 23:28:15');
/*!40000 ALTER TABLE `classnames` ENABLE KEYS */;

-- 导出  表 wordtext.classnames_user 结构
CREATE TABLE IF NOT EXISTS `classnames_user` (
  `id` int(11) NOT NULL AUTO_INCREMENT,
  `classnames_id` int(11) NOT NULL,
  `userinfo_id` int(11) NOT NULL,
  PRIMARY KEY (`id`),
  UNIQUE KEY `ClassNames_user_classnames_id_userinfo_id_5a03eee4_uniq` (`classnames_id`,`userinfo_id`),
  KEY `ClassNames_user_userinfo_id_87d6832a_fk_UserInfo_id` (`userinfo_id`),
  CONSTRAINT `ClassNames_user_classnames_id_7918b0b6_fk_ClassNames_id` FOREIGN KEY (`classnames_id`) REFERENCES `classnames` (`id`),
  CONSTRAINT `ClassNames_user_userinfo_id_87d6832a_fk_UserInfo_id` FOREIGN KEY (`userinfo_id`) REFERENCES `userinfo` (`id`)
) ENGINE=InnoDB AUTO_INCREMENT=3 DEFAULT CHARSET=utf8;

-- 正在导出表  wordtext.classnames_user 的数据：~2 rows (大约)
/*!40000 ALTER TABLE `classnames_user` DISABLE KEYS */;
INSERT INTO `classnames_user` (`id`, `classnames_id`, `userinfo_id`) VALUES
	(1, 1, 1),
	(2, 2, 1);
/*!40000 ALTER TABLE `classnames_user` ENABLE KEYS */;

-- 导出  表 wordtext.dal_messageinfo 结构
CREATE TABLE IF NOT EXISTS `dal_messageinfo` (
  `id` int(11) NOT NULL AUTO_INCREMENT,
  `username` varchar(30) NOT NULL,
  `email` varchar(254) DEFAULT NULL,
  `subject` varchar(50) NOT NULL,
  `info` longtext NOT NULL,
  PRIMARY KEY (`id`)
) ENGINE=InnoDB AUTO_INCREMENT=6 DEFAULT CHARSET=utf8;

-- 正在导出表  wordtext.dal_messageinfo 的数据：~4 rows (大约)
/*!40000 ALTER TABLE `dal_messageinfo` DISABLE KEYS */;
INSERT INTO `dal_messageinfo` (`id`, `username`, `email`, `subject`, `info`) VALUES
	(1, '1', 'demo@qq.com', 'demo', '<p>测试使用<img src="data:image/png;base64,iVBORw0KGgoAAAANSUhEUgAAAPkAAADdCAYAAAB5ctSwAAAPwElEQVR4nO3de1xUdf7H8ffAELcR3drE+0MZ7Lc/RU1pW7mYm8ZtzQ3ELFMj91feW7URsMz72nIR0VBBUVtTN2vLS5cV8adpiZfK3cQ2TYEQDQFNEgYUZZz9A2YUZxhuM0N8ej8fj3k8ZM6Zw3eo13zPOXNgFHq9Xg8iEsuhtQdARLbFyImEY+REwjFyIuEYOZFwjJxIOEZOJBwjJxKOkRMJx8iJhGPkRMIxciLhGDmRcIycSDhGTiQcIycSjpETCcfIiYRj5ETCMXIi4Rg5kXCMnEg4Rk4kHCMnEo6REwnHyImEY+REwjFyIuEYOZFwjJxIOEZOJBwjJxKOkRMJx8iJhGPkRMIxciLhGDmRcIycSDhGTiQcIycSjpETCcfIiYRj5ETCMXIi4Rg5kXCMnEg4Rk4kHCMnEo6REwnHyImEY+REwjFyIuEYOZFwjJxIOEZOJBwjJxKOkRMJx8iJhGPkRMIxciLhGDmRcIycSDhGTiQcIycSjpETCcfIiYRj5ETCMXIi4Rg5kXCMnEg4Rk4kHCMnEo6REwnHyImEY+REwjFyIuEYOZFwjJxIOEZOJBwjJxKOkRMJx8iJhGPkRMIxciLhGDmRcIycSDhGTiQcIycSjpETCcfIiYRj5ETCMXIi4Rg5kXDK9PT01h4DEdkQZ3Ii4RSDHvXTt/YgiMh2OJMTCcfIiYRj5ETCMXIi4Rg5kXCMnEg4Rk4kHCMnEo6REwnHyImEY+REwjFyIuEYOZFwjJxIOEZOJBwjJxKOkRMJpwSASz9caO1xNFnnrt1bewjUTCqVClqttrWH8YvBmZzsylutxtxoTWsP4xdF2doDoJbxVqsR4O/Xom1kHTmKnNxcK42oft5qNZKXxyM373ubfy+6QzHoUT89d9dt77Ehgfjs88NW3+7Huz6Au7t7i7ah1WoxMmK0lUZkniFww656RuY+FBUV42T2Kbu8wPyScSa/y4xpUwAAq9emtfJIGufhAf3h7u6OvZn7kJG5z+w6KpUKAOo9Bg4NDkJIcBAeHtAfX5/MttlYvdVexrGoVCqMHhVhXJaRuQ9rUtfxON1GGPldvNXq1h5CsxQVF9cbaEMvXA8P6G+zcQE1P1NvtZfxRSg2WoOT2acwSxONwAB/BPr7ITQ4CIH+fpg9J5azug0068Sbz8QUHMrOQeHFCziUdPeSKLyXfQGFF+++fYokAOg5CVuO1jymMHsXFjxmjeGTJQ8P6I/IiHBERoTbPGZzDLvosdEahAYHISNzH+IT7/wPczjrCOISkxCfmASVSoXY6FeMsz1ZT5Mj7zF1O95fOAz4dBUm/KE7htY5UeoMKKtwYmV3dOlmuD0ODQBMG4tA3R5M6OaPtAs+GDUxHMAwJO3/F96baqVnQ0Y10dz5jxMbrbFrQHcfg1dUVNQJ/d69CsPuurdajdGjwu02xl+KJu6uByB2XAB+yojC0JkHzCzvDU+PKhT/2LitDU+ajxHVOxGc2rRRUOPcPWva092BxycmISc3DyuTEowvOubOH7y/YydGj4pAZEQ4/vb2VnsPWbSmRd7zWfj2LAOqUlB40QMAUHZyM6aPeB37ASCyI9rDGT3mXkDhUgAVF3D47dcxZtkBYO07ODwkBlsuhgNlJ5D2bgAWzL6GtyKWosDqT6thM6ZNgdrLq859aq9eAIDk5Ql17s/Ny2szJ+MMtFqtTU+k1efewA1Bz9LENBh6RmYmoiaMh7dazWNzK2ra7nrQg+gAD3So2I7pgd0xeMYuFP8mCstWB9Qsv/wfnDr5FXYsCEOXwGex6mR7BL4UjWU9AeSvxwQ/75pd+D5vwnPSH1C27WXE51v/STWWQqFo1I0ap5OnpzHwNanr6oSck5uLWZoYADWHDoEB/iaPLyoqBgCoVC17S5DqasbZ9Rx88sel2AkA+S/jneeGYcH/hgPIAj5LwITP7qwZP2Y7hudPwm+jACy+c//wtL9geOEqvNp+Pc7k+8ADVSj4/wQMfnF9y55NE5ibmVcmJQIAZmmi7TYOW1GpVMY9E4PcvO9t+jZVUXExso4cRUhwEEKCn0BG5r46389wvJ2bl2d2L4Mn3WyjaTP5d2X4Ce3R8RnziyMSduHQhpctbyNoPZb5F2BlTBXGPuWJ7AX+6PLSAbg8EYEFTRoMNeTVmGisTErEyqREvBpjnxeuuMQk7M3cV2e3HQDmRmsQEhyE3Lw8zNLEmH2x8VbXHD4ZZnSyjqZF/tlmZOU8iMCpKRjbH+gRnoKxvh4oOL0LALDzmjN6PDEWGyb6APDBxA1h8ME3+HKzYQO+SJr7CApSo5GWDwDOAPfMbEKr1SIucbnx67jE5Xa72OTe0GMbEbhKpUKAvx9y8/JQVMzIramJu+tZ0Pw5AR3XzUTSPy8A1VUo+GI95s3Iqlm8bBKWdHwbsQv33Dnxlp6Iecbj7hPQDB9U++/NWLf7WayJPYLC2t31JdZ5TlTr65PZ+GDnLuO/7Smu9sx+SHAQvNVqi4EDwIypk43H8mRdTT8mz07BBL+UehZewFszH8dbMxu3qf3zw/Cb+U0egc201TO6np6eGNC/n9ll//76JADUu9zT09Nm4zKE7u2ttjiDT586GSHBQRYvz6Xm4y+o2MnP+RdUKioq8GR4pJVGZMpwXB475xUUFRcjJzcPKnd3eHurEejvB5VKhb2Z+7Ca16/bBK9db+NenDwNoSFBLdpGxl7bzp5arRahwUHo7e1t8tZZbl6eydttZF2cycmuvNVq4/vgRUXFPMlmB5zJya7a6nmPtkwJcFYkkox/441IOEZOJBwjJxKOkRMJx8iJhGPkRMIxciLhGDmRcIycSDhGTiQcIycSjpETCcfIiYRj5ETCMXIi4Rg5kXCMnEg4JfS3W3sMRGRDSielU2uPgYhsSDn9dojFFV6/yE+0IGrLlC6OzhZXcOBH9xK1aUqlwvJfZebncxO1bUqlooET7IycqE1TOiocLa7AxInaNqVDgzO5fQZCRLahbKhhBSsnatMcFAoFLN2ayt3dHffdd1+9y52dLZ/Nl8TSz4HIXqzygYddu3XFuPHj8fQzz6BDhw4AgNPffoutb2/Bh7t348aNG3ByckL6po0ICAzE3JgYfPCP97EmLQ19+/Yx2d6tW7eQdTgLqWvWoLj2Uy8H+w1GXEKCxXEMG/p73L59G+e+zwMA9O7lBQB4bvw4TJo8Gdu2bkP6uvrf939zzWr0798fM6ZNxzenThnvHzHySUTHxECr1WLCc+NQWlpa53FPjxmD6S/PwNWrV/H8uPHo3KULBg4ciPLycuj1emTs2dOInyKRbShbujs+2M8PG97aBBcXFwA1H2jv5OSEPn374o34ODw3YTyixo2Hu0qFwCFDAADhEaPwwT/eR6dOnujW3fyHLfby8sJjvx+KyKfCUVpaChcX13rXNTDsedy7B6JStUO37t3Rvn17i4/v2LEjunXvbjIDf/LRx3h27Fj4+ftj6RvLMGPqNOOyHj16YP6ihXBzc8Nfl70BrVaLPn36oFPnThg4aBDe3b4dvR96COfOnrX4vYlspUUz+cBBA42Bf7T7Q6SlpuK7M2fg6OiIJ4KCMFujgY+PDzZv24pnIkcjbW0qHh/2OFauWFFnOy/96f9w5swZ49cqlQpJycno07cPxo4bh7WrVxuXHcnKQmx0jNnx6HS6ljwdi2I0c/DPvRkIDQtDeEQEdu3cCQcHByQmr4Cbmxt27tiBvRkZAAC9Xo/Lly+jsvI6Kioq4Oho+R0MIltq0W+hzZw9Gy4uLtiYvgGzZ87Ed7Wh6nQ67M3IwJjISOScy4GPjw9GjHwSyxMSMCI0DCe++qrOdq5cuYJLhYXG27mzZ7E65U0AgE+/fnXWvXHjRp11777Z0qVLl7Bk0WIAwMLFi9C5c2dMmjIZvr6+KCwsxOKFi4zrnj17Fjeu30Bubg4e+p+HcOb0aZuOjciSZkfey8sLgUOGoLy8HKuSk82uU1ZWhpRVqwAAz0dFNX5QDg54cuRIAMDlkpLmDtHqdu7Ygb17MtDOwwOp6evx51mzoNfrEaOZA215uXG9M6dP48Pdu3H86DF88tHHrThiohbsrvernWEPHTyIysrKetfbm5EBnU4Hn3794ODggNu3TX+1dcOmjbhVXW382s3VDR7tPfDjlStYk5JSZ92AgEAcPnbUZBtHjxxB9Cua5j6dRnv9tdfg+4gvfHx8AAB/27QJx46ajken01n8uRDZS7MjVzrVPLTqRpXF9aqrq1FdXQ1HR0colUrcvHnTZJ0Hfv1rk/tyzuVg/rx5KLlnJnd2cUanTp1M1r//V/c3ZfjNVlpaiqVLlmBVSgouXbqEhPh4u3xfouZqduSFP/wAAPB9xBcKhQJ6vd7sej79+sHZ2RmXSy6bDRwA/vTCCzjzbc1xa0rqWvj6+uLQwYP48osvTNY9/PnniNHMMbm/qsryi401FZwvAACUFBfjZpX550T0c9HsY/Ljx47j/Pnz6NmrF4JD6v+d9CnTpgIA3nt3e73rlF4tRUlJCUpKSrBo/nzodDpETXwBvXv3Nln35s2bxnXvvl27dq25T4VItGZHrtfrsTE9HQCQuCIJoWFhdd6fVrVrh4VLFiM0LAyVlZV4Z9vfG7Xd09+extYtW6BUKrFo6ZLmDo+IarXoffK/b92Gbt26YdKUKViduhb5+fn414kTcHNzw2NDh8LNzQ2VlZWY+HwUioqKGr3d5KQVGDFiBH43eDD++NRT+HD3buOygMBAHPvSdDceAPx/N9jsiT2DqIkvYPTTo03uX7pkSZ2z4OmbNuKWmUOLsOAQk6vdiH7uWnxZa0JcPAoKLuDFl15Ez1690LNnTwA1M/3BA59iZXJynUtEG0NbXo74v8YhcUUS5s57DQf27zcuc3Z2hvODD5p9XEPX2ru6usLV1dXkfsPVegb1XRnHP6BBbZEic2iq+TNmtabmN+7ssUKhwG8ffRRdu3bFzVs38U32KZw/f97iYzw8PKB0csK1n34ye7Xa/Q88AAAoLysDALTz8LC4vas//mj2fldXV7i6udX7uAqtFlVVVcbx1Kf06lXo9Xo4OjqifYcOqL51C2W1YyP6ubLKL6gANTP3F8ePN+kxDQVyb7T1RdyQ69ev4/r16y0ej4FOp2v2WIjsjR+uQCQcIycSjpETCcfIiYRr8Ow6EbVtnMmJhGPkRMIxciLhGDmRcIycSDhGTiQcIycSjpETCcfIiYRj5ETCMXIi4Rg5kXCMnEg4Rk4kHCMnEo6REwnHyImEY+REwjFyIuEYOZFwjJxIOEZOJBwjJxKOkRMJx8iJhGPkRMIxciLhGDmRcIycSDhGTiQcIycSjpETCcfIiYRj5ETCMXIi4Rg5kXCMnEg4Rk4kHCMnEo6REwn3X5g9yEisRJE5AAAAAElFTkSuQmCC" alt="" /></p>'),
	(2, '1', 'demo@qq.com', 'demo', '<p>测试使用<img src="data:image/png;base64,iVBORw0KGgoAAAANSUhEUgAAAPkAAADdCAYAAAB5ctSwAAAPwElEQVR4nO3de1xUdf7H8ffAELcR3drE+0MZ7Lc/RU1pW7mYm8ZtzQ3ELFMj91feW7URsMz72nIR0VBBUVtTN2vLS5cV8adpiZfK3cQ2TYEQDQFNEgYUZZz9A2YUZxhuM0N8ej8fj3k8ZM6Zw3eo13zPOXNgFHq9Xg8iEsuhtQdARLbFyImEY+REwjFyIuEYOZFwjJxIOEZOJBwjJxKOkRMJx8iJhGPkRMIxciLhGDmRcIycSDhGTiQcIycSjpETCcfIiYRj5ETCMXIi4Rg5kXCMnEg4Rk4kHCMnEo6REwnHyImEY+REwjFyIuEYOZFwjJxIOEZOJBwjJxKOkRMJx8iJhGPkRMIxciLhGDmRcIycSDhGTiQcIycSjpETCcfIiYRj5ETCMXIi4Rg5kXCMnEg4Rk4kHCMnEo6REwnHyImEY+REwjFyIuEYOZFwjJxIOEZOJBwjJxKOkRMJx8iJhGPkRMIxciLhGDmRcIycSDhGTiQcIycSjpETCcfIiYRj5ETCMXIi4Rg5kXCMnEg4Rk4kHCMnEo6REwnHyImEY+REwjFyIuEYOZFwjJxIOEZOJBwjJxKOkRMJx8iJhGPkRMIxciLhGDmRcIycSDhGTiQcIycSjpETCcfIiYRj5ETCMXIi4Rg5kXDK9PT01h4DEdkQZ3Ii4RSDHvXTt/YgiMh2OJMTCcfIiYRj5ETCMXIi4Rg5kXCMnEg4Rk4kHCMnEo6REwnHyImEY+REwjFyIuEYOZFwjJxIOEZOJBwjJxKOkRMJpwSASz9caO1xNFnnrt1bewjUTCqVClqttrWH8YvBmZzsylutxtxoTWsP4xdF2doDoJbxVqsR4O/Xom1kHTmKnNxcK42oft5qNZKXxyM373ubfy+6QzHoUT89d9dt77Ehgfjs88NW3+7Huz6Au7t7i7ah1WoxMmK0lUZkniFww656RuY+FBUV42T2Kbu8wPyScSa/y4xpUwAAq9emtfJIGufhAf3h7u6OvZn7kJG5z+w6KpUKAOo9Bg4NDkJIcBAeHtAfX5/MttlYvdVexrGoVCqMHhVhXJaRuQ9rUtfxON1GGPldvNXq1h5CsxQVF9cbaEMvXA8P6G+zcQE1P1NvtZfxRSg2WoOT2acwSxONwAB/BPr7ITQ4CIH+fpg9J5azug0068Sbz8QUHMrOQeHFCziUdPeSKLyXfQGFF+++fYokAOg5CVuO1jymMHsXFjxmjeGTJQ8P6I/IiHBERoTbPGZzDLvosdEahAYHISNzH+IT7/wPczjrCOISkxCfmASVSoXY6FeMsz1ZT5Mj7zF1O95fOAz4dBUm/KE7htY5UeoMKKtwYmV3dOlmuD0ODQBMG4tA3R5M6OaPtAs+GDUxHMAwJO3/F96baqVnQ0Y10dz5jxMbrbFrQHcfg1dUVNQJ/d69CsPuurdajdGjwu02xl+KJu6uByB2XAB+yojC0JkHzCzvDU+PKhT/2LitDU+ajxHVOxGc2rRRUOPcPWva092BxycmISc3DyuTEowvOubOH7y/YydGj4pAZEQ4/vb2VnsPWbSmRd7zWfj2LAOqUlB40QMAUHZyM6aPeB37ASCyI9rDGT3mXkDhUgAVF3D47dcxZtkBYO07ODwkBlsuhgNlJ5D2bgAWzL6GtyKWosDqT6thM6ZNgdrLq859aq9eAIDk5Ql17s/Ny2szJ+MMtFqtTU+k1efewA1Bz9LENBh6RmYmoiaMh7dazWNzK2ra7nrQg+gAD3So2I7pgd0xeMYuFP8mCstWB9Qsv/wfnDr5FXYsCEOXwGex6mR7BL4UjWU9AeSvxwQ/75pd+D5vwnPSH1C27WXE51v/STWWQqFo1I0ap5OnpzHwNanr6oSck5uLWZoYADWHDoEB/iaPLyoqBgCoVC17S5DqasbZ9Rx88sel2AkA+S/jneeGYcH/hgPIAj5LwITP7qwZP2Y7hudPwm+jACy+c//wtL9geOEqvNp+Pc7k+8ADVSj4/wQMfnF9y55NE5ibmVcmJQIAZmmi7TYOW1GpVMY9E4PcvO9t+jZVUXExso4cRUhwEEKCn0BG5r46389wvJ2bl2d2L4Mn3WyjaTP5d2X4Ce3R8RnziyMSduHQhpctbyNoPZb5F2BlTBXGPuWJ7AX+6PLSAbg8EYEFTRoMNeTVmGisTErEyqREvBpjnxeuuMQk7M3cV2e3HQDmRmsQEhyE3Lw8zNLEmH2x8VbXHD4ZZnSyjqZF/tlmZOU8iMCpKRjbH+gRnoKxvh4oOL0LALDzmjN6PDEWGyb6APDBxA1h8ME3+HKzYQO+SJr7CApSo5GWDwDOAPfMbEKr1SIucbnx67jE5Xa72OTe0GMbEbhKpUKAvx9y8/JQVMzIramJu+tZ0Pw5AR3XzUTSPy8A1VUo+GI95s3Iqlm8bBKWdHwbsQv33Dnxlp6Iecbj7hPQDB9U++/NWLf7WayJPYLC2t31JdZ5TlTr65PZ+GDnLuO/7Smu9sx+SHAQvNVqi4EDwIypk43H8mRdTT8mz07BBL+UehZewFszH8dbMxu3qf3zw/Cb+U0egc201TO6np6eGNC/n9ll//76JADUu9zT09Nm4zKE7u2ttjiDT586GSHBQRYvz6Xm4y+o2MnP+RdUKioq8GR4pJVGZMpwXB475xUUFRcjJzcPKnd3eHurEejvB5VKhb2Z+7Ca16/bBK9db+NenDwNoSFBLdpGxl7bzp5arRahwUHo7e1t8tZZbl6eydttZF2cycmuvNVq4/vgRUXFPMlmB5zJya7a6nmPtkwJcFYkkox/441IOEZOJBwjJxKOkRMJx8iJhGPkRMIxciLhGDmRcIycSDhGTiQcIycSjpETCcfIiYRj5ETCMXIi4Rg5kXCMnEg4JfS3W3sMRGRDSielU2uPgYhsSDn9dojFFV6/yE+0IGrLlC6OzhZXcOBH9xK1aUqlwvJfZebncxO1bUqlooET7IycqE1TOiocLa7AxInaNqVDgzO5fQZCRLahbKhhBSsnatMcFAoFLN2ayt3dHffdd1+9y52dLZ/Nl8TSz4HIXqzygYddu3XFuPHj8fQzz6BDhw4AgNPffoutb2/Bh7t348aNG3ByckL6po0ICAzE3JgYfPCP97EmLQ19+/Yx2d6tW7eQdTgLqWvWoLj2Uy8H+w1GXEKCxXEMG/p73L59G+e+zwMA9O7lBQB4bvw4TJo8Gdu2bkP6uvrf939zzWr0798fM6ZNxzenThnvHzHySUTHxECr1WLCc+NQWlpa53FPjxmD6S/PwNWrV/H8uPHo3KULBg4ciPLycuj1emTs2dOInyKRbShbujs+2M8PG97aBBcXFwA1H2jv5OSEPn374o34ODw3YTyixo2Hu0qFwCFDAADhEaPwwT/eR6dOnujW3fyHLfby8sJjvx+KyKfCUVpaChcX13rXNTDsedy7B6JStUO37t3Rvn17i4/v2LEjunXvbjIDf/LRx3h27Fj4+ftj6RvLMGPqNOOyHj16YP6ihXBzc8Nfl70BrVaLPn36oFPnThg4aBDe3b4dvR96COfOnrX4vYlspUUz+cBBA42Bf7T7Q6SlpuK7M2fg6OiIJ4KCMFujgY+PDzZv24pnIkcjbW0qHh/2OFauWFFnOy/96f9w5swZ49cqlQpJycno07cPxo4bh7WrVxuXHcnKQmx0jNnx6HS6ljwdi2I0c/DPvRkIDQtDeEQEdu3cCQcHByQmr4Cbmxt27tiBvRkZAAC9Xo/Lly+jsvI6Kioq4Oho+R0MIltq0W+hzZw9Gy4uLtiYvgGzZ87Ed7Wh6nQ67M3IwJjISOScy4GPjw9GjHwSyxMSMCI0DCe++qrOdq5cuYJLhYXG27mzZ7E65U0AgE+/fnXWvXHjRp11777Z0qVLl7Bk0WIAwMLFi9C5c2dMmjIZvr6+KCwsxOKFi4zrnj17Fjeu30Bubg4e+p+HcOb0aZuOjciSZkfey8sLgUOGoLy8HKuSk82uU1ZWhpRVqwAAz0dFNX5QDg54cuRIAMDlkpLmDtHqdu7Ygb17MtDOwwOp6evx51mzoNfrEaOZA215uXG9M6dP48Pdu3H86DF88tHHrThiohbsrvernWEPHTyIysrKetfbm5EBnU4Hn3794ODggNu3TX+1dcOmjbhVXW382s3VDR7tPfDjlStYk5JSZ92AgEAcPnbUZBtHjxxB9Cua5j6dRnv9tdfg+4gvfHx8AAB/27QJx46ajken01n8uRDZS7MjVzrVPLTqRpXF9aqrq1FdXQ1HR0colUrcvHnTZJ0Hfv1rk/tyzuVg/rx5KLlnJnd2cUanTp1M1r//V/c3ZfjNVlpaiqVLlmBVSgouXbqEhPh4u3xfouZqduSFP/wAAPB9xBcKhQJ6vd7sej79+sHZ2RmXSy6bDRwA/vTCCzjzbc1xa0rqWvj6+uLQwYP48osvTNY9/PnniNHMMbm/qsryi401FZwvAACUFBfjZpX550T0c9HsY/Ljx47j/Pnz6NmrF4JD6v+d9CnTpgIA3nt3e73rlF4tRUlJCUpKSrBo/nzodDpETXwBvXv3Nln35s2bxnXvvl27dq25T4VItGZHrtfrsTE9HQCQuCIJoWFhdd6fVrVrh4VLFiM0LAyVlZV4Z9vfG7Xd09+extYtW6BUKrFo6ZLmDo+IarXoffK/b92Gbt26YdKUKViduhb5+fn414kTcHNzw2NDh8LNzQ2VlZWY+HwUioqKGr3d5KQVGDFiBH43eDD++NRT+HD3buOygMBAHPvSdDceAPx/N9jsiT2DqIkvYPTTo03uX7pkSZ2z4OmbNuKWmUOLsOAQk6vdiH7uWnxZa0JcPAoKLuDFl15Ez1690LNnTwA1M/3BA59iZXJynUtEG0NbXo74v8YhcUUS5s57DQf27zcuc3Z2hvODD5p9XEPX2ru6usLV1dXkfsPVegb1XRnHP6BBbZEic2iq+TNmtabmN+7ssUKhwG8ffRRdu3bFzVs38U32KZw/f97iYzw8PKB0csK1n34ye7Xa/Q88AAAoLysDALTz8LC4vas//mj2fldXV7i6udX7uAqtFlVVVcbx1Kf06lXo9Xo4OjqifYcOqL51C2W1YyP6ubLKL6gANTP3F8ePN+kxDQVyb7T1RdyQ69ev4/r16y0ej4FOp2v2WIjsjR+uQCQcIycSjpETCcfIiYRr8Ow6EbVtnMmJhGPkRMIxciLhGDmRcIycSDhGTiQcIycSjpETCcfIiYRj5ETCMXIi4Rg5kXCMnEg4Rk4kHCMnEo6REwnHyImEY+REwjFyIuEYOZFwjJxIOEZOJBwjJxKOkRMJx8iJhGPkRMIxciLhGDmRcIycSDhGTiQcIycSjpETCcfIiYRj5ETCMXIi4Rg5kXCMnEg4Rk4kHCMnEo6REwn3X5g9yEisRJE5AAAAAElFTkSuQmCC" alt="" /></p>'),
	(3, '1', 'demo@qq.com', 'demo', '<p>测试使用<img src="data:image/png;base64,iVBORw0KGgoAAAANSUhEUgAAAWkAAAD6CAYAAABj/rYXAAAgAElEQVR4nOy9eXDc53nn+en71/eFbjQO4iIJgodEkZIYUrQkS7blWIlsyx6XI7lcW/ZOaitOtuafzTU1m93J7FaqNlNxUqmJZ2InmWiSshOPEtuUS7Qs67JMkZIoiqJ4gMQNEFd3o++7+9f7B/S8ajBK4OggYfr9VLFIAo3uBtD1/T39fb/P81gqlUoboN1u02636fx3u92mXC7T3d3N+8nXv/51AP7rN/7qfb1fzXvjV37v2Xf8+LP/5WFM08ThcGC32zFNE6/XS61Ww2KxUK1WabfbuFwu1tbWaLVa2Gw2ms0mrVYLp9OJaZqUy2UGBga46667CAQC9Pb2EovFAJicnGR6eppSqYTD4cBiseB0OkkkErhcLgBM0ySfz5NMJtV9WiwWDMPA4XDgdrvJZrOUy2UymQzVapVWq8XVq1fxeDyYpondbqfZbOJ0OrFYLNTrdVqtlnp+5XKZYrFIvV6nXq/TaDSwWCyYpolpmuq28m/BMAysVivtdptPfOITtFotgsEgP/jBD6hUKkQiEcLhMPl8nt27d7N3717+8R//kUAggMViwWq1Uq/Xue222/jud7/LzMzMu/49/n9PVN/x49/6/fve9X3+rPPsD4+/5/v4wv/yZRr1OrV6jXqtxv9t/ZX34ZltjvW6PIrmZxqbzQaAxWLB4XBgtVoplUrYbDZsNhsWiwWARqOBx+PBarUq4bHZbJRKJTweD4lEguHhYfx+PxaLBZfLRb1eZ3x8nKmpKbLZLM1mk3q9roTaYrEoIWs2mwA4nU4KhQKFQoFGo4FhGNhsNur1Oj6fj3g8jsvlwmazEY1G8fv9tFot7HY77XYbj8eDxWKh3W7jcDiA9cJERN9ut2OxWGg0GjSbTWq1mhJsufBcW9C0Wi31fH/yk59w4MABnnrqKY4ePcrg4KC6WDgcDs6cOcO3vvUtAoEAzWYTl8tFtVql0Whw7tw5YrEYAwMD6ueq+flGi7RmU6SKttlsuFwunE4nHo8Ht9tNs9nEZrNhtVqVgLndblV1W61WHA4HXq+XQCCA2+2m3W4r4Z+bm2N1dZVWq6Vu4/F4aLfbBINBCoUC9Xodj8dDf38/brebWq2GYRgEAgFCoRCmadJoNNRFwWq1Yrfbicfj2O12+vv71W1arRbValVV0JVKhVKpRKPRwDRNms2musjI85dKWhBB7/y/vHuw2WwUCgWOHz9OKBQimUwSj8cZGRmhq6uL1dVVDMOg3W6TyWTwer00m011cSuXy7jdbn7xF3+RL33pSwSDwev++9ZsLbRIazbFMAy8Xi9utxtACbBUsVJlAsoGkCpQxH1paQmr1apE2mKxkEwmyWQyZLNZ8vk8pVKJcrmsRLpWq6kLQbFYZGFhgVwup6wNEWbDMHA6nRseV8Q8n88rwe+s+FutFs1mE4vFQrlcplQqUa1WqVQqFItFZXOI6FutViXMUjF3VrpyO3m3sbS0xM6dO8nlcsoicrlcyo5xOp3kcjkWFhZIJpPq+3A4HDQaDQKBALfddhu//du/TX9//3X7XWu2HvYb/QQ0Wx+73a4qX7E3ms0m5XJ5g1iZponNZlMiLL6xw+GgUqngcDgwDANYF+9CoUCpVFIVeLlcxuVyEQ6HqdfrVKtVHA4Hy8vLeL1eisUi7XYbq9VKsVhUVkqhUFAiWavVlKCWSiVyuRxutxubzYZpmhiGQbVapVar4XA4qNfrtNtt8vk8jUZDXRzq9TqA8pmvtR5CoRA9PT309PRgt9txuVwMDw8zNTXF7Ows09PThEIhrl69yurqKhaLhZ07dzI+Pk46nWbfvn28/vrrFAoFLBYLtVqNHTt28Eu/9EtEo1FOnz7N9773PaampkgkEvj9fiYmJtTFUPPzgxZpzaaI6IkfLRVnvV7Hbl9/CYkItlot5fPKwZoIaCKRIBgMKtFfWFggk8ng8XgwDINCoUAkEqFQKChLo1AoYBgG2WxWiWm1WsXlcqmKGFAec71eV4+TSqVU9SoVtd1up1wuU6/XlUUjdka5XMZqtar7E6GWC5TP5+O+++7j0UcfJRgM8uKLL7K4uKju/8yZM3z0ox/lgQce4Pz58zz//PN89rOf5R/+4R+YmJigVCpx++238/zzz/P000/jdDrxer3KdzdNk4sXLzI+Pk673SaVSinrZmxsjOHhYV588UXy+fw/+7vSPvbNhxZpzab4/X71lr3ZbNJsNjFNU1WunUIJqGpPrA1JOoyOjrK4uEgikaBSqbC0tITL5VJpi66uLqrVKna7nWg0qu6rUCjgdDoJh8Pq0M7hcNBsNrHb7ZRKJeWFBwIBKpUKrVaLer1OLpdTh5EWi4VisahsEfHT5ZBTfGuxWKxWK61WC4/Hwxe+8AXuv/9+XnvtNb72ta9x66238vLLL5PJZIhGozidTorFIo899hgPP/wwMzMzbNu2jW9/+9vUajW8Xi9TU1PY7XbuvfdeTp06pfzxaDTK0NAQTqeT1157jYWFBUKhEHv37iWTyZBMJsnn88RiMX7913+dH/3oR7z88svv+LsaHh6+Dq8IzfVEi7RmUzqr42q1SqFQUAItvrAkJwzDoNFoKN9akhJOp5P5+XlmZ2cJh8Pkcjna7baKwol14vf7cTqdAKpi9Hg8lMtlarUagDp0CwaDtFotdWhnmibFYlHFAkV0xe8W/1wOGOVCI0kNu92urA654CQSCX7/93+fcDjMX/zFX3DhwgXsdjuRSITf+q3fYm1tjddff11V99VqFb/fzy/8wi/wwx/+kIGBAebn5xkYGODSpUtUq1WKxSJ33323ivqVSiUuX77M+Pg4wWBQHSZevnyZ7du3YxgGs7OzNJtNDh06xK/92q8RjUZ58sknN/yeHA4HmUzmurwmNNcPLdKaTZFDtlKpxNLSkrIBJKYmotpoNHC5XBvSEU6nE4fDgcvlwuv1cvjwYbxeL7Ozs4yPj2Oz2QiFQvT29uL1etWhWbFYVJ601WrF5/PhcrmUbREKhZQoSkTP6/Vis9lIJpO0Wi0Vmbt48SJWq5XBwUGcTiftdlvZHHIoKMkMQEUG9+3bx7333suZM2d4/fXXabfbfOQjH6FWqzExMcFTTz3F9PQ0q6ur6mDVMAwymYyq6mu1Grt37+aBBx7glVde4fvf/z71ep1YLKYigi6Xi6mpKdrtNo1GA6/Xq5ItU1NT9PT0cOutt+Lz+YhEIlQqFT7/+c8zMTHBlStX1O/C6XQyNDR0Y14kmg8MLdKaTWm326TTaRYWFpSt0Gq1qNVqOJ1OVS13ip0kI5rNJo1Gg3A4DKxXe9VqlbW1NQqFAvPz8wSDQVwuF36/Xz2WaZrKs/X5fFQqFSVgNpuNTCZDoVCg3W7j8/lUM0hnw8ra2hpLS0sEAgHi8bi6qEgVfa3dIX/a7TYjIyN86lOfolwuMzk5SSKRIB6PMzs7y9zcnHqOg4ODLCwsMDc3p57L0aNHVR780qVLjI6O4nQ6uXLlivLKp6amuHTpEolEgjvvvJOxsTGy2Sy1Wo1MJkOr1VK58mg0Sl9fHzMzM/zlX/6lOqi87bbbmJubo1arEYvF+NCHPsT27dtv8KtF836jRVqzKblcjunpaex2O16vF1ivNiXvLJaDHLqJ0NntdpVJzmazLC8vKxF3OBzccsstGIbB3NwcqVSK7u5uDMNQCQy3243H46FWq1GtVpVYWywWurq6WFtbo91uUywWcbvdqkmmVqtRLBYplUqsra3R399PKBSiUqkoUZb0h6RB5Hnb7XZGRkb46le/SiqV4vXXX+f222/H4/FQKBQ4d+4cKysrGIbBkSNH8Hg8bNu2jWw2y+zsLI1Gg3Q6TaVSweVyEY/HGR4e5uzZs/T29qpuyHK5zB133MH58+c5ceIEt99+O1/4whd44YUXlI/f3d2N1+ulUqnw13/91zidTpUZHxsbIxgMcuTIEc6ePcuHPvQhQqGQepejuXnQIq3ZFGlRlhyvROZ8Pp+yNDozxHa7HYfDoQ7oXC4XHo+HbDZLPB5ndXVVRe3GxsYYGBggnU6zvLzMyMgIbrdbNcEUCgX19r/ZbCpvXBpr7HY7lUoFq9XK8vIyHo8Hp9OJzWajVqvR09OD0+lUh4wOh0N50LVajUKhoL5POeD8jd/4DcbHx8lms3i9Xrq6upiammJoaIi77roLv9/P3r17GRgY4Mknn+T8+fP88i//MocPH8blcjExMcFLL71EV1cXsViMRCLBc889h8/nw2azqe/P6/Wqn528S7nnnnuo1+ssLCzw4osv4nA46O3tJRgMYrVaCQaDuN1u1fJ+5MgR4vE4pVKJN954g4MHD17nV4fmg0Y3s2g2pdVq4XK51GFaPp/HMAzVRi3WxrUzLqSxA1BpicuXL2O329XnPR4PwWCQaDSqqmKbzYbf7yedTuN0OqnVathsNrxer5rjIe3dpmlSq9VoNptK/PL5vGq2cTgc6nbib0vWWuwZifKZpkk4HCYSiXDlyhXGx8eZn5/n+eef57HHHuNP//RPyeVy/Oqv/ioej4crV65w4cIF8vk8586d48qVK3z1q19leXlZXRjS6TTlchnDMKjVavj9fpU2OXHiBE6nE5/Ph8fjUd50JBLh6NGjyv6RdxVut1tZOY1GA5/PR6vVolgsMjU1xZUrV9i5c+cNe51oPhi0SGs2xeVyEQgElKBZLBYliNImLh1z0l4tVa7NZsMwDCXk0mFYr9dZWlpieXmZdDqt5m7A292CoVBIHRQ2Gg1qtdqGxIgMRJIDS4nYSZzObrfj8XhU1d1oNFQaRfzrZrNJpVLZIPLnz58nFovhdDqJRCJ4vV62b9/Offfdx7e+9S0effRRnnnmGU6dOkU+n+e+++4jGAxis9n40Ic+xMzMDJ/97GdptVqMjIyog9VQKMRXvvIV/t2/+3fKzujt7WVwcJBwOMzs7Cwvv/wyTz75JBaLhc9//vPqANHtdrN7927ldUt8b2VlhQMHDtBoNIjH4xw7duxGvlQ0HwDa7tBsiqQWTNOkUCioak46CEW8RZBFFKVTTxIgNpsNn8/H6dOnOXDgAOFwGNM0SafTGIZBsVgkFovhcDiIRCKsrKwogRPhl/SENJvY7fYNVkgwGKRcLuP1elV1LlW+2BySoZZ3AjKcKR6PE4lECAQCKmr44Q9/mMnJSW6//XblQ//xH/8x4XCYxcVFwuEw1WpVece5XI4vf/nLADz66KMUCgVOnjyprJWZmRn8fj8DAwNMTU2xsrKC3W6np6eHtbU17rzzToLBoHoen/nMZ1heXsYwDOLxOKZpMjY2htvtVh2Vg4OD3HHHHUxOTpJMJm/Y60TzwaBFWrMpkmWuVquqddvtduP1eqlWqzidzg0pD0lPiD0iiQyHw6FiaZVKRR1EulwuKpWKqpili1EODaUjUe6vt7dXjTQFKJfLANTrdVXZi4BLF6IcKPp8PnXoWS6XVZa62WwyOjpKKpUim82qg02bzUYikeDNN99Uh54yplVsoFQqxcLCAjabjeHhYUzTZHFxkXg8ziuvvMKuXbswDINyucypU6fo6upi9+7dzM/PU6lUWFxcJJlMYhgGoVAIq9XK1772NT7+8Y/T1dUFwPe//30GBgaoVqvkcjlGR0cZHh7m6NGjhEIhlpeXMU2TM2fOXO+Xh+YDRtsdmk0R0c1ms8pDDQaD1Go1yuWyEktAzcnorF7FB/b7/bhcLkKhEGtra0pM5TBNvFpYbyyRxhZJX0h3YiaTUbZLs9lU4t5oNKhUKsriEPGVcaM2m41KpQJApVKhVqthmqYaN9psNllaWiKbzXLw4EE+/elP8+yzz/KTn/yE1dVVfuVXfkXNzp6enlbzP6xWK/F4nIMHD5JIJPB4PBw/fpyrV6+q789ut6uWdvHsJbMtLem9vb34/X5WVlbwer3s2rWLAwcO8PLLL9Pd3U00GiUSiRAMBslmszz33HP8j//xP3j11VfZvXs3Fy9evP4vDs0Hjq6kNZvidrupVCo4nU7VRCKVqDSSyFjPdru9wR6RDLJhGNjtdnw+nxKi3t5etThABiqFw2ElwPV6XeWkZa6GVPWSo5aWcBF+r9ervPDO2SKAamcXcZfhStL40mg0GB0dVVPnTNMkHo+r1vDz589z8OBBWq0Wy8vLdHV1EY/HMQyDPXv28PTTT7O6uordbueP//iPeemll5ienlbjUIvFIk6nk7vuuovHHntMVfXSnXnx4kXuvPNOBgYGOH36NKlUiv7+fhXVCwaD+Hw+NR1QJgHOz89z9uxZqtWqasjR3DzoSlqzKTIqtLNylQ43aThpNptqTrLMapaqWywQqWJ7enpIp9PK315eXiafz9Pb20t3d7ea7ywT80TcpZsRUBWtjCEtlUrq4iF0jg8Vq6RUKlEqlQBUBQ7rgnzu3DlGRkYol8t8/etf59//+3+vfHGXy8XVq1eZnJzk3/ybf8M999yzYdD/6uqq2r6ysrJCpVJR3vni4iKtVovdu3dz9913qwPHXbt2qYy5/MzOnj2LzWajp6eHY8eO0Wq1GB0dZXR0lJ6eHtWFKTO9DcPA5/ORSqXU8CjNzYUWac2miCUAqPZuqT4lNdG5vUUGK3UONpLUh2ma+Hw+YrEY8/PzlEolIpEIDodD2SFyn51WifxpNBrKMshkMtTrdZXwANT2FrFd6vW6GqvaOW9EhjCJ3dBut7l69SrPPfccTqeThYUFLly4wGuvvcaPf/xjXnjhBUzTZMeOHaytrREMBlleXub06dOsrKzw0ksv8eMf/xjTNHnkkUc4fvw41WqVgwcPkkwmOXToEIcOHWJ+fl5FC4PBIA6HQ80kkXRKsVhkx44d7Nu3T41ttVgsbN++nXvuuYe+vj51UCmztcU6qlbfeXWW5mcXbXdoNkUG6osgyBxmaU/O5XJ4PB51kGaaploQIOIqVoUkQOLxOK+99ho9PT0sLy8Ti8V488032b59O9u3b98QtZNMtHQIxmIxVSGvra2pCjqbzVIsFgkEAsD6waNU753rr8SvlouGDFqy2WyUy2Wef/55Pv7xj/PGG2+wuLjIa6+9hsPhIBQKsbq6ytmzZzlz5gxer5dYLMbZs2eZm5ujp6eHvXv3kkqlsNlsBAIBEokE27dvZ2JiglqtxuLiItFoVMX9uru7mZ2dVVV5u93m5MmT/M7v/A7ZbBaAp556Co/Hw7PPPovD4WDHjh3s37+fy5cvMz8/r0a6+v1+XUnfhOhKWrMpkowQMZRmFElPSPUrSHOJ2BmdHYmlUgnTNPH7/aoJRHxrQHm6nY/TOadafFmAbDZLIBBQ1ojb7SYcDqtxpHLhEIumc3Y0vP0OQTLdTqeT5eVlotEolUqF/v5+7r77bj772c9y4MABkskkMzMzlMtlRkdH+dznPkdvby+9vb18+ctfJhqNcvz4cb797W+rdxxDQ0PceeedmKZJIpFQrexWq5Vz585x+PBhdcER8vk8MzMzTE9PMz09TTgcZmhoCLfbTS6X4/vf/z6PPfYYDoeD/fv3s7a2ptaZdf4eNDcHWqQ1m3LtvkJpDZctLNLIAahIHrzdZSiDlmQ0Z7PZxOv14vF4uHz5MouLi5imSTAYVNWg+N9SccphoGmaG5YOWCwW8vm8WnlVrVZVRer3+zdsVhFrQywRq9WK3+9XHX/ip//oRz+iUCioVVpPP/00a2trhMNhDMPg1ltv5cCBA8zNzVGpVOjq6lIHmocOHeKee+5Rcz/sdjs7duzgyJEjuN1ujh49qmaYyDuF4eFhtYDAarVy5513csstt7B9+3ZOnDhBd3e3et71ep2uri6uXLnCsWPHcLvdXLx4kQceeIBCocCRI0du2OtE88Gg7Q7NpkQiESKRCDMzMyo2ViqVcLvd6lCwM+0hlbPX61Wbv2E99iapD8Mw6OvrY3Fxkfn5eTVcSRYCyJyKcrmsEhrSYFKr1ZSPWygUaLVazMzMqGl4Ymd0zuoQWwPeXk4gW8PFahALJJfL8fjjj/ORj3yEK1eukEql1FyQXC5HMpnE6XSSTCYZHByk3W7z4IMP8sgjj/Dcc8+xurrKrbfeSn9/P8eOHWNlZYUvfOEL/Pf//t+55ZZb+OhHP8q2bdvU849EIrzwwgssLS2xZ88ePvaxj3H69GmWl5fZtWuXeheTz+cJh8Ok02lisRjVapU/+7M/U+NLE4mE+rlobh60SGs2pbM92zRNVldXN2wQ93g8KsIm3YZieXTmmSVtIQmF7u5uLBYLpVJJje0cHR1Vm16k6UW6+qTlO5/Pb5jtUa1WVRIE1u0COdg0DINcLqcOCSWNIXMwZNyptJFLdV6tVvne976HYRjs3r2baDSK1WrdkMMeHR1V38fXvvY1tm/fjtVq5a677sLn8/HEE0/wyiuvAJBKpXjzzTfx+XysrKxw9uxZBgYGVCfi4OAgIyMjatfi/fffz9TUlFrW6/P51OQ+GbYkkwXz+TzxeBy3283U1BSHb8irRPNBoUVasyn5fF75na1Wi/7+flKplKqQxUqQBpZisah294ngOhwOSqWSiuu1Wi0ikYjKQ2ezWTKZDPv27VNDiMSHlnkbss5KlgjYbDYVDWw0GirGZrFY1EjTzu3k8HZ7uTyfzkNEeVcgzxnWDxxfffVVVYlHo1G2bdtGb2+vOtwcGxvD5XJx9uxZ9RgnTpzg+eefp91u89BDD/Hcc8+RTCaZm5tjdHQUu93OwsKCslwkf16pVFhYWGBkZITt27erppbh4WG++c1vKl9aLmCFQoH9+/dz6dIlwuEwr7/++nV+dWg+aLRIazZFhDUSiZBOpxkbGyMcDpNMJgmFQgBqGp1UqIDaRSjRN5n5IYLr8XiUvy0VrNVqVd2H0iouWK1WtfVE5l3IXBA5kBSxliYVWU4go0oHBgao1+tqkp8MbgLUIWXnY3ZO8ztw4AA7duygv78fn8/HpUuXGBwcVNXu6OgoR48e5amnnuI73/kODoeDT33qU+zZs4cf/OAH1Ot1Jicn1ajTer2uEh8ixrL55pvf/Kb6fKlU4pFHHuG2227jhz/8ISsrK2SzWex2O3v37mVkZIS5uTnK5bJK1WhuHrRIazbFYrGQTqcJBoOk02my2Szbtm2ju7sbh8OhYmBSjcohmsT0OittqYRlw0swGCSXy6kDPhF1+Xrxp2URrny+VCpRKBTUfcsBomEYBAIB5VXLSi6xLQAWFxfVYaZcUCQBIp2VIs7ird92223s3LmTbdu24ff7cTgcRKNRPB4PVquVlZUVtXNwfn6eRqPBr//6r+N2u/n7v/97rl69SldXF5lMhnPnzpHJZIjH40SjUWw2G7/wC79AT08PFouF8+fPqy5NefewuLio8t6ZTIZqtcrhw4fp7+/niSeeUJ2fkUjkhr1ONB8MWqQ1m1IsFnE4HITDYcbHx9XGFckhOxwOstmsEjabzaYOGKVV2el0Kn9amlFkw0rn4WAul1MHfLVaTU3Vk2y2YRiqmUTEHlAWiFgngGqb7u3tVa3e9Xodv9+vxF8uDpKhlmQKrFfu/f39dHV14ff7aTQaau3X6uoqO3fuJBAIEI1GaTQa9Pf3k8lkGBoaYnp6GrfbzTPPPMPJkycJhUKqkl9aWuLKlSssLS1x7733ctttt6mMtwh8vV4nmUyyurpKrVajr6+P5eVllbd2u93s2rWLN954g7m5Ofbs2cPa2hp+v/96vjQ01wEt0ppNkapXhgCVSiXi8TjNZlOJl8yzENshkUgAKDGWphZANV+4XC6i0SiLi4vAejV7/PhxKpUKR44cUYkRl8ulZnRIJT45OakqZBmoLx13IsCyRfyWW26hWq0q31tSH5KnlsNOsTvkQgPwwAMPsLi4qA45ZSrfyMgIrVaLVCrF6uoq5XKZSqXCxz72MeLxOIcPH+bxxx9XMzjq9Tq9vb1YLBZlkczOznLs2DHlLXu9XtLptIokSjfloUOH1PqyVqvF0NAQR44cUVtlQqEQwWCQN998k+Hh4RvwCtF8kGiR1myKzGqWJhSpPqXqlBkeUi0vLCywuLio2rztdjuGYahRoiK0zWaTaDS6YdZzuVwmEokwPDzMK6+8QrVaVTM72u02hUKBTCajtqhUq1VKpZKalicJE7FADMNQKROZhCcXDNn60rmpRap4t9vN7/3e73H58mXlkYuPnk6nKZVKqosxHA7zwAMPcMstt+BwOJSd8uqrrzIxMaG+r1QqRU9PD8VikW3btikvPZVK0Wg0mJ6eJpVKqUNOmeD32muvcfjwYcrlMocPH6Zer3P8+HH8fj/d3d14PB4AlU7R3FxokdZsimmadHV1kUwmabVaaha0WAzSQOJ0OlldXVVxvbW1NRVZ8/l8DA0N4XK5KJfLOJ1ONZBJ/GqxQwYGBhgeHubixYtKeJrNporhyahUSYjk83k16H9tbQ2r1Uq5XCYejzMwMEA2m1WzsGXXolgsgUBAeeoul4vV1VWcTicPPfQQFouFVCpFOBxW3YIytc7n87Fnzx5sNhsHDhzA7/dTLBZ57rnnGBkZ4fLly1y+fFkdhnZuQR8eHubcuXP09/czMDBAKpVSQ5bkZyGt8C6Xi9HRUXVBO336NIcOHSIejzM/Pw+gNouPj4+ztLR0g18tmvcbLdKaTXG73SSTSZLJpGo2EfEplUoYhqFExuPxEIlEyOVyGIahVmPNzMywtLSk8r47d+6k3W4zMTGxIZFhs9nYtm0bzWaTYDBItVplcnKSPXv24PF41JIAi8VCJpNRrd5SFUtUUA7XAoGAEm35vKQ5pItPFtAmk0klqIcOHeLNN9+kt7dXpSl8Ph+33norR48exWKxMD8/Tz6f56WXXmJiYoIzZ87QaDT4xCc+wTPPPKOqcnksWD+0TKfTjI6O4vP5VKpFbrNz505isZjKesvPUd4p7N+/n/Hxca5cuUI8HqdQKKguRIDl5eXr/OrQfNBokdZsSnd3N1evXlWZ5UNaY9wAACAASURBVLW1NdWYIj6q1+tVXrMcFqbTadU8Iv7twsICjUaDS5cuKYtDqmgR6XA4TDabJZ1OMz09TTqdVt2Nkm8ul8vK/pBpdzLiVPzpvXv30mw2VaYa1q2ZQCCg4nriMYvlIYeZckApM6N9Ph+JRAKLxcIPfvADDh06xHe/+12OHTuGYRgMDAwoEZ+amuLFF1/c4MeLRw7rB6Lnzp3D5/MxODhId3c3TqeT3t5e0uk08/PzKs+9Y8cOVaVXKhVWV1e5evUqxWKR3bt3s7CwoJb3hkIhUqnUDXudaD4YtEhrNqVQKGC1Wunt7aVarRKPx3E4HGp+hoizJDekMpSWcJktLbeBtyvLzjGksC7YfX19ynt++eWX1deGQiElzNJaLp13Mt5UHlOGMEkV6vf7VU5bqnaZMyI+u/z/tttu48c//jFdXV1qTZXH4+HixYs8/vjjvPDCC/T29hIOh+np6WF4eJienh6OHj3Kt771Lf7hH/5hw+hWyWxfS7FY5Pz583z605/GYrHw7LPPKqvDZrOpw8Bz586RSCRIJpPE43H27t2LYRjccsstlMtljh07pjxyPfT/5kOLtOanQqpbEUxZ5CqD5uVwT/YWptNpNStZLAnxnEWQJacs0T0ZZyqZZTn8W15eZmVlRW0sb7fbrK6uAm+LvXQZirURCoW4dOkSd911F41GQ63iKpfLqlGmt7eXmZkZlerwer08+uijRKNR5ubm2LlzJ319fczNzXHu3Dm+853vqG6/YDDIn//5nzM5Ocnjjz/OysoKv/u7v8uVK1c2HEB2TrjrnHQn3HHHHQwMDDAxMbHhgDSdTiuveseOHepxpTovl8skk0n8fj/bt29X7xAk8aG5edAirdmUWq2m2rw7Z3OIqEhnnDSxiEfd2b3XOcBfvGAZTypIm7VU5jJ72m63MzMzw65du8jn89jtdoaHh7Hb7SrpIflnuX9YT1S0Wi0Mw8Dr9RKPx5mcnFT+riyiFeHr6enB5XIxPT3NXXfdxbe//W2mpqZotVr4fD7uuOMOIpEIk5OTfOUrX1EedKVS4amnnlIC2XmB6ZwL0rnKS/jsZz9LLpfj4sWLRCIRlQsvl8vKr3a73SwvL6v7kPZ30zRV5RyNRjf425qbBy3Smp+KfD5PIBBgeXmZ7u5ums0mPp9P5ZJN0ySfz6sKW7a3dDavdDapiL8sIi7T66QJRrxiua90Oq2SHdKJuLa2pu5f9i/Kyirxd3O5HIlEgq6uLmZmZtRzHB4eJpfLKVHz+XwUCgXefPNNyuUyTzzxBF1dXdx9991kMhnGxsaIxWIEg0EefPBBLl26RC6X4xvf+Iaq6oXOWSGSwxZR7UTifBMTE/T09JDL5dTHOw8yLRbLhsNSyVED6t1AV1eX8to1NxdapDWbIjG7UCi0Ye+gDNQXC0GEUg4PA4GA2r0nczhERGSjuIi07O2T1nCpwmUWRbFYJJPJqCaUarWK2+0mk8moirhWqymxHxsbY2VlRVXaFosFv99PMBhUtohE++x2O8VikUQiwZtvvsnVq1fp7u5WPve9995LMplUm2FeffVVjh8/TiqV2nA42EnnOwipdq+9zR133MGzzz7L7t278fl8OBwOzp49i8ViURcQ6YYMBoMUi0XcbjcPP/yw+rnm83ksFosSdhF6zc2DFmnNpvh8PpWEEJEDVATP7XZTLBbVvkLxfEWYRZw6Zzdf69XKMgERJamQfT6f2qoiM0PEn5XYX7FYZHZ2FsMwVLa43W6TSCTUWFWr1crg4KBKm9TrdSKRCKVSSTWNpNNptm3bxsjIiJohffjwYTXP4/HHH+fy5csUCoUNC3mvFd9r6cyCC5LceOWVV/jUpz7F5OQkf/d3f6cidJ0/G8l3NxoNBgcHWVxcpF6vs2vXLj7ykY8wOjpKLpdTCxI0NxdapDWb0mg0VFebzWYjkUgoi0HE0ufzbfBFA4GAEmk5SOschtS5MUUODJ1OpxLEgwcPMj4+zsWLF6nX61itVtLptGpCkZ2HMijJYrHg9XrVhDyZb10ul6lWq/T19RGLxfB4PAQCATXBTw4+Zezq2bNn6e3tJRaLqRz3M888w8LCglpm2ymgMqf6nfiXRPxzn/sca2trHDx4kJWVFdUm7nQ6iUajLC8vb0jCDAwMMDs7i9frxefzqXc0rVaLcDjM9PQ0+/bt2/SCofnZQ192NZuytLREpVIhn8+rGc6ywQTWRVwsDpk9LVWt2CKAqvJk7rT8X9ZyyYFioVBQG7BltZXH46FarZJMJpWvLPG6oaEhdu7cSTAYBCAejxOLxbBYLIyMjDA7O4vNZsPn8/Hggw8yMzOjDuGkajcMg2q1Sr1eZ3p6mnPnzjE7O8vp06eZmJhQvrvMD5GLDrxzakPojBiKgHo8Hh555BEKhQKf+9znsFqtHDt2DJfLxZEjR4hEIv9kWJXX66VcLnPu3DnOnDnD66+/zpkzZ5iamlLRQr/frza+aG4etEhrNkWG0dtsNjUCtN1uk8vlVMJDhjCJ+EmWWRpLpPlF6KympRoWS0XauGW+h1TaMsSpWq1Sq9VIJpOsra0pX7per6umlmQyqTzbiYkJNXb09ttvV/OtpZ1cZn54vV61bUbmcsj3ce0KLvkerrVu3gkRdLmN5KKPHj3KlStXeOmllygWi4RCIXw+H3Nzc2oRr9VqJZlMcvr0aQKBALfffjuHDx+m0WiwvLzM7OwsgUCAcDjMiRMn9MHhTYi2OzSbIgOMcrkc2WyWcDhMKBRibW2N3t5eleiQpg1ZCisHiyJiUhl2DjOSr5OOQ9M0OXfuHHv27CGRSBCJRNTCAEAd+nUKZ6VSURWuHHI6HA4ymQzZbJa5uTmWl5cZGBjA7/dz9913c+rUKbVh2+fzqSYXOezs7IKUJbGdqQ25wAAbPPdr7Qb5vsUXdzqdfOlLX2Jqagqv18vExASBQACfz0cqleKNN95QFw6Hw6G+3uFwMDAwQLlcxu/385nPfAafz8eOHTu4cOGCihcmk0m81/G1ofng0ZW0ZlNeeeUVUqkU6XSaTCbD3NwcqVRKpTpkvnS5XAZQ1bMIX2fDiaQ6OqNlskDA4/Gwc+dOtU5qbGyM7du3q+FHnQtvZca01+vF7/fjdruVZWKxWFhaWlILAGq1GidPnqTZbJLP57n//vvV1/h8PiXIcvAmyY9GowG8vRCg8+IgSJpEKvBrK+rOSttisTA2NsbCwgK9vb20222KxSL5fF755ZlMRv185KIXCoXweDwq7y2b030+n/Lno9Eov/RLv0Q0Gr1OrwrN9UJX0ppNkel3Moo0GAxy+fJltbk6FAqpZIbdbsftdqtMtVTAIlbd3d1qel0wGGRgYIBIJEImk6HRaHDnnXeytrZGsVik3W7j9XqVYFmtVnW/7XZbVcCdFwmr1crq6ipWq5WdO3ficDjw+/3Mzs6yurpKOBxmbGyMnp4e7HY7Pp9PzQGRsaedjTedlkznGNDOpbbX3vafs0QAPvzhD/Nnf/Zn/NEf/RHZbFZtu+np6SGZTKquQrn/np4edu/ezauvvqpWa8F6y30mk6FUKjE7O0tfX58a66q5udCVtGZTGo2G8pkXFxdZW1tTjSzpdHrDRhMRpGazuaGbT+Y333bbbTz44IOMjIywY8cOms2mGmm6uLjI4uIiXV1drK6uqmy23W5XIii+sXT6iQdtGIZaayWNHefPn+eNN96gq6uLarXKk08+SSQSUXOZy+Wy8qXFE5fKWMRVqmiZO90putIGf+3H5D46/y8NNsPDwxSLRcbHxxkbG+PUqVNqnZYcvoq1sX//fqLRKOPj42QyGS5cuEAsFmPfvn289tprTExM0Gq1OHPmDOPj4ySTSRWP1Nw86Epasyk2m41qtUqz2QTW7YzBwUEuXLigkh6tVkt10EllK9E5GfQviY9Go0FPT4+aO+12u6nX68RiMX784x/TaDTYvn07sViM/fv389JLL1EoFJQ3LZaJLJn1eDyUy2Xlg8/MzJDL5UilUgSDQa5evUq1WmVxcZGXXnqJO++8k8OHD/Pd734XePtgT+wZEWbxpGWvYqcPLemLaxMena3acmGRjz/88MPs27cPt9vN3/7t35LL5dR0QWmMabfb6h3GwsIC8/PzhMNhFUvs6ekB4Itf/CL79+9XCZf5+XkmJibo6+u7fi8MzXVBV9KaTenu7lZvs6XKlO0qgFoAUCqVgHVBktGaUmk2m01CoRCLi4ssLS2pNnNYn4E8NDSEx+NR4zdffvllTNPE6XRy5MgRdSgocTwZ2CQ2xbVVq9gWAIFAQG0GP3bsGAADAwPce++9OBwOlQHv7HKUyt/pdG44wBPk352Hhp236fSt5d+33HILf/RHf0RfX58anhQOh/H5fNx7773qdlevXuXUqVMquSGplfHxcZXz9ng8pFIpkskkNpuND3/4w9Trde6+++73+9evucFokdZsit/vx2KxKH/Z4XAo4atWq1SrVQzDUE0s0iEododUk8PDwyQSCUZGRpTIAGomhc1mY2lpiXg8TiaTwel00t/fz/79+5VQOhwOVZHLgaIIqdguknrweDyq0UZWZ73xxhucP3+edrvNAw88gGEYanuMvFOQahrerrLlMeSCJAeFwIaDQdhYQcu/Q6EQgUCAj33sY8RiMWKxmLpI5PN5lpeXVSOQ3I/b7cbv96tmnA9/+MMqhy4/t3a7TalUUrM9dFv4zYcWac2muFwu9ZZf0gbiO0tFLOutpBqt1Wpqk7ikOmKxmOoYlBVYMpFudnZWtW673W4WFhY4e/YsDoeDsbEx7rjjDlW5S6OLHObJLA+n00m9XicYDOL1eqnVaiQSCTWbQ2yMP//zP2d5eRnDMHjwwQdVM0ipVFIXIhFjySp3TrYTUZbK/VquPTwEuPvuu1V13tPTQ29vL6lUiu7ubtrtNuPj4+pnLBcen8+nluWapslPfvIT5ufnOX/+PLOzs5w4cYL/+T//J5OTk1SrVbq7u3nxxRc/+BeE5rqiRVqzKbFYDLfbrdZM9fX1Kb9Z2q9lWa20Yku7uCB2iN/vp1arsbKygsViUfNAEomEsknm5+exWq2cPHmSdDqN0+nki1/8Il6vVx2MieURCATUiixY37ySTqdZWFggEAiotm+Znmez2RgfH+c73/kOjUaD++67j6GhIRqNhhqoJNW/JFbEdrlWoK+N18kFSr6ucyHu4cOH+YM/+AOeeOIJNajJMAxWVlZUoqNzhKvValVjS6W78uGHH+aTn/wkX/ziF/n0pz9NqVRiYWGBXC6H1Wrl4MGDehHtTYgWac2mBINBIpEIdrudvr4+du7cucG/7dx5CKhtLFIVSiUqa6HEAigUCiq2V61WWV5eVl1+knb4m7/5G7LZLKFQiHvvvRdArb6SAUvVahV4e1CTWBQyBtTj8RAOh9U2lVgsxjPPPMOFCxewWq187nOfU7sEpdqWdV0yT0Qe4526C0XYxauXi5O0dMtWm6WlJZaXl+np6WHXrl0YhqHijTLy1Wq1sm/fPiX0y8vLqqPw1KlTatB/NpvloYce4pOf/CS/+Zu/iWEYLC4uqmy35uZBpzs0m3L27FkAvF4v/+E//AdWV1eVPSE55c5lsuKtSvUptkdvb6+aZie+tbRB2+12ZRHEYjGuXr2K3W5ncnKSP/zDP+S+++6jq6tLjTQtFotqwFNnk4mMTq1UKmq6XSaTIZPJqANCmaz3N3/zN/zbf/tvSSQSxGIxXC4XbreblZUVfD6f8njdbreK53VO8ZMq+9ruxHc6NFxZWcHlcpFIJAiHw/z1X/81CwsLG7oWTdMkHo9vGF4ly2cPHDhAf38/Q0NDBINByuUy5XJZxRVlroduC7/50CKt2RSv18vy8jJHjx7l4sWLymqQMZoy7rPRaCgPVWJ14k+HQiEVH5ucnCSdTrNz584NDS+y4UWm0olXnMvl+Md//Efq9Trd3d0qLy0Hl2tra8Dbs5vdbrfakhKPx1WFLhaN1+ulVCpRKBT4kz/5E3bv3q22wMhcEqvVSrFYBFBxP8k/i20iVob41rIhpvP7EUHv6+tTuefnnnuOxcVFlYe+cuWKEnnDMLh8+TJDQ0NUq1WOHDnCyMgI5XKZ7u5uwuEwa2tr5PN5rFYriUSCF154gfn5ebq6utSFSHPzoEVasynS9pzL5fD7/ZTLZTKZjMpO+/1+8vm8mtVRLBaVrypNIAMDA+zatYu5uTkOHjzIiRMnKBaLRKNRJfDiycrjiShKQkPWYcH6DA8RNpfLRb1eV8P/xQoxDEM9l0AgoLoj0+m0sltarRbPP/88Pp+PdDqtmkmuHUEqkT9pT5eNK2LxyLuJzgNNeTch80Xuv/9+Ll26xOXLl5Vwy8/MZrMRiUSw2WzY7XZuvfVWHnroIYaHh8nn83g8Hp5++mlyuRxDQ0MMDw+rpb9ra2sEg0G6urp45plnuP+OG/Iy0XxAaE9asykWi4WhoSHK5TKXLl1S4iQC02g0yOVyeL1evF6vWnvVOWDJ5XIxMTHBuXPnOH78uKoiZYnq8PAwfX19qhqWwf2SiKjX6+pjEn3rHBkqcy1ENKPRqGqogfVxq5KphvWGnGq1qtZtSVej3J9M2hM68+FSHXfOJIGNW1jk43II2W63OXnypMpGDw4OkkwmyWQytNttQqEQg4ODZLNZJdSBQIBvfOMbyiLav38/TzzxBAsLC7RaLf7zf/7P/NVf/RXVapVHHnkEt9tNNpv94F8QmuuKrqQ1mxIMBhkeHt7ghcK60Ik9IXExETZ52y/NLJVKhVqtxvbt2zly5AimaTIzMwOsi9nly5fp6uoiFArh9XqV1SBetcTSRLDl62D9MC+bzapluHLhkPy1w+FQB5hiw0jVC+uCXqlUlMCJ+HceAIq9U61W1Yxs+bg8x84hTNdmxMfHx3nhhRd46KGHVDUuK8BgfWmuLL2V55XJZBgfH+fkyZNYLBZefPFFotEoPT09XLhwgcHBQQzD4GMf+xitVotjx45tuLBobg60SGs25Tdyn4DXr/1olF9mN/iBFzo/Prb+lw1wv/UHIAu8tvEeDrL/rX8Nr/+1ds1DrPxLz2r4nT/cfOvvCuuv7sg73MbZ8fHYW3/73/rzQXEC7hv6HTj31v+998Ktb/175zvcfhwYT/KbfAZ+sP6h2/llKEL7/5mgH+hnNwDtUxMUgP+DhyHwDr8qzc802u7QaDSaLYwWaY1Go9nCaJHWaDSaLYz2pDXvGovdSuL+7bh7AhQm0yR/MgMd26PCB3ppFGoUJ9L/4v3YfU56f3EXZr3FynOTNPJvH35ZHFa6791O4UqKdsvENxxh9cXpDY+j0dzMaJHWvGvaTZPlH03Q/6m92Fx2+j+5F7PepL5WwTcSod1u4+kLUriSopYu4x0KU5rN4h0MUV0uUJhI4+71U17I4QgYVFeLxD40jNVhw6w3yb65TOKjO/H2h4h/aIj8lfWpefF7RrBYLbh7Ayw+eYn6mh50r7l50XaH5j0R3NONzbCTfnUBs94kcqCP4N5uFr53gfpamdSpeZxRDxarBU9vgOBYjPylJI18ld5f3IUz5KbdauMbDhM52EfhchKz3iR0Sw+Rg/1kXrtKeSFHaT5LcSJNaG8Cu9dJI1/D0xvAuy10o38EGs37js3jwIj7MOI+XUlr3j12r5Ntn9lHI1ul9xO78PQFMRvrnXr9n96LWWvSLBewOmxED22jc5F2fjxJ74NjLD87AUBxOkN5IUfs7mFcEQ/tZov6WpnYh4axe51Uk0X8u7ooza7hGwoT3NO94f40mpuJ6J3b2P8fHwC03aF5DzRLdc79x6ff/oCFt71iqwXM9f8kX5xZ/xxvfz5yex/F6TVKs1nMWpPJv3zlHe/nn/Wfr7k/jeZmIv3KPGbTxGq3apHWvDdcMS+xu4bIvLFIaTqDbyRC7OgQ5fksyROzmPW3ZkpfI6Zrp6/SbrXxDoYoXE4ROdhHPVeFdht3wk/69FViRwdpFutUlvKU56/ZOKLFWXMT0yo3yJ5bInKgT4u05r0R3NONf0eUVqVBaTqDdyhMZTGPI+gm8dGdWB02rE4b5fksgbE49bWyOkRslurUUmVC+xIEdsVZemocR9Cg9+O7aJYb9D04xspzU7SbJvG7h7HYrWTOLBK+tYfCZBpXlxez0WLph1dU1a7R3CykTs4ROdCnDw417x6Lw4qnL4DN7cDV5cEV80IbzKZJZTGHbziC2WjRyFfXDwUn0hsOEV1RD55eP2bDZO3MVWhDu2FSS5XoOjJIZTGPq8uLZ1uQdqtNI1sl8dGdOKMewgf6MBJ+0q/Ma4HW3JSkTs4BOt2heQ9YrFbsHif1tTLh/b1Y7VYsNivd94zQdWSQzOuL+HdECe7uXrcyaP+TQ8RGoYZvKExoX0L5zMWZDM6Qm+pKccPjtVsmtWQJ2pC7sAKttrY9NDctpdkMlaW8tjs07x6z1mTiGy9jsVtpN9fHdlaWCiw/fUXdJnlifdKdiOk7HSJiGf/Xie1bh5Krz0+9p+ev0Wx1UifntEhr3jsi0O/8yZ/iY//aaljbG5qfE1In57TdodFoNFuVtTNXtUhrNBrNVsWst7RIazQazVZGi7RGo9FsYbRIazQazRZGi7RGo9FsYbRIazQazRZGi7RGo9FsYbRIazQazRZGi7RGo9FsYbRIazQazRZGi7RGo9FsYbRIazQazRZGi7RGo9FsYbRIazQazRZGz5PWbMrrv/mlG/0UNJqfW3QlrdFoNFsYLdIajUazhdEirdFoNFsYLdIajUazhdEirdFoNFsYne7QKL71+/fd6Keg0WiuQVfSGo1Gs4XRIq3RaDRbGC3SGo1Gs4XRIq3RaDRbGC3SGo1Gs4XRIq3RaDRbGC3SGo1Gs4XROWnNzxG93PmRB7j/l+/i6J5RjMn/xgNf+eaNflIazb+IFmnNzw+P/C7/71d2Ub14jnTLyfCNfj4azU+BFmnNzw/f/N954K3C+f/8uxNapDU/E2hPWqPRaLYwWqQ1Go1mC6NFWqPRaLYwWqQ1Go1mC6NFWqPRaLYwWqQ1Go1mC6MjeJqfS/7T5+/iP93oJ6HR/BToSlqj0Wi2MFqkNRqNZgujRVqj0Wi2MFqkNRqNZgujRVqj0Wi2MFqkNRqNZgujRVqj0Wi2MFqkNRqNZgujRVqj0Wi2MFqkNRqNZgujRVqj0Wi2MFqkNRqNZgujRVqj0Wi2MFqkNRqNZgujRVqj0Wi2MFqkNRqNZgujRVqj0Wi2MFqkNRqNZgujRVqj0Wi2MFqkNRqNZgujRVqj0Wi2MFqkNRqNZgujRVqj0Wi2MFqkNRqNZgujRVqj0Wi2MPYb/QQ0W5//7Vf/1xv9FDT/Cv7b1//iRj8FzfuIrqQ1Go1mC6NFWqPRaLYwWqQ1Go1mC6NFWqPRaLYwWqQ1Go1mC6NFWqPRaLYwWqQ1Go1mC6Nz0pr3TLt9o5/Bzw8Wy41+BprrjRZpzXvGbJl887+eePd3YLFopf8psNqsPPprd93op6G5zmiR1rxv7NyXwGa34TLsWACR3UqpjsNpo1puMHlxhe27u2mZJm6Pk7VkkUjMx8UzV2/kU9do/tX8X/XHAGi1WgA4nU4Mw8A0TRqNBgBWqxWn04nD4cBms1GtVrHb7errLBYLrVaLer2OxWLBYrFs+LfdbteetOb9w+G0ceXNJarlOu02BEJuGvX1F7DFYsFmX3+52exWZi6nsFotrFzNMXM5eSOftkbzrvD7/dhsNiW2NpuNdrtNq9XCZrMpAQZwOBy033q3aLVaKZfL1Go16vU6rVaLdruNaZo0m031d6vVotls6kpa8/4xP73GyFicqUureP0u6rUWwYgHf9AgtVIAYGQsTr3WpHcgxPz0GrTXK22N5mcNEVjDMLBarTQaDSwWC1arVQmyiK9UyM1mk2azic1mw+l00mg0ME0Th8OBaZqYpgmsV9lShWuR1rxnLFYLe2/vV/8fvaXnn9wmGvdt+L/X7yLc5YXhyAf+/G4WLPrUcEtht9ux2+20222q1aoSZLvdvqGCttlsNJtNrFarsjEcDgcAHo+HVquFaZrUajUsFgvtdlt9vlaraZHWvHesVgsHjgzd6Keh0VxXbDabsjt8Pp+qlk3TxGq1YrPZgPVqWmwMi8WCYRg0m008Hg92u51isagsExF+l8ulhF6LtEaj0bwLrNb1MxY5JGy1WjgcDhwOB81mE6/XS6PRUDaI+NZiiZimqfxoi8VCtVqlXq8r8bdaresV+I38JjUajeZnlXK5rCrpWq0GrAt1qVTCbrdTKpUolUpKcF0ul/KrDcPAYrHQaDSw2+3rB4R2O4ZhbKi8rVarrqQ1Go3m3SDROVj3p0Ww2+02pVJJVdpyG/m7M83hdDopl8s0m01VYbtcrg22hxZpjUajeZdUq1X1b7E1OrHb7TgcDvU5m81GMBjENE0l5FJJO51OvF4vzWYTQGWutUhrNBrNu0By0W63W3nPUlGLB20YhorT2e12TNOkWCzSbrdpNBrYbDZcLhc2mw2v10u73Vaft9vt69X1jf5GNRqN5mcRi8Wiugsl7ywRPBHwarWqUh1ywKi85rcsDYfDgWEYVCoVisWiut98Pq8raY1Go3m3SPbZarXidruVnQEof1mEGNajeO12G5fLpb6+XC6rXLUkO9rtNk6nU2WntUhrbiiFXAV/0P2On2vUW7RaJobbcZ2f1TrlYg2n4cBu1284Nf8U0zRxuVxKkCXFIaJrtVpVM4s0stRqtQ3t4c1mU90mEAgAUCwWgfW280ajoe0OzftPq2ly5cLyT3Xb2YnUP/u5Yr5KJlWk3YZmw/xnH8s0P5gJessLOWrVxgdy35qffSTNIXaFVM1SDQNqBgegoncOh2NDBe5yuQiFQkrYPR4PgUBAibwWac37ztXZNVLLeTVc6b3Sapmkk+uzP6qVBtl0WX0un61oIdXcENxuwFce9QAAIABJREFUN36/H6vVqnLS8HaF7XK5cDgcOJ1OVUnL7A7xr10uFx6PB6/Xi8fjoV6vU61WaTabKi+tRVrzvpPLlNl7YBvz0+n35f7sdivdvUEAGrUmhXxFfS7c5cXtcb4vj6PR/GuwWq20Wi01e0PmbkgV3Wq11u2KtwYlie0h/nO73VbNLdVqVaU9DMNQ3rZuZtG875SLddxeF4Gwm6nxlQ2fExuk88WZz74tuItzGbLpEja7DdptatUmsR4/jUaLpfkMkS4f05dXqZQblIs1onE/rZaJ1+/C5zfIZyvMT6WxO2y0zTYuw87QaByLBSYuLGOz22jU1zOo1UqDnm1hYgk/mVSJ5HIe2lCvN4l2++npD13Xn5vmZ4/OYUnSjALrFofkouVznbeXoUwSyZPhTLVajXK5jM/nw2az0Wg09BQ8zfvP/FSKoV1xAHwBN/lshUBo/WDw/JkFdu5NbKh8z56aBWB1MU+91mTPgben6aWWCzQaTdrm+jhT34jB8GicbKbMtuEoAHOTaQy3g1q1yfTlVW69c1CtmFpbLTI1vsL2sW6ya2VuPTSI0ylDb+DsqRliCT/hLu/6RL63OPPSjBZpzaaI3yyWhohxvV5XCQ6Hw6G8ZpnRIQeNMm9a5kabpolhGACqG1HnpDXvK+23KlGXa/3aP7A9yvzUuuVRq65//FprQhYBrCxmGdwRe8fP/TTMTSYZ3dezYQdgJO6jXFz3Cg23Qwk0rG/ssjts194NsL68QKP5aehs45bDQDlQrNfrVCoVNTvaMAzVsCLiLaLdGd+T+/B4PLqS1ry/pJbzuD1OCh0WRrFQxTTbFHNV/KF3jtqBvBV8949dqzbf0Ztenza2efqjVKiRz1aolOpkUsV3/0Q0Pzc4HA51GCjes91up16vK89ZLI1KpaK8aam65esbjQYej4darYZpmthsNux2+9v3eaO/Uc3Nw8pijq5EgFLHppVw1MvK1SwO59Z9qV04s0Ag7CEc9dLdF6Rcqm3+RZqfe2TUqM1mUxtVLBaL2rjicDiU7SEHi7KVRWwOOSRstVqqIu9MhFSrVS3SmveHZqOFzWYl0Rfc8PHungBnX55l7NY+5pL/fCb6vWad7f9/e2fWJVd5pennzENEZGTkLKUmhBKQMNjYZcq9qqu7FvUr6m/2VXevWn1RvrFrwpTBgC0wKaEhxxjPPPXFif0pQkoJkBMLie9ZiyVljCfS6Z1b+3v3+zoWWfZo1PLodWtM8+ktepoU2I7FpWs6IUbz3TAMA8/zljygZQux1+upFXGR2rlu+y89OTgE6HQ6ys5U5tBSpEVfrWfSmnPh7p9PuXRGFJZhGjiujWEaxLOMoniknW4alMZ5baPLg7ujpedmyRn6Z8OgKp9cbLlyfYM/ffKAZqHWnx7N6PT8Z163ZZnkc8WHUJbno+/WvNpIpyxFVzyiZZ4shTcMQ/W1bCjKyGPR6tT3feI4JkkSsiwjyzIdRKs5P8qieup695XXNzh6OOHmz3b57KN7OI6NaRk0dYMftN3FpdfW+OKzA/7w4dethG5+Ej7Y6GAY4Pntani35/Hnzw/5/PcP6A8CXM/CtEzCrsvO7iqf/OddHNemqWtc3+G1N1qlyVmr5X7g4LgWK/2AT+fX1XY4beft+vYzu3DNjxtZ6waUk51sHooET7YQJbTWdV0luRPZnbyO6KSTpD3TCYJAz6Q158fe2ztPva/X9+n12472nb+58tTHvf7W9lPvu7bXKj8M0+Dd989+jY3tHhvbvTPvu3HryeuT2668vnHmc/QIRPMsRI0hKeDSTed5TpZlypOjaZqlPz3Po65rpa2WxBaZb8umoTQqukhrNBrNcyCHhZZl4TgOYRgCKF10WZaqsxZJnu/7S/NmcbyT+KxFSZ5Wd2g0Gs1fQK/XU1FYopF2HEdZjIoOWgz+Hacducn8OYoitaUonXS322U2m5EkCUEQtHK8F/khNa8Wf/jwa7WA0jQQhC6Xr6/rua7mlSSOW6MvGXtMJhOlfZaVcECNNsQhryxLkiShrmtVwMUNb/HgUNQeukhrzg/D4M13LqovR6cxv//3O/z0/asv8KI0mu8HOeATlYf4bYjcTla9Zb5smiZFUajRx9ramnK9m06nKmF8MQ9Rr4VrvldW10Js2yLPym9+sEbzktHtdtWh36KJkig55OAvDEM1upCtRAmZFQc96cblMWJl2jSN7qQ13y+2Y7W6Zq/1mZ4ME0zToCgqrry+wcpqwPHBlIP7Y2zLpAE2d1ZY3+qSZyW3Pz1YGpfcuLWDbZt8+dkB1x9Tg+zfPmb36hqnR1PKsmYyat/rjZ9cYP/2MfEswzQNmgbWt7ts7qxw54tjolmGaRgUecVrb27R6Xkc3BtzcjjFml/TzqVVVtfCv+43T/ODZjabqQ5aDgWLolCLKuLRIcV2MVrLMAyiKFKFWrrtOI6XthL1uEPzvdI0MJsk+KHLwb0xVdVw82e76r7f/eYrfvarqzy4O+Kdv7n8xHM/+c+v+ckvLivDoywp+MOHX/PuL68QL6yeC0nU+iVkaUlRVLz1bjt62b99jOfbXL2xsfT6X//5BMe1uPnT9prqquGjf93nZ7+6xuGDyRPXpNEsItuEsm0oBVmM/aXYyuhCXO6SJCGKIpXQIl4fkmu4qBrRB4eac2UyjPni09ZDuq4birxk71brTHf4YLykkTYM2NzpMTqNVeexyPB4xuZOb8mRzgsc/MAhjb85iWVts6v+Ph7GvPvLZW21YcDwOOKdhdtNy6C/FhLPsjOvSaNZREJlxeVOUsClWIvRv+d5Sukhqg8JpwWUg57ruiRJoiR8UsB1kdacG90VXy2G3P7DQ668vkF3pV1imYwSPv/9/aXHx7Mc27XZvtjnv/51n9X1DhcuD3Bci/EwZnNn5Yn36A9CJuPkidufxdPUJaPT6Ilrmo5T+oOQja0e//VvdxhsdNi5tIrzFFtTzY8XOQwUMyRRcJimSZIk+L6vRhidToeyLJlOp8rDQ5ZZTLM9GszzXC3ASEdd17Uu0przw7RM1fm+8c4FPvrXfd771WsYRltcF5Ufj7N1sc9kFPPHjx/QWw1Y2M5eomnOvPm5WF3vPPOaLlwZMD6N+Oyje6xv9rh4dXBO76x5FXAcRx0CygzZ9/2l5HDXdYnjWB0GivJDPDtkht00jSrKcpgoqS5a3aH5XrAsk0tX17nzZet8900ud1LI3/75JUbHM3p9fylaS5iMYpX08m152nt/00TDMNpC/s7fXOH4YPKd3lPz6mMYhgqNFZ/os8z8ZQ1cksKlqIsipCxLsixbWhsPw1Alv+girfne2Lq4wugkIs9KBusd7t8ZPvGYplkulk0DDbCx1ePh3RFV9ejONCnI0hI/cDAtY0na1zQ81Qe60/M4OZwu3VbXDd0Vn6MHTxbfx4t38xfaqGpeXWR0IaoMkd95nrdktiRjEHHKk8fleU5RtGcscmAIrQZbOnU97tCcG57/5I/TW+9cZP+LY/Zu7bB/+5hPPvwa2zJhnsTy+lvb3P7Dw7ZtbRryvOLqjU0M0+Ctn+7y6e++fhRz1aDUIdff3ObT393DCxxMc96x+O22l+NaWNajocj1N7f54tOHHNyfYJkGDbC6HvLaG1v8+fNDjh5OsKw2c86wDF7b2+T2pwePVnrzktfefLr5k+bHyfb2tvLnkMWWPM8Jw1CtfIsMDyBNU3U4mOc5dV0rL+qqqsiyTNme1nVNURTtbS/yQ2peLc5ysfMCh72529yiBG6RN989ey4cdlx+8ouzZXB+4PDTvz17k3HnsRBZwzjbBQ/g+ltbZ97+1lOuSaMRHMehaRqiKFJxWaurq2qJRUYYQRAQx7HyiJYuOk1TZaIk6+TQFvrF7UQ97tBoNJrnYDQaLR30yYq3FFvDMKjrWhkmyThEAmqjKFKp4VKoRekhBVqb/ms0Gs1zUhSFOjQMgkAdGqZpqsYV8rhFw38p0LIAI9alYqqU57myKtVr4RqNRvOciPpCsG2bTqejllEkLVw66yRJiOOYOI4pikKliEdRRFVVKpllcYNRL7NoNBrNcyKSOmjnyJ7nLbndScrKdDoliiKSJGE2m6k59GLxBlRhb5qGMAzVXFsXaY3mKVSVeCjooxvNk4isLo5jdYgoiyuAmkefnJwoPbV02bKNuJgQDm2xn81mahtRx2dpzo2qqvn1r3/NP/zD/+STjz8Bw+DKlcuYZpucnMQxrudimm138cknn9Dv97Eti8lkwpWrV+e2j0br+1EUeJ7L4eERge8ThCGm2QZ7/v73H/POOz9RW1sANGCYJnVdQQOmZWFZJv/nf/9fPvjHD/j1v/wLH/zjB+R5MTfGkfgi8DyXJEnnngsVdd1GGt29ewff95lMphRFwebGBhgGKysryjgHwLYt/uPf/4MgDNnbuzFP2ajVKb90RGEYUOQFpmWyv7/Pa69d178AXmIki1DsR0XbLEsuk8mEyWSi/Drk58HzPDqdDlmWLf0cyVxathWlq9ZFWnMu3L59G99rfTryosB1WyH+xx9/QlWWuJ4HtB68Fy5coK4qZrOZcv/6+uu7jIYjVlZWmM5mxFHEL99/n+HwlMT3Ofz8c2ga/vZXf6uK829+81tMw2TvjT0+/fRTOmHI2vo6w+EQwzB4772fURQ5t//0J4Ig4KPffQS0yzIrKz0e3H8IBvz93/93Dg4OODg4UPKnMAyxrLbjcWybyWTCdNYW6yLP+eqrffygve/tn7xNVdfcunWT3/3uI9bX1zg4OKTTCTk9HbKyskKSJKrDommI4pjLl69gWe5f/X8rzfkgyg7P81SnDI9mz7PZjDiOVbGV/xzHUSkuUribplFBtBK/BXN/kBf5ITWvDk3TMJlOGI/bDb7t7R2+/OJLmrpmbX2NOIrY2Njgzv4+vV6XtfV14ihiOv9hHY8nuJ7H4eEhly5dYmtriwf37xMEIY7TuokZYkSTZYzHY4qiYPfSLl/cvo1pGDiuy9ragM3NDeXdu7u7y7179/CDgKqqCML2z+3tbYqi4NLuLkVR8PXduzRNQ6/Xaw9/ypIw7ACwubVFt9slSVI8z+OLL78EAzzXxXYcTNMiTVLGozF1VTGdzubfg206nQ6e5xEEAWtra2xubmA7Dt1OR12j5uVECqn87yiHf8fHx4zHY6WJTtOUqqrUBqFhGMoFT7ymARWrJaoRieDSnbTmXHjrrTfZ3d2l1+uyt3eD2WzGlatXSZIEz/Po91dxHJsLFy4AcPHiBdbX16nrijDscHJyjOt6fPbZZ2xvb2EYBpubm0B78HLj9dexnfbH9cbeHkVR8P77v6QoSgaD1flsz5sXxJD19Q0Mw+StmzfVuq3j2MxmM65evYbjOPzy/V9SFK3z2JtvvTlf2W1/Edi2zWQyZnV1lTTN6Pf7bG1tMRoNefvtW9i2zf7+HS5dvIhhwM9/8XPG4zFv3XyLOIrxfB/f97lx4wZhGHJ4eMjKSg/TtFhf36Aqy/nIRRfqlxVJXRFr0jRNmc1maklFXPFkFbyuawzDULami0G1aZqSpimAul1itHSR1pwbvV7r4dztdul2u0u39fsrpGnGrbdvAW0RXPTU3draoq5r3nvvZ1iWxYULjzYEB4Nl97nNzbM3FwXHsYF2vNLpLKep+L7/xPW2r7n5xOv4fruN6LouKys9ANbX19X9e3t7BIE//8wdut228w7DR+/pzH+x7OwsbmN6z7x+zcuBHPpVVcVwOGQ8HjOdTpfOIsSnw5uP+8IwVOGz0lXL0ooUZ1GHALqT1vx18f1nFyfTNNUP88uAFGjNj5MgCDg9PSWKIobDoRpXiM5ZLEk9z8MwDJWJGEWRyjiUcYcUdlF5iO2pDqLVaDSa5yQMQ0zTVNpnWQl3XVeNN1zXxbZtgiBQCS1BECjfaSnkspUoBdvzPDUq0Z20RqPRPAdxHHN8fKy2COXso65rlQ5u27Yq1GmaLmmkm6ZZMl2Sjts0TYIgUDaoupPWaDSa5+D+/fvEccx0OiXLsqUoLZkzy6xZCrGMNWTtW76WPETRTctWok4L13wrzjLr12h+7OR5znQ6VYeAMtYQ5Qa0B39FUbQeHHOvaElgKYpCSe6kMAPqwFESxXWR1nwj/+9/ffKiL0HzXXh5zl5fapIkUV4dsiUoCy2SyiLm/u02ramM/IuiUHNsQHXRErUloxBtsKTRaDTPyenpqdJIi/udLKyIsb/Yl8q2qXTaRVGoObYU+MVxh8jxdCet0Wg0z8miSZJ01VKYgaU/5VBQorbSNFXJLVKg+/2+GpPIjNs0TV2kNRqN5nkQnfNiUvji2EPWxaU7FutScccTFz3RVGdZhmEYaiXctm3dSWs0Gs3zImZJiyvcnuepLUSxLbUsizzPVTyWFOi6rpWvtBRl27ZVHJeMSXSR1mg0mudEOmSZH0shljm1rIA3TUOe5yoXEVCud63jokUQBJRlSV3XKoXccRytk9acD2HPw7K/24+TFzhLXxuGgePZ2O6TpkOOZ2M72oxI88NBdM7SLcsCC6CMk0SlIYVaFByijV6M2xKTJslDlJm37qQ158Kt93apq4ajhxOC0CVLS2ynLdppXOD6NrZtkiYF3ZXWkyCaZZgGGKaBH7h89acj3vtv1xidRFRlzeg0ptPzsCyTNC3wPJs0LhhsdjBNg+FxhO1YnB7NGB5FL/g7oPmxIf4aMqaQmbNlWfi+r4qz67p4nqdmznI4uDiztiyLKIrI8xzf9/E8TwXS6k5acy6kScGXnx1QVTWdnsfmTo+g41JXNVdeX2dzp0dZVNi22SasOBadbrv22h+EDDbafxqOTiLCrsdgs8tgo8PGdo8sLdjc7rGyGuCHDnlWkiYF27urdLoe0TR7wZ9e82NE1r7FgrQsS7UpKCG0clAomueqqoiiSI01pKNOkkQFQ8hjRIanO2nNufDxv90FYHQSc/+rIYPNDp7v8PDuiD9/fvTM54a9CetbXdK44JP/+PrMx+z/6fjcr1mj+UsQjbTjOMpUaVHrLLFYEqcl82m5X6KygCVTpcXne56ni7TmfHA8m7qqqcr2UOS7jB+SWc7d6cnSbZZtqtd61m1n8V0fZ9kmddWohIxveh2ZvX+b95DZ5Le9Js3Lg2maS34cEgAgxTqOY7VxKFpqMfwXZUhZljRNoyR8cmgYBIGS9OkirTkXwq5LVdVYVjvOKMsa17XIswrbMamqpk19BfzQJYlzgtAliTK8wKGuGuqqJs8rHNfC9x2SpMC2TQwDyoUCJ++RpSWuZzE6iems+NA02LYFRjt+MS0Dx7FoGrAsA9MyyZKCTs/j6MGUjZ0eSZzjuFb7/nXDvPmhaSDouAyPZjhue2hpGHPZldv+M3YySgi7LkVeUeQVvu9Q1w2WZVDVDXlW0u155FlF2HVJ4wLTNEjTgmSWn/Vt1LxENE2DP0/gCYJAhVjINqFhGARBoGbNs9mMfr+virF04YKoPqRgB0HQZm6+kE+neeVomoZO16Mqa8qiLdCmadLQ4PkOjmPhejae71CVNXXV/ldVDQbt4aHntz+wpmmQZSX9QUCRV5jWo861yCs83yZLSzrzAuiHLv1BQFnW2K5JWVZYlollmti2RVlUFEWNQVvsq7LGtAyqqsa2LfKsxLQMTNOgmf8uaZr5L42snB9eGjRAU7cPiKOcbs+jyCv1S8PxLAzTwPVsfN+hKmpMs32fqmqwHBPDMnBcG/XbQPPSIoeEi/8CWxxXiFojyzKiKMKyLKqqWnqMqD5EZy0HkVLEbdvWnbTmfJicJkxOE/W17bTFESCNChzXIomWu8do0h74xdMMyzbxfId4lhHPDwJHx+3IZDpKlp4n9y/eHk3SpfvOvMbHnn90f/LUxwKM538+vDt64j7TMkmjfGmEURVtUV981aMH02+8Ls3LifhEZ1mmDglN01S3ZVnGZDJRoQBSgKuqIkkSNcv2PG9pru04DnmeU5al7qQ13w+GYbC22aG3GgBQFtUTBRrDIOw9smurypp49uxCFszVIEJn5ez4Kr/jtuMJ08B2LUzz/LvWxfm7kGflub+P5oeLdLxizi/mSmI/KoVaZHjdbldlHi6OSeTAUA4PZWZdFEW7nfiCP6fmFeGNdy4Qdj3iWYZpGayudTg9nnF1b4OHd0f4ocPaRpc0KQhCl2iWzefFDVVVE4QueVYSdj0O7o/pD4L56+U0dUOn53F8MGVts0sS5aRpQRA6uJ5DGueEPY/JMGlnwHmFNZf6GYZBWVQY8zn1nz5++KK/VZpXBJHXdbtdtfoNqM3DqqqYTqc4jqO6aElnkecvOuCFYajGHoZhMB6PtVWp5vzI85J60jA6jYF2rjs6jti+tIrr2VRlQ5YWTEYJs0nKYLNDnlbkWUE0zTC3TDzfpshL6qpmNslI4oI8LamqmjQtyPOK44Mpg402lTuaZswmrZPY8eGM9c0u9/aHrG12iaOM2Tgl6LjYtkUS51pdoTlXxKVucTlFVr2jKOLk5ES52S0mhEukluu6qpOW58rI4/T0lMlkoiV4mvPjq8e00McPJhimwegkVmOAB3ce3X9/f4jj2RTz+44fTgm6LkVWqVn20zi4N6auG/XcxfcEOHrw7FmzRnMeiNwuDEO1Seh5ntouFOWGzKmhHZGsr6+rZRd5DflTuu84jvE8T6+Fa75fmrkM7Wk8XmS/rSwtS4q/6Lo0mvPCcRyyLFPOd2VZMplMGA4fRc4troKvra3R6XSW/KcloSUIArIsU3pq0VLrg0ONRqN5DqRDlmTvpmmI41h5eoiMTkYion+WA8W6rhkOh0RRhGmaTKetEkgiuMS0SRdpjUajeQ48z1POd6LyEM20FFop4JL8LdmGcjAo45IoitRIRFzyZKNRjzs0Go3mORC9s0jmZGMwz3Pl1VGWpVr9FuP/2WymrEilIA8GA+XnIfNqWXrRnbTmXNi+1F/SPQudFZ/Oiq/u66+HZz7fcS38jsvaVlfdFnY9jO9B46zRnAd5nhNF0ZJsrixL0jRd2jqUTrqqKvI8p9Pp0O/3sSxL2Ze6rquWVxbtTrV3h+bcuHpjg9OjiKZpCLseTd20crn1DqvrIWlSKF/oC5dWKct2O68/CBgPE1ZWA6aTlKqoeP1/vE4UZepg0bRMHMfi43+/+4I/pUbzCElSkeKb5zlFUahuWebQYrIkcjvP81R37fs+pmkymUyUa57MsU9PT9nZ2dGdtOZ8OLg3JonyVgc9TqnKmmiakWclRw+nnBzOmI4T0rigLNp/Fna6HnGU43o2cZQzOo4IOi5pWpAlraa6rhumo0R31JofJGKSJOveMrIA1MhC7EkB1VVnWUa3211aCZdin2UZ0+lUz6Q158ui3/PRgnvF474b38R4vgwjHMwdNO7vD896uEbzwlgca+R5rsyWTNOk2+0qY3/pqGW7MIoiOp2O+noxsNb3fWazmdpkTNNUd9Ka8+FZ+YbO45mFz3CAe+Kx3wLDNGDxJRdf3zCWunC/s5yr+OwXNtQ1iRPf4zzrPs2rjYwqZCkF2jm1eHkAZFmmNgpd12U2mxGGoUoVL8tS6awloaUoCrrdLrZt67RwzfkR9jw8z1Y+HPHcIa6ua1bXOmRp0a53JwXrW11ODmf4gUNVNfi+Td00pEmB69r4ocPR/Qndvo/jWmRJieNZWKZJNMvoD0LlAy1WplVZ4TgWeV5hWq1fh+87rUXp3Ad6Ok5Z3+oRTVKqumGl7zObZGCA5zutfap4UgNVVdPUDUVR4Xk2dd1gOxaH98YMNjtYtonr2hR5RZ6X9FZ8Htwd6fXzHwm2bautQN/31XxaVsNFYiejDkkAF720bdvK4F9kfDLmkNXwCxcu6CKtOR+suQe0AWRZSZqI2YxNlhWUpaRRWKRxe4govs2mZZLPC7RhQJ6WFEWF7Vhkc++OwHap6wYMyLKCOMoImjY8wPMciqLCce3WizopMC0T0zKps7KNL0oKXNcimmTkWVvI4ygny9pMuqqs8UMX6oYkylqfa8PAtk2KvISmDRuYRgmOZ9PUDVlSqoKcpcUTyS6aVx8ZZ0horIwwTk9PKcuSTqdDGIbkeU4Yhmr2bJomSZIoVYjI90zTJAxDmqah1+u1dqgv+DNqXhFGJ/GZt6cUTJ+0Y8Y0jbbo0vpK19WT3efJwUzdnsatzKnIS2aj1js6jYqlP7OkwLJN8rR86uvGz1g9j6atRpUzam3K8ir66Ix1d7kOzY8Dkdw1TaNSVMR3wzAMOp2O8oa2LAvP8+j1egBLG4iTyUTFanU6HTzP4+DggG6325o4veDPqXkFWdQ6C497QUuBBti6uMLWbv+J5ywW2LKo2o72GVRlrQr048//NrSpK9/pKZofMVKgLcvCcRzldCep3+J+J92xaZoURaG6bt/3la1p0zTMZjOCIKCua7X4ol3wNOfGL/7+OnVV0+l5JFHO7rU10jhnZRBSVzWOYzGbZjy4O2TrYp/1zS6TubSu2/MYncZc29vgqz8eEXRcNrZ7cwlSyfA44s5tnRau+WEiCeFi3C/z5aZpSNOUXq+nQmejKGIwGKjxRjtSa32mZewxnU4JgoBer9fGbb3gz6d5Rdi/fQS0+X51Pc859GzyrCKNcxzPIk1K/MBldBIxG6dMRgmuZxOEbeisZZkURYWRFBwfTImjXKedaH6wyBmE7/sYhkGSJMrtTrpm3/dVF20YhtJFy7ahyPRc11UOeHLAWFWVtirVnB/H8yy/v4STg6keN2heGtI0pSxLpY8eDofK5F+2Bn2/jXiThRbx85BOW6R5kuoynU5pmob19XUcx6EoCj2T1vyA0AVa8xIhtqOi0qjrGsMw1Bxaim+SJEsxWY7jsLKywvr6OoA6LJTRh6yNp2naprm84M+p0Wg0LyXT6VSZ+N+/f58oipRFaVmWyjhJDhCrqiIMW4OxxcTwsiyZTqdq1NHpdJSPh1Z3aDQazXNSVRWrVJAOAAAGLElEQVSDwYCbN2/y/vvv0+/31exZ7EaDIFBGTHVdq466rmu1zCJr5ZLEUlWVul+rOzQajeY5kWDZ2WzGZDLBsiz+6Z/+ia+++op79+4tHQyKTrosS6WPhnZkImkuWZZh2zbdblfJ9Kqq0p205nzY2u2zeWGFncurvH5rG9tpV2F3Lq9ydW9DPW7nyirblx5pojcvrvzVr1WjOQ/SNMXzPC5dukRd16ytrVGWJZcvX+bGjRtcunQJwzCIoogsy5QuGlAzbBl7RFGkfD/SNGU4HFLXdVu4X/Dn1LwirG12ABgeR1y8MmBlNaAoKsLQpaoaXN8hTwv6ayF11XDxygDTNKiqmo3tHp2ex5efHXJ6OHvBn0Sj+XaEYajCZ/f39/n5z3/Ow4cPCcOQo6MjBoMBq6urDIdD1tbW1GP7/T69Xo88zzk+PmY4HFJVFZ1O+/+hJEmUtloXac25EU0zqqpmNsn48+eH2K7F+DRhsB623hsdj4P7k1b3bBh0V3yqsjUwamhTxR+3KdVofsi8/fbb1HXNH//4R/r9PsPhkJOTE/r9Po7jsLq6ynQ6JYoilbIi2ufRqPVKkLBa2VYUzbTjOBiGQb/f10Vacz7c/eJE/T2apOrvw6O2M/Y7LmmU8yB6uneGRvMysb6+zp07d+j1enzwwQc8ePCA8XisVsLLsmQ2m6mAWZHlRVGkEsUlcFYOG0VLHQSBOkDUM2nNudBbDdQcGsALln2b04XivOi/LH/3AudMT+rHX8d2LKz5cxZf5/HHPcvf+vHnPv74x19r8WvtHa0RwjBkNBpx9epVTk9PSdNULbiI13S326VpGsbjMdPplMFgoIp2URRkWaYOGKWIizOeWKDqTlpzLvT6Pt0Vj6KocF0bDJiMEnzfwXGt1irUs7Esk8kowfMd/NAhiXKVb9jputz7asjmxRUss7UXraqa3mowd82r8QOXeJrh+jZFUWGaBtNxys5un/EwxjTbzsQLbB7cGbF7bY04yvB9l6KosCyDPC/xPIcsK/E8m2iaYrsWna7PeBhj2SYbOz3iWYZlm60/9izH81tPacs221iw+5Nv/sZoXlmOjo6UYkM8pB3HodPpUFUVnufh+z51XTOZTOj1eqRpyng8xvM8jo+Pmc1mahwCqAguQHl/6CKtORdODmd4gU1VNqRxgeNa5GlJnpY4bhsxlEQ5lm22JvlZSZYW2I41n2WnFFmJZZutKX/VYJoGZVnjVg1lWSsbUs932tCA0Gmd64DRadwGAJgGUKrZ9+nRjCIvSZy2k6/rhm7PI0sLJuOU9a0uddPO1LOkoK4a0rgmTwuytMQPXZJohmmZuJ5FlhTkeYVhtF31d3Xa07w6VFXF2tqa2iQ8PT1V9qWDwYAkSYjjWK2Ey/x5Mplw7do19vf3mU6nSi8tiy1BECxtLOoirTkXsqQNjz2LRfvQs24fnUTQQBYXZz4+jR5/ZpubWCyYL6VPmXXPxtX8+h49NolytYL+4M7wbP/oM65lOkr06rpGEccxR0dHbG9vc3h4SJ7nbG9vc3BwwMrKCqPRiJOTE2zb5tKlS8rdbnNzk729PUzT5De/+Q1FUahxh23bKslFfKj1gE1zLnihQ9B1cVyL3WtrBB0XL3QwTAM3sPHCdrzRGwTcfG+XoOtiORZe4OC6No5n43dc3OA7ZBA+L81T/v5dnqf50SMr3kEQcPv2ba5fv85oNGJnZ4etrS2KolB5hTs7O+rQsGkaptMp29vb/N3f/R2GYSi5ncj0oI3n0sksmnPjtTc2WekHpElBXTfsXhswGSUUWYXtWpimwdpml9FJxMog5LppMBkldLoeTdPOtB3P4uRwxh//68GL/jgazTdSVRWO4/Dw4UNu3brF7u4uBwcHzGYzLl++zMbGBoeHh7z55pt0Oh2GwyEbGxtq/jybzbh58ybdbpcPP/yQyWSiFB6yUq4NljTnxp0vTlhZDcjSEsME27aIpimuZ2NgkKatR3Q7rx7RH4RMRgnxLKeuaw7uj6FpyPPqRX8UjeZbURTtSOzdd9/lt7/9LUVRMBwO2d3dVQkso9FIxWHJangURSRJwvXr1ynLkr29Pba2tvjnf/5niqJQdqai+vj/HgPfUSlCQaAAAAAASUVORK5CYII=" alt="" /></p>'),
	(4, '1', 'demo@qq.com', 'demo', '<p>测试使用<img src="data:image/png;base64,iVBORw0KGgoAAAANSUhEUgAAAWkAAAD6CAYAAABj/rYXAAAgAElEQVR4nOy9eXDc53nn+en71/eFbjQO4iIJgodEkZIYUrQkS7blWIlsyx6XI7lcW/ZOaitOtuafzTU1m93J7FaqNlNxUqmJZ2InmWiSshOPEtuUS7Qs67JMkZIoiqJ4gMQNEFd3o++7+9f7B/S8ajBK4OggYfr9VLFIAo3uBtD1/T39fb/P81gqlUoboN1u02636fx3u92mXC7T3d3N+8nXv/51AP7rN/7qfb1fzXvjV37v2Xf8+LP/5WFM08ThcGC32zFNE6/XS61Ww2KxUK1WabfbuFwu1tbWaLVa2Gw2ms0mrVYLp9OJaZqUy2UGBga46667CAQC9Pb2EovFAJicnGR6eppSqYTD4cBiseB0OkkkErhcLgBM0ySfz5NMJtV9WiwWDMPA4XDgdrvJZrOUy2UymQzVapVWq8XVq1fxeDyYpondbqfZbOJ0OrFYLNTrdVqtlnp+5XKZYrFIvV6nXq/TaDSwWCyYpolpmuq28m/BMAysVivtdptPfOITtFotgsEgP/jBD6hUKkQiEcLhMPl8nt27d7N3717+8R//kUAggMViwWq1Uq/Xue222/jud7/LzMzMu/49/n9PVN/x49/6/fve9X3+rPPsD4+/5/v4wv/yZRr1OrV6jXqtxv9t/ZX34ZltjvW6PIrmZxqbzQaAxWLB4XBgtVoplUrYbDZsNhsWiwWARqOBx+PBarUq4bHZbJRKJTweD4lEguHhYfx+PxaLBZfLRb1eZ3x8nKmpKbLZLM1mk3q9roTaYrEoIWs2mwA4nU4KhQKFQoFGo4FhGNhsNur1Oj6fj3g8jsvlwmazEY1G8fv9tFot7HY77XYbj8eDxWKh3W7jcDiA9cJERN9ut2OxWGg0GjSbTWq1mhJsufBcW9C0Wi31fH/yk59w4MABnnrqKY4ePcrg4KC6WDgcDs6cOcO3vvUtAoEAzWYTl8tFtVql0Whw7tw5YrEYAwMD6ueq+flGi7RmU6SKttlsuFwunE4nHo8Ht9tNs9nEZrNhtVqVgLndblV1W61WHA4HXq+XQCCA2+2m3W4r4Z+bm2N1dZVWq6Vu4/F4aLfbBINBCoUC9Xodj8dDf38/brebWq2GYRgEAgFCoRCmadJoNNRFwWq1Yrfbicfj2O12+vv71W1arRbValVV0JVKhVKpRKPRwDRNms2musjI85dKWhBB7/y/vHuw2WwUCgWOHz9OKBQimUwSj8cZGRmhq6uL1dVVDMOg3W6TyWTwer00m011cSuXy7jdbn7xF3+RL33pSwSDwev++9ZsLbRIazbFMAy8Xi9utxtACbBUsVJlAsoGkCpQxH1paQmr1apE2mKxkEwmyWQyZLNZ8vk8pVKJcrmsRLpWq6kLQbFYZGFhgVwup6wNEWbDMHA6nRseV8Q8n88rwe+s+FutFs1mE4vFQrlcplQqUa1WqVQqFItFZXOI6FutViXMUjF3VrpyO3m3sbS0xM6dO8nlcsoicrlcyo5xOp3kcjkWFhZIJpPq+3A4HDQaDQKBALfddhu//du/TX9//3X7XWu2HvYb/QQ0Wx+73a4qX7E3ms0m5XJ5g1iZponNZlMiLL6xw+GgUqngcDgwDANYF+9CoUCpVFIVeLlcxuVyEQ6HqdfrVKtVHA4Hy8vLeL1eisUi7XYbq9VKsVhUVkqhUFAiWavVlKCWSiVyuRxutxubzYZpmhiGQbVapVar4XA4qNfrtNtt8vk8jUZDXRzq9TqA8pmvtR5CoRA9PT309PRgt9txuVwMDw8zNTXF7Ows09PThEIhrl69yurqKhaLhZ07dzI+Pk46nWbfvn28/vrrFAoFLBYLtVqNHTt28Eu/9EtEo1FOnz7N9773PaampkgkEvj9fiYmJtTFUPPzgxZpzaaI6IkfLRVnvV7Hbl9/CYkItlot5fPKwZoIaCKRIBgMKtFfWFggk8ng8XgwDINCoUAkEqFQKChLo1AoYBgG2WxWiWm1WsXlcqmKGFAec71eV4+TSqVU9SoVtd1up1wuU6/XlUUjdka5XMZqtar7E6GWC5TP5+O+++7j0UcfJRgM8uKLL7K4uKju/8yZM3z0ox/lgQce4Pz58zz//PN89rOf5R/+4R+YmJigVCpx++238/zzz/P000/jdDrxer3KdzdNk4sXLzI+Pk673SaVSinrZmxsjOHhYV588UXy+fw/+7vSPvbNhxZpzab4/X71lr3ZbNJsNjFNU1WunUIJqGpPrA1JOoyOjrK4uEgikaBSqbC0tITL5VJpi66uLqrVKna7nWg0qu6rUCjgdDoJh8Pq0M7hcNBsNrHb7ZRKJeWFBwIBKpUKrVaLer1OLpdTh5EWi4VisahsEfHT5ZBTfGuxWKxWK61WC4/Hwxe+8AXuv/9+XnvtNb72ta9x66238vLLL5PJZIhGozidTorFIo899hgPP/wwMzMzbNu2jW9/+9vUajW8Xi9TU1PY7XbuvfdeTp06pfzxaDTK0NAQTqeT1157jYWFBUKhEHv37iWTyZBMJsnn88RiMX7913+dH/3oR7z88svv+LsaHh6+Dq8IzfVEi7RmUzqr42q1SqFQUAItvrAkJwzDoNFoKN9akhJOp5P5+XlmZ2cJh8Pkcjna7baKwol14vf7cTqdAKpi9Hg8lMtlarUagDp0CwaDtFotdWhnmibFYlHFAkV0xe8W/1wOGOVCI0kNu92urA654CQSCX7/93+fcDjMX/zFX3DhwgXsdjuRSITf+q3fYm1tjddff11V99VqFb/fzy/8wi/wwx/+kIGBAebn5xkYGODSpUtUq1WKxSJ33323ivqVSiUuX77M+Pg4wWBQHSZevnyZ7du3YxgGs7OzNJtNDh06xK/92q8RjUZ58sknN/yeHA4HmUzmurwmNNcPLdKaTZFDtlKpxNLSkrIBJKYmotpoNHC5XBvSEU6nE4fDgcvlwuv1cvjwYbxeL7Ozs4yPj2Oz2QiFQvT29uL1etWhWbFYVJ601WrF5/PhcrmUbREKhZQoSkTP6/Vis9lIJpO0Wi0Vmbt48SJWq5XBwUGcTiftdlvZHHIoKMkMQEUG9+3bx7333suZM2d4/fXXabfbfOQjH6FWqzExMcFTTz3F9PQ0q6ur6mDVMAwymYyq6mu1Grt37+aBBx7glVde4fvf/z71ep1YLKYigi6Xi6mpKdrtNo1GA6/Xq5ItU1NT9PT0cOutt+Lz+YhEIlQqFT7/+c8zMTHBlStX1O/C6XQyNDR0Y14kmg8MLdKaTWm326TTaRYWFpSt0Gq1qNVqOJ1OVS13ip0kI5rNJo1Gg3A4DKxXe9VqlbW1NQqFAvPz8wSDQVwuF36/Xz2WaZrKs/X5fFQqFSVgNpuNTCZDoVCg3W7j8/lUM0hnw8ra2hpLS0sEAgHi8bi6qEgVfa3dIX/a7TYjIyN86lOfolwuMzk5SSKRIB6PMzs7y9zcnHqOg4ODLCwsMDc3p57L0aNHVR780qVLjI6O4nQ6uXLlivLKp6amuHTpEolEgjvvvJOxsTGy2Sy1Wo1MJkOr1VK58mg0Sl9fHzMzM/zlX/6lOqi87bbbmJubo1arEYvF+NCHPsT27dtv8KtF836jRVqzKblcjunpaex2O16vF1ivNiXvLJaDHLqJ0NntdpVJzmazLC8vKxF3OBzccsstGIbB3NwcqVSK7u5uDMNQCQy3243H46FWq1GtVpVYWywWurq6WFtbo91uUywWcbvdqkmmVqtRLBYplUqsra3R399PKBSiUqkoUZb0h6RB5Hnb7XZGRkb46le/SiqV4vXXX+f222/H4/FQKBQ4d+4cKysrGIbBkSNH8Hg8bNu2jWw2y+zsLI1Gg3Q6TaVSweVyEY/HGR4e5uzZs/T29qpuyHK5zB133MH58+c5ceIEt99+O1/4whd44YUXlI/f3d2N1+ulUqnw13/91zidTpUZHxsbIxgMcuTIEc6ePcuHPvQhQqGQepejuXnQIq3ZFGlRlhyvROZ8Pp+yNDozxHa7HYfDoQ7oXC4XHo+HbDZLPB5ndXVVRe3GxsYYGBggnU6zvLzMyMgIbrdbNcEUCgX19r/ZbCpvXBpr7HY7lUoFq9XK8vIyHo8Hp9OJzWajVqvR09OD0+lUh4wOh0N50LVajUKhoL5POeD8jd/4DcbHx8lms3i9Xrq6upiammJoaIi77roLv9/P3r17GRgY4Mknn+T8+fP88i//MocPH8blcjExMcFLL71EV1cXsViMRCLBc889h8/nw2azqe/P6/Wqn528S7nnnnuo1+ssLCzw4osv4nA46O3tJRgMYrVaCQaDuN1u1fJ+5MgR4vE4pVKJN954g4MHD17nV4fmg0Y3s2g2pdVq4XK51GFaPp/HMAzVRi3WxrUzLqSxA1BpicuXL2O329XnPR4PwWCQaDSqqmKbzYbf7yedTuN0OqnVathsNrxer5rjIe3dpmlSq9VoNptK/PL5vGq2cTgc6nbib0vWWuwZifKZpkk4HCYSiXDlyhXGx8eZn5/n+eef57HHHuNP//RPyeVy/Oqv/ioej4crV65w4cIF8vk8586d48qVK3z1q19leXlZXRjS6TTlchnDMKjVavj9fpU2OXHiBE6nE5/Ph8fjUd50JBLh6NGjyv6RdxVut1tZOY1GA5/PR6vVolgsMjU1xZUrV9i5c+cNe51oPhi0SGs2xeVyEQgElKBZLBYliNImLh1z0l4tVa7NZsMwDCXk0mFYr9dZWlpieXmZdDqt5m7A292CoVBIHRQ2Gg1qtdqGxIgMRJIDS4nYSZzObrfj8XhU1d1oNFQaRfzrZrNJpVLZIPLnz58nFovhdDqJRCJ4vV62b9/Offfdx7e+9S0effRRnnnmGU6dOkU+n+e+++4jGAxis9n40Ic+xMzMDJ/97GdptVqMjIyog9VQKMRXvvIV/t2/+3fKzujt7WVwcJBwOMzs7Cwvv/wyTz75JBaLhc9//vPqANHtdrN7927ldUt8b2VlhQMHDtBoNIjH4xw7duxGvlQ0HwDa7tBsiqQWTNOkUCioak46CEW8RZBFFKVTTxIgNpsNn8/H6dOnOXDgAOFwGNM0SafTGIZBsVgkFovhcDiIRCKsrKwogRPhl/SENJvY7fYNVkgwGKRcLuP1elV1LlW+2BySoZZ3AjKcKR6PE4lECAQCKmr44Q9/mMnJSW6//XblQ//xH/8x4XCYxcVFwuEw1WpVece5XI4vf/nLADz66KMUCgVOnjyprJWZmRn8fj8DAwNMTU2xsrKC3W6np6eHtbU17rzzToLBoHoen/nMZ1heXsYwDOLxOKZpMjY2htvtVh2Vg4OD3HHHHUxOTpJMJm/Y60TzwaBFWrMpkmWuVquqddvtduP1eqlWqzidzg0pD0lPiD0iiQyHw6FiaZVKRR1EulwuKpWKqpili1EODaUjUe6vt7dXjTQFKJfLANTrdVXZi4BLF6IcKPp8PnXoWS6XVZa62WwyOjpKKpUim82qg02bzUYikeDNN99Uh54yplVsoFQqxcLCAjabjeHhYUzTZHFxkXg8ziuvvMKuXbswDINyucypU6fo6upi9+7dzM/PU6lUWFxcJJlMYhgGoVAIq9XK1772NT7+8Y/T1dUFwPe//30GBgaoVqvkcjlGR0cZHh7m6NGjhEIhlpeXMU2TM2fOXO+Xh+YDRtsdmk0R0c1ms8pDDQaD1Go1yuWyEktAzcnorF7FB/b7/bhcLkKhEGtra0pM5TBNvFpYbyyRxhZJX0h3YiaTUbZLs9lU4t5oNKhUKsriEPGVcaM2m41KpQJApVKhVqthmqYaN9psNllaWiKbzXLw4EE+/elP8+yzz/KTn/yE1dVVfuVXfkXNzp6enlbzP6xWK/F4nIMHD5JIJPB4PBw/fpyrV6+q789ut6uWdvHsJbMtLem9vb34/X5WVlbwer3s2rWLAwcO8PLLL9Pd3U00GiUSiRAMBslmszz33HP8j//xP3j11VfZvXs3Fy9evP4vDs0Hjq6kNZvidrupVCo4nU7VRCKVqDSSyFjPdru9wR6RDLJhGNjtdnw+nxKi3t5etThABiqFw2ElwPV6XeWkZa6GVPWSo5aWcBF+r9ervPDO2SKAamcXcZfhStL40mg0GB0dVVPnTNMkHo+r1vDz589z8OBBWq0Wy8vLdHV1EY/HMQyDPXv28PTTT7O6uordbueP//iPeemll5ienlbjUIvFIk6nk7vuuovHHntMVfXSnXnx4kXuvPNOBgYGOH36NKlUiv7+fhXVCwaD+Hw+NR1QJgHOz89z9uxZqtWqasjR3DzoSlqzKTIqtLNylQ43aThpNptqTrLMapaqWywQqWJ7enpIp9PK315eXiafz9Pb20t3d7ea7ywT80TcpZsRUBWtjCEtlUrq4iF0jg8Vq6RUKlEqlQBUBQ7rgnzu3DlGRkYol8t8/etf59//+3+vfHGXy8XVq1eZnJzk3/ybf8M999yzYdD/6uqq2r6ysrJCpVJR3vni4iKtVovdu3dz9913qwPHXbt2qYy5/MzOnj2LzWajp6eHY8eO0Wq1GB0dZXR0lJ6eHtWFKTO9DcPA5/ORSqXU8CjNzYUWac2miCUAqPZuqT4lNdG5vUUGK3UONpLUh2ma+Hw+YrEY8/PzlEolIpEIDodD2SFyn51WifxpNBrKMshkMtTrdZXwANT2FrFd6vW6GqvaOW9EhjCJ3dBut7l69SrPPfccTqeThYUFLly4wGuvvcaPf/xjXnjhBUzTZMeOHaytrREMBlleXub06dOsrKzw0ksv8eMf/xjTNHnkkUc4fvw41WqVgwcPkkwmOXToEIcOHWJ+fl5FC4PBIA6HQ80kkXRKsVhkx44d7Nu3T41ttVgsbN++nXvuuYe+vj51UCmztcU6qlbfeXWW5mcXbXdoNkUG6osgyBxmaU/O5XJ4PB51kGaaploQIOIqVoUkQOLxOK+99ho9PT0sLy8Ti8V488032b59O9u3b98QtZNMtHQIxmIxVSGvra2pCjqbzVIsFgkEAsD6waNU753rr8SvlouGDFqy2WyUy2Wef/55Pv7xj/PGG2+wuLjIa6+9hsPhIBQKsbq6ytmzZzlz5gxer5dYLMbZs2eZm5ujp6eHvXv3kkqlsNlsBAIBEokE27dvZ2JiglqtxuLiItFoVMX9uru7mZ2dVVV5u93m5MmT/M7v/A7ZbBaAp556Co/Hw7PPPovD4WDHjh3s37+fy5cvMz8/r0a6+v1+XUnfhOhKWrMpkowQMZRmFElPSPUrSHOJ2BmdHYmlUgnTNPH7/aoJRHxrQHm6nY/TOadafFmAbDZLIBBQ1ojb7SYcDqtxpHLhEIumc3Y0vP0OQTLdTqeT5eVlotEolUqF/v5+7r77bj772c9y4MABkskkMzMzlMtlRkdH+dznPkdvby+9vb18+ctfJhqNcvz4cb797W+rdxxDQ0PceeedmKZJIpFQrexWq5Vz585x+PBhdcER8vk8MzMzTE9PMz09TTgcZmhoCLfbTS6X4/vf/z6PPfYYDoeD/fv3s7a2ptaZdf4eNDcHWqQ1m3LtvkJpDZctLNLIAahIHrzdZSiDlmQ0Z7PZxOv14vF4uHz5MouLi5imSTAYVNWg+N9SccphoGmaG5YOWCwW8vm8WnlVrVZVRer3+zdsVhFrQywRq9WK3+9XHX/ip//oRz+iUCioVVpPP/00a2trhMNhDMPg1ltv5cCBA8zNzVGpVOjq6lIHmocOHeKee+5Rcz/sdjs7duzgyJEjuN1ujh49qmaYyDuF4eFhtYDAarVy5513csstt7B9+3ZOnDhBd3e3et71ep2uri6uXLnCsWPHcLvdXLx4kQceeIBCocCRI0du2OtE88Gg7Q7NpkQiESKRCDMzMyo2ViqVcLvd6lCwM+0hlbPX61Wbv2E99iapD8Mw6OvrY3Fxkfn5eTVcSRYCyJyKcrmsEhrSYFKr1ZSPWygUaLVazMzMqGl4Ymd0zuoQWwPeXk4gW8PFahALJJfL8fjjj/ORj3yEK1eukEql1FyQXC5HMpnE6XSSTCYZHByk3W7z4IMP8sgjj/Dcc8+xurrKrbfeSn9/P8eOHWNlZYUvfOEL/Pf//t+55ZZb+OhHP8q2bdvU849EIrzwwgssLS2xZ88ePvaxj3H69GmWl5fZtWuXeheTz+cJh8Ok02lisRjVapU/+7M/U+NLE4mE+rlobh60SGs2pbM92zRNVldXN2wQ93g8KsIm3YZieXTmmSVtIQmF7u5uLBYLpVJJje0cHR1Vm16k6UW6+qTlO5/Pb5jtUa1WVRIE1u0COdg0DINcLqcOCSWNIXMwZNyptJFLdV6tVvne976HYRjs3r2baDSK1WrdkMMeHR1V38fXvvY1tm/fjtVq5a677sLn8/HEE0/wyiuvAJBKpXjzzTfx+XysrKxw9uxZBgYGVCfi4OAgIyMjatfi/fffz9TUlFrW6/P51OQ+GbYkkwXz+TzxeBy3283U1BSHb8irRPNBoUVasyn5fF75na1Wi/7+flKplKqQxUqQBpZisah294ngOhwOSqWSiuu1Wi0ikYjKQ2ezWTKZDPv27VNDiMSHlnkbss5KlgjYbDYVDWw0GirGZrFY1EjTzu3k8HZ7uTyfzkNEeVcgzxnWDxxfffVVVYlHo1G2bdtGb2+vOtwcGxvD5XJx9uxZ9RgnTpzg+eefp91u89BDD/Hcc8+RTCaZm5tjdHQUu93OwsKCslwkf16pVFhYWGBkZITt27erppbh4WG++c1vKl9aLmCFQoH9+/dz6dIlwuEwr7/++nV+dWg+aLRIazZFhDUSiZBOpxkbGyMcDpNMJgmFQgBqGp1UqIDaRSjRN5n5IYLr8XiUvy0VrNVqVd2H0iouWK1WtfVE5l3IXBA5kBSxliYVWU4go0oHBgao1+tqkp8MbgLUIWXnY3ZO8ztw4AA7duygv78fn8/HpUuXGBwcVNXu6OgoR48e5amnnuI73/kODoeDT33qU+zZs4cf/OAH1Ot1Jicn1ajTer2uEh8ixrL55pvf/Kb6fKlU4pFHHuG2227jhz/8ISsrK2SzWex2O3v37mVkZIS5uTnK5bJK1WhuHrRIazbFYrGQTqcJBoOk02my2Szbtm2ju7sbh8OhYmBSjcohmsT0OittqYRlw0swGCSXy6kDPhF1+Xrxp2URrny+VCpRKBTUfcsBomEYBAIB5VXLSi6xLQAWFxfVYaZcUCQBIp2VIs7ird92223s3LmTbdu24ff7cTgcRKNRPB4PVquVlZUVtXNwfn6eRqPBr//6r+N2u/n7v/97rl69SldXF5lMhnPnzpHJZIjH40SjUWw2G7/wC79AT08PFouF8+fPqy5NefewuLio8t6ZTIZqtcrhw4fp7+/niSeeUJ2fkUjkhr1ONB8MWqQ1m1IsFnE4HITDYcbHx9XGFckhOxwOstmsEjabzaYOGKVV2el0Kn9amlFkw0rn4WAul1MHfLVaTU3Vk2y2YRiqmUTEHlAWiFgngGqb7u3tVa3e9Xodv9+vxF8uDpKhlmQKrFfu/f39dHV14ff7aTQaau3X6uoqO3fuJBAIEI1GaTQa9Pf3k8lkGBoaYnp6GrfbzTPPPMPJkycJhUKqkl9aWuLKlSssLS1x7733ctttt6mMtwh8vV4nmUyyurpKrVajr6+P5eVllbd2u93s2rWLN954g7m5Ofbs2cPa2hp+v/96vjQ01wEt0ppNkapXhgCVSiXi8TjNZlOJl8yzENshkUgAKDGWphZANV+4XC6i0SiLi4vAejV7/PhxKpUKR44cUYkRl8ulZnRIJT45OakqZBmoLx13IsCyRfyWW26hWq0q31tSH5KnlsNOsTvkQgPwwAMPsLi4qA45ZSrfyMgIrVaLVCrF6uoq5XKZSqXCxz72MeLxOIcPH+bxxx9XMzjq9Tq9vb1YLBZlkczOznLs2DHlLXu9XtLptIokSjfloUOH1PqyVqvF0NAQR44cUVtlQqEQwWCQN998k+Hh4RvwCtF8kGiR1myKzGqWJhSpPqXqlBkeUi0vLCywuLio2rztdjuGYahRoiK0zWaTaDS6YdZzuVwmEokwPDzMK6+8QrVaVTM72u02hUKBTCajtqhUq1VKpZKalicJE7FADMNQKROZhCcXDNn60rmpRap4t9vN7/3e73H58mXlkYuPnk6nKZVKqosxHA7zwAMPcMstt+BwOJSd8uqrrzIxMaG+r1QqRU9PD8VikW3btikvPZVK0Wg0mJ6eJpVKqUNOmeD32muvcfjwYcrlMocPH6Zer3P8+HH8fj/d3d14PB4AlU7R3FxokdZsimmadHV1kUwmabVaaha0WAzSQOJ0OlldXVVxvbW1NRVZ8/l8DA0N4XK5KJfLOJ1ONZBJ/GqxQwYGBhgeHubixYtKeJrNporhyahUSYjk83k16H9tbQ2r1Uq5XCYejzMwMEA2m1WzsGXXolgsgUBAeeoul4vV1VWcTicPPfQQFouFVCpFOBxW3YIytc7n87Fnzx5sNhsHDhzA7/dTLBZ57rnnGBkZ4fLly1y+fFkdhnZuQR8eHubcuXP09/czMDBAKpVSQ5bkZyGt8C6Xi9HRUXVBO336NIcOHSIejzM/Pw+gNouPj4+ztLR0g18tmvcbLdKaTXG73SSTSZLJpGo2EfEplUoYhqFExuPxEIlEyOVyGIahVmPNzMywtLSk8r47d+6k3W4zMTGxIZFhs9nYtm0bzWaTYDBItVplcnKSPXv24PF41JIAi8VCJpNRrd5SFUtUUA7XAoGAEm35vKQ5pItPFtAmk0klqIcOHeLNN9+kt7dXpSl8Ph+33norR48exWKxMD8/Tz6f56WXXmJiYoIzZ87QaDT4xCc+wTPPPKOqcnksWD+0TKfTjI6O4vP5VKpFbrNz505isZjKesvPUd4p7N+/n/Hxca5cuUI8HqdQKKguRIDl5eXr/OrQfNBokdZsSnd3N1evXlWZ5UNaY9wAACAASURBVLW1NdWYIj6q1+tVXrMcFqbTadU8Iv7twsICjUaDS5cuKYtDqmgR6XA4TDabJZ1OMz09TTqdVt2Nkm8ul8vK/pBpdzLiVPzpvXv30mw2VaYa1q2ZQCCg4nriMYvlIYeZckApM6N9Ph+JRAKLxcIPfvADDh06xHe/+12OHTuGYRgMDAwoEZ+amuLFF1/c4MeLRw7rB6Lnzp3D5/MxODhId3c3TqeT3t5e0uk08/PzKs+9Y8cOVaVXKhVWV1e5evUqxWKR3bt3s7CwoJb3hkIhUqnUDXudaD4YtEhrNqVQKGC1Wunt7aVarRKPx3E4HGp+hoizJDekMpSWcJktLbeBtyvLzjGksC7YfX19ynt++eWX1deGQiElzNJaLp13Mt5UHlOGMEkV6vf7VU5bqnaZMyI+u/z/tttu48c//jFdXV1qTZXH4+HixYs8/vjjvPDCC/T29hIOh+np6WF4eJienh6OHj3Kt771Lf7hH/5hw+hWyWxfS7FY5Pz583z605/GYrHw7LPPKqvDZrOpw8Bz586RSCRIJpPE43H27t2LYRjccsstlMtljh07pjxyPfT/5kOLtOanQqpbEUxZ5CqD5uVwT/YWptNpNStZLAnxnEWQJacs0T0ZZyqZZTn8W15eZmVlRW0sb7fbrK6uAm+LvXQZirURCoW4dOkSd911F41GQ63iKpfLqlGmt7eXmZkZlerwer08+uijRKNR5ubm2LlzJ319fczNzXHu3Dm+853vqG6/YDDIn//5nzM5Ocnjjz/OysoKv/u7v8uVK1c2HEB2TrjrnHQn3HHHHQwMDDAxMbHhgDSdTiuveseOHepxpTovl8skk0n8fj/bt29X7xAk8aG5edAirdmUWq2m2rw7Z3OIqEhnnDSxiEfd2b3XOcBfvGAZTypIm7VU5jJ72m63MzMzw65du8jn89jtdoaHh7Hb7SrpIflnuX9YT1S0Wi0Mw8Dr9RKPx5mcnFT+riyiFeHr6enB5XIxPT3NXXfdxbe//W2mpqZotVr4fD7uuOMOIpEIk5OTfOUrX1EedKVS4amnnlIC2XmB6ZwL0rnKS/jsZz9LLpfj4sWLRCIRlQsvl8vKr3a73SwvL6v7kPZ30zRV5RyNRjf425qbBy3Smp+KfD5PIBBgeXmZ7u5ums0mPp9P5ZJN0ySfz6sKW7a3dDavdDapiL8sIi7T66QJRrxiua90Oq2SHdKJuLa2pu5f9i/Kyirxd3O5HIlEgq6uLmZmZtRzHB4eJpfLKVHz+XwUCgXefPNNyuUyTzzxBF1dXdx9991kMhnGxsaIxWIEg0EefPBBLl26RC6X4xvf+Iaq6oXOWSGSwxZR7UTifBMTE/T09JDL5dTHOw8yLRbLhsNSyVED6t1AV1eX8to1NxdapDWbIjG7UCi0Ye+gDNQXC0GEUg4PA4GA2r0nczhERGSjuIi07O2T1nCpwmUWRbFYJJPJqCaUarWK2+0mk8moirhWqymxHxsbY2VlRVXaFosFv99PMBhUtohE++x2O8VikUQiwZtvvsnVq1fp7u5WPve9995LMplUm2FeffVVjh8/TiqV2nA42EnnOwipdq+9zR133MGzzz7L7t278fl8OBwOzp49i8ViURcQ6YYMBoMUi0XcbjcPP/yw+rnm83ksFosSdhF6zc2DFmnNpvh8PpWEEJEDVATP7XZTLBbVvkLxfEWYRZw6Zzdf69XKMgERJamQfT6f2qoiM0PEn5XYX7FYZHZ2FsMwVLa43W6TSCTUWFWr1crg4KBKm9TrdSKRCKVSSTWNpNNptm3bxsjIiJohffjwYTXP4/HHH+fy5csUCoUNC3mvFd9r6cyCC5LceOWVV/jUpz7F5OQkf/d3f6cidJ0/G8l3NxoNBgcHWVxcpF6vs2vXLj7ykY8wOjpKLpdTCxI0NxdapDWb0mg0VFebzWYjkUgoi0HE0ufzbfBFA4GAEmk5SOschtS5MUUODJ1OpxLEgwcPMj4+zsWLF6nX61itVtLptGpCkZ2HMijJYrHg9XrVhDyZb10ul6lWq/T19RGLxfB4PAQCATXBTw4+Zezq2bNn6e3tJRaLqRz3M888w8LCglpm2ymgMqf6nfiXRPxzn/sca2trHDx4kJWVFdUm7nQ6iUajLC8vb0jCDAwMMDs7i9frxefzqXc0rVaLcDjM9PQ0+/bt2/SCofnZQ192NZuytLREpVIhn8+rGc6ywQTWRVwsDpk9LVWt2CKAqvJk7rT8X9ZyyYFioVBQG7BltZXH46FarZJMJpWvLPG6oaEhdu7cSTAYBCAejxOLxbBYLIyMjDA7O4vNZsPn8/Hggw8yMzOjDuGkajcMg2q1Sr1eZ3p6mnPnzjE7O8vp06eZmJhQvrvMD5GLDrxzakPojBiKgHo8Hh555BEKhQKf+9znsFqtHDt2DJfLxZEjR4hEIv9kWJXX66VcLnPu3DnOnDnD66+/zpkzZ5iamlLRQr/frza+aG4etEhrNkWG0dtsNjUCtN1uk8vlVMJDhjCJ+EmWWRpLpPlF6KympRoWS0XauGW+h1TaMsSpWq1Sq9VIJpOsra0pX7per6umlmQyqTzbiYkJNXb09ttvV/OtpZ1cZn54vV61bUbmcsj3ce0KLvkerrVu3gkRdLmN5KKPHj3KlStXeOmllygWi4RCIXw+H3Nzc2oRr9VqJZlMcvr0aQKBALfffjuHDx+m0WiwvLzM7OwsgUCAcDjMiRMn9MHhTYi2OzSbIgOMcrkc2WyWcDhMKBRibW2N3t5eleiQpg1ZCisHiyJiUhl2DjOSr5OOQ9M0OXfuHHv27CGRSBCJRNTCAEAd+nUKZ6VSURWuHHI6HA4ymQzZbJa5uTmWl5cZGBjA7/dz9913c+rUKbVh2+fzqSYXOezs7IKUJbGdqQ25wAAbPPdr7Qb5vsUXdzqdfOlLX2Jqagqv18vExASBQACfz0cqleKNN95QFw6Hw6G+3uFwMDAwQLlcxu/385nPfAafz8eOHTu4cOGCihcmk0m81/G1ofng0ZW0ZlNeeeUVUqkU6XSaTCbD3NwcqVRKpTpkvnS5XAZQ1bMIX2fDiaQ6OqNlskDA4/Gwc+dOtU5qbGyM7du3q+FHnQtvZca01+vF7/fjdruVZWKxWFhaWlILAGq1GidPnqTZbJLP57n//vvV1/h8PiXIcvAmyY9GowG8vRCg8+IgSJpEKvBrK+rOSttisTA2NsbCwgK9vb20222KxSL5fF755ZlMRv185KIXCoXweDwq7y2b030+n/Lno9Eov/RLv0Q0Gr1OrwrN9UJX0ppNkel3Moo0GAxy+fJltbk6FAqpZIbdbsftdqtMtVTAIlbd3d1qel0wGGRgYIBIJEImk6HRaHDnnXeytrZGsVik3W7j9XqVYFmtVnW/7XZbVcCdFwmr1crq6ipWq5WdO3ficDjw+/3Mzs6yurpKOBxmbGyMnp4e7HY7Pp9PzQGRsaedjTedlkznGNDOpbbX3vafs0QAPvzhD/Nnf/Zn/NEf/RHZbFZtu+np6SGZTKquQrn/np4edu/ezauvvqpWa8F6y30mk6FUKjE7O0tfX58a66q5udCVtGZTGo2G8pkXFxdZW1tTjSzpdHrDRhMRpGazuaGbT+Y333bbbTz44IOMjIywY8cOms2mGmm6uLjI4uIiXV1drK6uqmy23W5XIii+sXT6iQdtGIZaayWNHefPn+eNN96gq6uLarXKk08+SSQSUXOZy+Wy8qXFE5fKWMRVqmiZO90putIGf+3H5D46/y8NNsPDwxSLRcbHxxkbG+PUqVNqnZYcvoq1sX//fqLRKOPj42QyGS5cuEAsFmPfvn289tprTExM0Gq1OHPmDOPj4ySTSRWP1Nw86Epasyk2m41qtUqz2QTW7YzBwUEuXLigkh6tVkt10EllK9E5GfQviY9Go0FPT4+aO+12u6nX68RiMX784x/TaDTYvn07sViM/fv389JLL1EoFJQ3LZaJLJn1eDyUy2Xlg8/MzJDL5UilUgSDQa5evUq1WmVxcZGXXnqJO++8k8OHD/Pd734XePtgT+wZEWbxpGWvYqcPLemLaxMena3acmGRjz/88MPs27cPt9vN3/7t35LL5dR0QWmMabfb6h3GwsIC8/PzhMNhFUvs6ekB4Itf/CL79+9XCZf5+XkmJibo6+u7fi8MzXVBV9KaTenu7lZvs6XKlO0qgFoAUCqVgHVBktGaUmk2m01CoRCLi4ssLS2pNnNYn4E8NDSEx+NR4zdffvllTNPE6XRy5MgRdSgocTwZ2CQ2xbVVq9gWAIFAQG0GP3bsGAADAwPce++9OBwOlQHv7HKUyt/pdG44wBPk352Hhp236fSt5d+33HILf/RHf0RfX58anhQOh/H5fNx7773qdlevXuXUqVMquSGplfHxcZXz9ng8pFIpkskkNpuND3/4w9Trde6+++73+9evucFokdZsit/vx2KxKH/Z4XAo4atWq1SrVQzDUE0s0iEododUk8PDwyQSCUZGRpTIAGomhc1mY2lpiXg8TiaTwel00t/fz/79+5VQOhwOVZHLgaIIqdguknrweDyq0UZWZ73xxhucP3+edrvNAw88gGEYanuMvFOQahrerrLlMeSCJAeFwIaDQdhYQcu/Q6EQgUCAj33sY8RiMWKxmLpI5PN5lpeXVSOQ3I/b7cbv96tmnA9/+MMqhy4/t3a7TalUUrM9dFv4zYcWac2muFwu9ZZf0gbiO0tFLOutpBqt1Wpqk7ikOmKxmOoYlBVYMpFudnZWtW673W4WFhY4e/YsDoeDsbEx7rjjDlW5S6OLHObJLA+n00m9XicYDOL1eqnVaiQSCTWbQ2yMP//zP2d5eRnDMHjwwQdVM0ipVFIXIhFjySp3TrYTUZbK/VquPTwEuPvuu1V13tPTQ29vL6lUiu7ubtrtNuPj4+pnLBcen8+nluWapslPfvIT5ufnOX/+PLOzs5w4cYL/+T//J5OTk1SrVbq7u3nxxRc/+BeE5rqiRVqzKbFYDLfbrdZM9fX1Kb9Z2q9lWa20Yku7uCB2iN/vp1arsbKygsViUfNAEomEsknm5+exWq2cPHmSdDqN0+nki1/8Il6vVx2MieURCATUiixY37ySTqdZWFggEAiotm+Znmez2RgfH+c73/kOjUaD++67j6GhIRqNhhqoJNW/JFbEdrlWoK+N18kFSr6ucyHu4cOH+YM/+AOeeOIJNajJMAxWVlZUoqNzhKvValVjS6W78uGHH+aTn/wkX/ziF/n0pz9NqVRiYWGBXC6H1Wrl4MGDehHtTYgWac2mBINBIpEIdrudvr4+du7cucG/7dx5CKhtLFIVSiUqa6HEAigUCiq2V61WWV5eVl1+knb4m7/5G7LZLKFQiHvvvRdArb6SAUvVahV4e1CTWBQyBtTj8RAOh9U2lVgsxjPPPMOFCxewWq187nOfU7sEpdqWdV0yT0Qe4526C0XYxauXi5O0dMtWm6WlJZaXl+np6WHXrl0YhqHijTLy1Wq1sm/fPiX0y8vLqqPw1KlTatB/NpvloYce4pOf/CS/+Zu/iWEYLC4uqmy35uZBpzs0m3L27FkAvF4v/+E//AdWV1eVPSE55c5lsuKtSvUptkdvb6+aZie+tbRB2+12ZRHEYjGuXr2K3W5ncnKSP/zDP+S+++6jq6tLjTQtFotqwFNnk4mMTq1UKmq6XSaTIZPJqANCmaz3N3/zN/zbf/tvSSQSxGIxXC4XbreblZUVfD6f8njdbreK53VO8ZMq+9ruxHc6NFxZWcHlcpFIJAiHw/z1X/81CwsLG7oWTdMkHo9vGF4ly2cPHDhAf38/Q0NDBINByuUy5XJZxRVlroduC7/50CKt2RSv18vy8jJHjx7l4sWLymqQMZoy7rPRaCgPVWJ14k+HQiEVH5ucnCSdTrNz584NDS+y4UWm0olXnMvl+Md//Efq9Trd3d0qLy0Hl2tra8Dbs5vdbrfakhKPx1WFLhaN1+ulVCpRKBT4kz/5E3bv3q22wMhcEqvVSrFYBFBxP8k/i20iVob41rIhpvP7EUHv6+tTuefnnnuOxcVFlYe+cuWKEnnDMLh8+TJDQ0NUq1WOHDnCyMgI5XKZ7u5uwuEwa2tr5PN5rFYriUSCF154gfn5ebq6utSFSHPzoEVasynS9pzL5fD7/ZTLZTKZjMpO+/1+8vm8mtVRLBaVrypNIAMDA+zatYu5uTkOHjzIiRMnKBaLRKNRJfDiycrjiShKQkPWYcH6DA8RNpfLRb1eV8P/xQoxDEM9l0AgoLoj0+m0sltarRbPP/88Pp+PdDqtmkmuHUEqkT9pT5eNK2LxyLuJzgNNeTch80Xuv/9+Ll26xOXLl5Vwy8/MZrMRiUSw2WzY7XZuvfVWHnroIYaHh8nn83g8Hp5++mlyuRxDQ0MMDw+rpb9ra2sEg0G6urp45plnuP+OG/Iy0XxAaE9asykWi4WhoSHK5TKXLl1S4iQC02g0yOVyeL1evF6vWnvVOWDJ5XIxMTHBuXPnOH78uKoiZYnq8PAwfX19qhqWwf2SiKjX6+pjEn3rHBkqcy1ENKPRqGqogfVxq5KphvWGnGq1qtZtSVej3J9M2hM68+FSHXfOJIGNW1jk43II2W63OXnypMpGDw4OkkwmyWQytNttQqEQg4ODZLNZJdSBQIBvfOMbyiLav38/TzzxBAsLC7RaLf7zf/7P/NVf/RXVapVHHnkEt9tNNpv94F8QmuuKrqQ1mxIMBhkeHt7ghcK60Ik9IXExETZ52y/NLJVKhVqtxvbt2zly5AimaTIzMwOsi9nly5fp6uoiFArh9XqV1SBetcTSRLDl62D9MC+bzapluHLhkPy1w+FQB5hiw0jVC+uCXqlUlMCJ+HceAIq9U61W1Yxs+bg8x84hTNdmxMfHx3nhhRd46KGHVDUuK8BgfWmuLL2V55XJZBgfH+fkyZNYLBZefPFFotEoPT09XLhwgcHBQQzD4GMf+xitVotjx45tuLBobg60SGs25Tdyn4DXr/1olF9mN/iBFzo/Prb+lw1wv/UHIAu8tvEeDrL/rX8Nr/+1ds1DrPxLz2r4nT/cfOvvCuuv7sg73MbZ8fHYW3/73/rzQXEC7hv6HTj31v+998Ktb/175zvcfhwYT/KbfAZ+sP6h2/llKEL7/5mgH+hnNwDtUxMUgP+DhyHwDr8qzc802u7QaDSaLYwWaY1Go9nCaJHWaDSaLYz2pDXvGovdSuL+7bh7AhQm0yR/MgMd26PCB3ppFGoUJ9L/4v3YfU56f3EXZr3FynOTNPJvH35ZHFa6791O4UqKdsvENxxh9cXpDY+j0dzMaJHWvGvaTZPlH03Q/6m92Fx2+j+5F7PepL5WwTcSod1u4+kLUriSopYu4x0KU5rN4h0MUV0uUJhI4+71U17I4QgYVFeLxD40jNVhw6w3yb65TOKjO/H2h4h/aIj8lfWpefF7RrBYLbh7Ayw+eYn6mh50r7l50XaH5j0R3NONzbCTfnUBs94kcqCP4N5uFr53gfpamdSpeZxRDxarBU9vgOBYjPylJI18ld5f3IUz5KbdauMbDhM52EfhchKz3iR0Sw+Rg/1kXrtKeSFHaT5LcSJNaG8Cu9dJI1/D0xvAuy10o38EGs37js3jwIj7MOI+XUlr3j12r5Ntn9lHI1ul9xO78PQFMRvrnXr9n96LWWvSLBewOmxED22jc5F2fjxJ74NjLD87AUBxOkN5IUfs7mFcEQ/tZov6WpnYh4axe51Uk0X8u7ooza7hGwoT3NO94f40mpuJ6J3b2P8fHwC03aF5DzRLdc79x6ff/oCFt71iqwXM9f8kX5xZ/xxvfz5yex/F6TVKs1nMWpPJv3zlHe/nn/Wfr7k/jeZmIv3KPGbTxGq3apHWvDdcMS+xu4bIvLFIaTqDbyRC7OgQ5fksyROzmPW3ZkpfI6Zrp6/SbrXxDoYoXE4ROdhHPVeFdht3wk/69FViRwdpFutUlvKU56/ZOKLFWXMT0yo3yJ5bInKgT4u05r0R3NONf0eUVqVBaTqDdyhMZTGPI+gm8dGdWB02rE4b5fksgbE49bWyOkRslurUUmVC+xIEdsVZemocR9Cg9+O7aJYb9D04xspzU7SbJvG7h7HYrWTOLBK+tYfCZBpXlxez0WLph1dU1a7R3CykTs4ROdCnDw417x6Lw4qnL4DN7cDV5cEV80IbzKZJZTGHbziC2WjRyFfXDwUn0hsOEV1RD55eP2bDZO3MVWhDu2FSS5XoOjJIZTGPq8uLZ1uQdqtNI1sl8dGdOKMewgf6MBJ+0q/Ma4HW3JSkTs4BOt2heQ9YrFbsHif1tTLh/b1Y7VYsNivd94zQdWSQzOuL+HdECe7uXrcyaP+TQ8RGoYZvKExoX0L5zMWZDM6Qm+pKccPjtVsmtWQJ2pC7sAKttrY9NDctpdkMlaW8tjs07x6z1mTiGy9jsVtpN9fHdlaWCiw/fUXdJnlifdKdiOk7HSJiGf/Xie1bh5Krz0+9p+ev0Wx1UifntEhr3jsi0O/8yZ/iY//aaljbG5qfE1In57TdodFoNFuVtTNXtUhrNBrNVsWst7RIazQazVZGi7RGo9FsYbRIazQazRZGi7RGo9FsYbRIazQazRZGi7RGo9FsYbRIazQazRZGi7RGo9FsYbRIazQazRZGi7RGo9FsYbRIazQazRZGi7RGo9FsYbRIazQazRZGz5PWbMrrv/mlG/0UNJqfW3QlrdFoNFsYLdIajUazhdEirdFoNFsYLdIajUazhdEirdFoNFsYne7QKL71+/fd6Keg0WiuQVfSGo1Gs4XRIq3RaDRbGC3SGo1Gs4XRIq3RaDRbGC3SGo1Gs4XRIq3RaDRbGC3SGo1Gs4XROWnNzxG93PmRB7j/l+/i6J5RjMn/xgNf+eaNflIazb+IFmnNzw+P/C7/71d2Ub14jnTLyfCNfj4azU+BFmnNzw/f/N954K3C+f/8uxNapDU/E2hPWqPRaLYwWqQ1Go1mC6NFWqPRaLYwWqQ1Go1mC6NFWqPRaLYwWqQ1Go1mC6MjeJqfS/7T5+/iP93oJ6HR/BToSlqj0Wi2MFqkNRqNZgujRVqj0Wi2MFqkNRqNZgujRVqj0Wi2MFqkNRqNZgujRVqj0Wi2MFqkNRqNZgujRVqj0Wi2MFqkNRqNZgujRVqj0Wi2MFqkNRqNZgujRVqj0Wi2MFqkNRqNZgujRVqj0Wi2MFqkNRqNZgujRVqj0Wi2MFqkNRqNZgujRVqj0Wi2MFqkNRqNZgujRVqj0Wi2MFqkNRqNZgujRVqj0Wi2MFqkNRqNZgujRVqj0Wi2MPYb/QQ0W5//7Vf/1xv9FDT/Cv7b1//iRj8FzfuIrqQ1Go1mC6NFWqPRaLYwWqQ1Go1mC6NFWqPRaLYwWqQ1Go1mC6NFWqPRaLYwWqQ1Go1mC6Nz0pr3TLt9o5/Bzw8Wy41+BprrjRZpzXvGbJl887+eePd3YLFopf8psNqsPPprd93op6G5zmiR1rxv7NyXwGa34TLsWACR3UqpjsNpo1puMHlxhe27u2mZJm6Pk7VkkUjMx8UzV2/kU9do/tX8X/XHAGi1WgA4nU4Mw8A0TRqNBgBWqxWn04nD4cBms1GtVrHb7errLBYLrVaLer2OxWLBYrFs+LfdbteetOb9w+G0ceXNJarlOu02BEJuGvX1F7DFYsFmX3+52exWZi6nsFotrFzNMXM5eSOftkbzrvD7/dhsNiW2NpuNdrtNq9XCZrMpAQZwOBy033q3aLVaKZfL1Go16vU6rVaLdruNaZo0m031d6vVotls6kpa8/4xP73GyFicqUureP0u6rUWwYgHf9AgtVIAYGQsTr3WpHcgxPz0GrTXK22N5mcNEVjDMLBarTQaDSwWC1arVQmyiK9UyM1mk2azic1mw+l00mg0ME0Th8OBaZqYpgmsV9lShWuR1rxnLFYLe2/vV/8fvaXnn9wmGvdt+L/X7yLc5YXhyAf+/G4WLPrUcEtht9ux2+20222q1aoSZLvdvqGCttlsNJtNrFarsjEcDgcAHo+HVquFaZrUajUsFgvtdlt9vlaraZHWvHesVgsHjgzd6Keh0VxXbDabsjt8Pp+qlk3TxGq1YrPZgPVqWmwMi8WCYRg0m008Hg92u51isagsExF+l8ulhF6LtEaj0bwLrNb1MxY5JGy1WjgcDhwOB81mE6/XS6PRUDaI+NZiiZimqfxoi8VCtVqlXq8r8bdaresV+I38JjUajeZnlXK5rCrpWq0GrAt1qVTCbrdTKpUolUpKcF0ul/KrDcPAYrHQaDSw2+3rB4R2O4ZhbKi8rVarrqQ1Go3m3SDROVj3p0Ww2+02pVJJVdpyG/m7M83hdDopl8s0m01VYbtcrg22hxZpjUajeZdUq1X1b7E1OrHb7TgcDvU5m81GMBjENE0l5FJJO51OvF4vzWYTQGWutUhrNBrNu0By0W63W3nPUlGLB20YhorT2e12TNOkWCzSbrdpNBrYbDZcLhc2mw2v10u73Vaft9vt69X1jf5GNRqN5mcRi8Wiugsl7ywRPBHwarWqUh1ywKi85rcsDYfDgWEYVCoVisWiut98Pq8raY1Go3m3SPbZarXidruVnQEof1mEGNajeO12G5fLpb6+XC6rXLUkO9rtNk6nU2WntUhrbiiFXAV/0P2On2vUW7RaJobbcZ2f1TrlYg2n4cBu1284Nf8U0zRxuVxKkCXFIaJrtVpVM4s0stRqtQ3t4c1mU90mEAgAUCwWgfW280ajoe0OzftPq2ly5cLyT3Xb2YnUP/u5Yr5KJlWk3YZmw/xnH8s0P5gJessLOWrVxgdy35qffSTNIXaFVM1SDQNqBgegoncOh2NDBe5yuQiFQkrYPR4PgUBAibwWac37ztXZNVLLeTVc6b3Sapmkk+uzP6qVBtl0WX0un61oIdXcENxuwFce9QAAIABJREFUN36/H6vVqnLS8HaF7XK5cDgcOJ1OVUnL7A7xr10uFx6PB6/Xi8fjoV6vU61WaTabKi+tRVrzvpPLlNl7YBvz0+n35f7sdivdvUEAGrUmhXxFfS7c5cXtcb4vj6PR/GuwWq20Wi01e0PmbkgV3Wq11u2KtwYlie0h/nO73VbNLdVqVaU9DMNQ3rZuZtG875SLddxeF4Gwm6nxlQ2fExuk88WZz74tuItzGbLpEja7DdptatUmsR4/jUaLpfkMkS4f05dXqZQblIs1onE/rZaJ1+/C5zfIZyvMT6WxO2y0zTYuw87QaByLBSYuLGOz22jU1zOo1UqDnm1hYgk/mVSJ5HIe2lCvN4l2++npD13Xn5vmZ4/OYUnSjALrFofkouVznbeXoUwSyZPhTLVajXK5jM/nw2az0Wg09BQ8zfvP/FSKoV1xAHwBN/lshUBo/WDw/JkFdu5NbKh8z56aBWB1MU+91mTPgben6aWWCzQaTdrm+jhT34jB8GicbKbMtuEoAHOTaQy3g1q1yfTlVW69c1CtmFpbLTI1vsL2sW6ya2VuPTSI0ylDb+DsqRliCT/hLu/6RL63OPPSjBZpzaaI3yyWhohxvV5XCQ6Hw6G8ZpnRIQeNMm9a5kabpolhGACqG1HnpDXvK+23KlGXa/3aP7A9yvzUuuVRq65//FprQhYBrCxmGdwRe8fP/TTMTSYZ3dezYQdgJO6jXFz3Cg23Qwk0rG/ssjts194NsL68QKP5aehs45bDQDlQrNfrVCoVNTvaMAzVsCLiLaLdGd+T+/B4PLqS1ry/pJbzuD1OCh0WRrFQxTTbFHNV/KF3jtqBvBV8949dqzbf0Ztenza2efqjVKiRz1aolOpkUsV3/0Q0Pzc4HA51GCjes91up16vK89ZLI1KpaK8aam65esbjQYej4darYZpmthsNux2+9v3eaO/Uc3Nw8pijq5EgFLHppVw1MvK1SwO59Z9qV04s0Ag7CEc9dLdF6Rcqm3+RZqfe2TUqM1mUxtVLBaL2rjicDiU7SEHi7KVRWwOOSRstVqqIu9MhFSrVS3SmveHZqOFzWYl0Rfc8PHungBnX55l7NY+5pL/fCb6vWad7f9/e2fWJVd5pennzENEZGTkLKUmhBKQMNjYZcq9qqu7FvUr6m/2VXevWn1RvrFrwpTBgC0wKaEhxxjPPPXFif0pQkoJkBMLie9ZiyVljCfS6Z1b+3v3+zoWWfZo1PLodWtM8+ktepoU2I7FpWs6IUbz3TAMA8/zljygZQux1+upFXGR2rlu+y89OTgE6HQ6ys5U5tBSpEVfrWfSmnPh7p9PuXRGFJZhGjiujWEaxLOMoniknW4alMZ5baPLg7ujpedmyRn6Z8OgKp9cbLlyfYM/ffKAZqHWnx7N6PT8Z163ZZnkc8WHUJbno+/WvNpIpyxFVzyiZZ4shTcMQ/W1bCjKyGPR6tT3feI4JkkSsiwjyzIdRKs5P8qieup695XXNzh6OOHmz3b57KN7OI6NaRk0dYMftN3FpdfW+OKzA/7w4dethG5+Ej7Y6GAY4Pntani35/Hnzw/5/PcP6A8CXM/CtEzCrsvO7iqf/OddHNemqWtc3+G1N1qlyVmr5X7g4LgWK/2AT+fX1XY4beft+vYzu3DNjxtZ6waUk51sHooET7YQJbTWdV0luRPZnbyO6KSTpD3TCYJAz6Q158fe2ztPva/X9+n12472nb+58tTHvf7W9lPvu7bXKj8M0+Dd989+jY3tHhvbvTPvu3HryeuT2668vnHmc/QIRPMsRI0hKeDSTed5TpZlypOjaZqlPz3Po65rpa2WxBaZb8umoTQqukhrNBrNcyCHhZZl4TgOYRgCKF10WZaqsxZJnu/7S/NmcbyT+KxFSZ5Wd2g0Gs1fQK/XU1FYopF2HEdZjIoOWgz+Hacducn8OYoitaUonXS322U2m5EkCUEQtHK8F/khNa8Wf/jwa7WA0jQQhC6Xr6/rua7mlSSOW6MvGXtMJhOlfZaVcECNNsQhryxLkiShrmtVwMUNb/HgUNQeukhrzg/D4M13LqovR6cxv//3O/z0/asv8KI0mu8HOeATlYf4bYjcTla9Zb5smiZFUajRx9ramnK9m06nKmF8MQ9Rr4VrvldW10Js2yLPym9+sEbzktHtdtWh36KJkig55OAvDEM1upCtRAmZFQc96cblMWJl2jSN7qQ13y+2Y7W6Zq/1mZ4ME0zToCgqrry+wcpqwPHBlIP7Y2zLpAE2d1ZY3+qSZyW3Pz1YGpfcuLWDbZt8+dkB1x9Tg+zfPmb36hqnR1PKsmYyat/rjZ9cYP/2MfEswzQNmgbWt7ts7qxw54tjolmGaRgUecVrb27R6Xkc3BtzcjjFml/TzqVVVtfCv+43T/ODZjabqQ5aDgWLolCLKuLRIcV2MVrLMAyiKFKFWrrtOI6XthL1uEPzvdI0MJsk+KHLwb0xVdVw82e76r7f/eYrfvarqzy4O+Kdv7n8xHM/+c+v+ckvLivDoywp+MOHX/PuL68QL6yeC0nU+iVkaUlRVLz1bjt62b99jOfbXL2xsfT6X//5BMe1uPnT9prqquGjf93nZ7+6xuGDyRPXpNEsItuEsm0oBVmM/aXYyuhCXO6SJCGKIpXQIl4fkmu4qBrRB4eac2UyjPni09ZDuq4birxk71brTHf4YLykkTYM2NzpMTqNVeexyPB4xuZOb8mRzgsc/MAhjb85iWVts6v+Ph7GvPvLZW21YcDwOOKdhdtNy6C/FhLPsjOvSaNZREJlxeVOUsClWIvRv+d5Sukhqg8JpwWUg57ruiRJoiR8UsB1kdacG90VXy2G3P7DQ668vkF3pV1imYwSPv/9/aXHx7Mc27XZvtjnv/51n9X1DhcuD3Bci/EwZnNn5Yn36A9CJuPkidufxdPUJaPT6Ilrmo5T+oOQja0e//VvdxhsdNi5tIrzFFtTzY8XOQwUMyRRcJimSZIk+L6vRhidToeyLJlOp8rDQ5ZZTLM9GszzXC3ASEdd17Uu0przw7RM1fm+8c4FPvrXfd771WsYRltcF5Ufj7N1sc9kFPPHjx/QWw1Y2M5eomnOvPm5WF3vPPOaLlwZMD6N+Oyje6xv9rh4dXBO76x5FXAcRx0CygzZ9/2l5HDXdYnjWB0GivJDPDtkht00jSrKcpgoqS5a3aH5XrAsk0tX17nzZet8900ud1LI3/75JUbHM3p9fylaS5iMYpX08m152nt/00TDMNpC/s7fXOH4YPKd3lPz6mMYhgqNFZ/os8z8ZQ1cksKlqIsipCxLsixbWhsPw1Alv+girfne2Lq4wugkIs9KBusd7t8ZPvGYplkulk0DDbCx1ePh3RFV9ejONCnI0hI/cDAtY0na1zQ81Qe60/M4OZwu3VbXDd0Vn6MHTxbfx4t38xfaqGpeXWR0IaoMkd95nrdktiRjEHHKk8fleU5RtGcscmAIrQZbOnU97tCcG57/5I/TW+9cZP+LY/Zu7bB/+5hPPvwa2zJhnsTy+lvb3P7Dw7ZtbRryvOLqjU0M0+Ctn+7y6e++fhRz1aDUIdff3ObT393DCxxMc96x+O22l+NaWNajocj1N7f54tOHHNyfYJkGDbC6HvLaG1v8+fNDjh5OsKw2c86wDF7b2+T2pwePVnrzktfefLr5k+bHyfb2tvLnkMWWPM8Jw1CtfIsMDyBNU3U4mOc5dV0rL+qqqsiyTNme1nVNURTtbS/yQ2peLc5ysfMCh72529yiBG6RN989ey4cdlx+8ouzZXB+4PDTvz17k3HnsRBZwzjbBQ/g+ltbZ97+1lOuSaMRHMehaRqiKFJxWaurq2qJRUYYQRAQx7HyiJYuOk1TZaIk6+TQFvrF7UQ97tBoNJrnYDQaLR30yYq3FFvDMKjrWhkmyThEAmqjKFKp4VKoRekhBVqb/ms0Gs1zUhSFOjQMgkAdGqZpqsYV8rhFw38p0LIAI9alYqqU57myKtVr4RqNRvOciPpCsG2bTqejllEkLVw66yRJiOOYOI4pikKliEdRRFVVKpllcYNRL7NoNBrNcyKSOmjnyJ7nLbndScrKdDoliiKSJGE2m6k59GLxBlRhb5qGMAzVXFsXaY3mKVSVeCjooxvNk4isLo5jdYgoiyuAmkefnJwoPbV02bKNuJgQDm2xn81mahtRx2dpzo2qqvn1r3/NP/zD/+STjz8Bw+DKlcuYZpucnMQxrudimm138cknn9Dv97Eti8lkwpWrV+e2j0br+1EUeJ7L4eERge8ThCGm2QZ7/v73H/POOz9RW1sANGCYJnVdQQOmZWFZJv/nf/9fPvjHD/j1v/wLH/zjB+R5MTfGkfgi8DyXJEnnngsVdd1GGt29ewff95lMphRFwebGBhgGKysryjgHwLYt/uPf/4MgDNnbuzFP2ajVKb90RGEYUOQFpmWyv7/Pa69d178AXmIki1DsR0XbLEsuk8mEyWSi/Drk58HzPDqdDlmWLf0cyVxathWlq9ZFWnMu3L59G99rfTryosB1WyH+xx9/QlWWuJ4HtB68Fy5coK4qZrOZcv/6+uu7jIYjVlZWmM5mxFHEL99/n+HwlMT3Ofz8c2ga/vZXf6uK829+81tMw2TvjT0+/fRTOmHI2vo6w+EQwzB4772fURQ5t//0J4Ig4KPffQS0yzIrKz0e3H8IBvz93/93Dg4OODg4UPKnMAyxrLbjcWybyWTCdNYW6yLP+eqrffygve/tn7xNVdfcunWT3/3uI9bX1zg4OKTTCTk9HbKyskKSJKrDommI4pjLl69gWe5f/X8rzfkgyg7P81SnDI9mz7PZjDiOVbGV/xzHUSkuUribplFBtBK/BXN/kBf5ITWvDk3TMJlOGI/bDb7t7R2+/OJLmrpmbX2NOIrY2Njgzv4+vV6XtfV14ihiOv9hHY8nuJ7H4eEhly5dYmtriwf37xMEIY7TuokZYkSTZYzHY4qiYPfSLl/cvo1pGDiuy9ragM3NDeXdu7u7y7179/CDgKqqCML2z+3tbYqi4NLuLkVR8PXduzRNQ6/Xaw9/ypIw7ACwubVFt9slSVI8z+OLL78EAzzXxXYcTNMiTVLGozF1VTGdzubfg206nQ6e5xEEAWtra2xubmA7Dt1OR12j5uVECqn87yiHf8fHx4zHY6WJTtOUqqrUBqFhGMoFT7ymARWrJaoRieDSnbTmXHjrrTfZ3d2l1+uyt3eD2WzGlatXSZIEz/Po91dxHJsLFy4AcPHiBdbX16nrijDscHJyjOt6fPbZZ2xvb2EYBpubm0B78HLj9dexnfbH9cbeHkVR8P77v6QoSgaD1flsz5sXxJD19Q0Mw+StmzfVuq3j2MxmM65evYbjOPzy/V9SFK3z2JtvvTlf2W1/Edi2zWQyZnV1lTTN6Pf7bG1tMRoNefvtW9i2zf7+HS5dvIhhwM9/8XPG4zFv3XyLOIrxfB/f97lx4wZhGHJ4eMjKSg/TtFhf36Aqy/nIRRfqlxVJXRFr0jRNmc1maklFXPFkFbyuawzDULami0G1aZqSpimAul1itHSR1pwbvV7r4dztdul2u0u39fsrpGnGrbdvAW0RXPTU3draoq5r3nvvZ1iWxYULjzYEB4Nl97nNzbM3FwXHsYF2vNLpLKep+L7/xPW2r7n5xOv4fruN6LouKys9ANbX19X9e3t7BIE//8wdut228w7DR+/pzH+x7OwsbmN6z7x+zcuBHPpVVcVwOGQ8HjOdTpfOIsSnw5uP+8IwVOGz0lXL0ooUZ1GHALqT1vx18f1nFyfTNNUP88uAFGjNj5MgCDg9PSWKIobDoRpXiM5ZLEk9z8MwDJWJGEWRyjiUcYcUdlF5iO2pDqLVaDSa5yQMQ0zTVNpnWQl3XVeNN1zXxbZtgiBQCS1BECjfaSnkspUoBdvzPDUq0Z20RqPRPAdxHHN8fKy2COXso65rlQ5u27Yq1GmaLmmkm6ZZMl2Sjts0TYIgUDaoupPWaDSa5+D+/fvEccx0OiXLsqUoLZkzy6xZCrGMNWTtW76WPETRTctWok4L13wrzjLr12h+7OR5znQ6VYeAMtYQ5Qa0B39FUbQeHHOvaElgKYpCSe6kMAPqwFESxXWR1nwj/+9/ffKiL0HzXXh5zl5fapIkUV4dsiUoCy2SyiLm/u02ramM/IuiUHNsQHXRErUloxBtsKTRaDTPyenpqdJIi/udLKyIsb/Yl8q2qXTaRVGoObYU+MVxh8jxdCet0Wg0z8miSZJ01VKYgaU/5VBQorbSNFXJLVKg+/2+GpPIjNs0TV2kNRqN5nkQnfNiUvji2EPWxaU7FutScccTFz3RVGdZhmEYaiXctm3dSWs0Gs3zImZJiyvcnuepLUSxLbUsizzPVTyWFOi6rpWvtBRl27ZVHJeMSXSR1mg0mudEOmSZH0shljm1rIA3TUOe5yoXEVCud63jokUQBJRlSV3XKoXccRytk9acD2HPw7K/24+TFzhLXxuGgePZ2O6TpkOOZ2M72oxI88NBdM7SLcsCC6CMk0SlIYVaFByijV6M2xKTJslDlJm37qQ158Kt93apq4ajhxOC0CVLS2ynLdppXOD6NrZtkiYF3ZXWkyCaZZgGGKaBH7h89acj3vtv1xidRFRlzeg0ptPzsCyTNC3wPJs0LhhsdjBNg+FxhO1YnB7NGB5FL/g7oPmxIf4aMqaQmbNlWfi+r4qz67p4nqdmznI4uDiztiyLKIrI8xzf9/E8TwXS6k5acy6kScGXnx1QVTWdnsfmTo+g41JXNVdeX2dzp0dZVNi22SasOBadbrv22h+EDDbafxqOTiLCrsdgs8tgo8PGdo8sLdjc7rGyGuCHDnlWkiYF27urdLoe0TR7wZ9e82NE1r7FgrQsS7UpKCG0clAomueqqoiiSI01pKNOkkQFQ8hjRIanO2nNufDxv90FYHQSc/+rIYPNDp7v8PDuiD9/fvTM54a9CetbXdK44JP/+PrMx+z/6fjcr1mj+UsQjbTjOMpUaVHrLLFYEqcl82m5X6KygCVTpcXne56ni7TmfHA8m7qqqcr2UOS7jB+SWc7d6cnSbZZtqtd61m1n8V0fZ9kmddWohIxveh2ZvX+b95DZ5Le9Js3Lg2maS34cEgAgxTqOY7VxKFpqMfwXZUhZljRNoyR8cmgYBIGS9OkirTkXwq5LVdVYVjvOKMsa17XIswrbMamqpk19BfzQJYlzgtAliTK8wKGuGuqqJs8rHNfC9x2SpMC2TQwDyoUCJ++RpSWuZzE6iems+NA02LYFRjt+MS0Dx7FoGrAsA9MyyZKCTs/j6MGUjZ0eSZzjuFb7/nXDvPmhaSDouAyPZjhue2hpGHPZldv+M3YySgi7LkVeUeQVvu9Q1w2WZVDVDXlW0u155FlF2HVJ4wLTNEjTgmSWn/Vt1LxENE2DP0/gCYJAhVjINqFhGARBoGbNs9mMfr+virF04YKoPqRgB0HQZm6+kE+neeVomoZO16Mqa8qiLdCmadLQ4PkOjmPhejae71CVNXXV/ldVDQbt4aHntz+wpmmQZSX9QUCRV5jWo861yCs83yZLSzrzAuiHLv1BQFnW2K5JWVZYlollmti2RVlUFEWNQVvsq7LGtAyqqsa2LfKsxLQMTNOgmf8uaZr5L42snB9eGjRAU7cPiKOcbs+jyCv1S8PxLAzTwPVsfN+hKmpMs32fqmqwHBPDMnBcG/XbQPPSIoeEi/8CWxxXiFojyzKiKMKyLKqqWnqMqD5EZy0HkVLEbdvWnbTmfJicJkxOE/W17bTFESCNChzXIomWu8do0h74xdMMyzbxfId4lhHPDwJHx+3IZDpKlp4n9y/eHk3SpfvOvMbHnn90f/LUxwKM538+vDt64j7TMkmjfGmEURVtUV981aMH02+8Ls3LifhEZ1mmDglN01S3ZVnGZDJRoQBSgKuqIkkSNcv2PG9pru04DnmeU5al7qQ13w+GYbC22aG3GgBQFtUTBRrDIOw9smurypp49uxCFszVIEJn5ez4Kr/jtuMJ08B2LUzz/LvWxfm7kGflub+P5oeLdLxizi/mSmI/KoVaZHjdbldlHi6OSeTAUA4PZWZdFEW7nfiCP6fmFeGNdy4Qdj3iWYZpGayudTg9nnF1b4OHd0f4ocPaRpc0KQhCl2iWzefFDVVVE4QueVYSdj0O7o/pD4L56+U0dUOn53F8MGVts0sS5aRpQRA6uJ5DGueEPY/JMGlnwHmFNZf6GYZBWVQY8zn1nz5++KK/VZpXBJHXdbtdtfoNqM3DqqqYTqc4jqO6aElnkecvOuCFYajGHoZhMB6PtVWp5vzI85J60jA6jYF2rjs6jti+tIrr2VRlQ5YWTEYJs0nKYLNDnlbkWUE0zTC3TDzfpshL6qpmNslI4oI8LamqmjQtyPOK44Mpg402lTuaZswmrZPY8eGM9c0u9/aHrG12iaOM2Tgl6LjYtkUS51pdoTlXxKVucTlFVr2jKOLk5ES52S0mhEukluu6qpOW58rI4/T0lMlkoiV4mvPjq8e00McPJhimwegkVmOAB3ce3X9/f4jj2RTz+44fTgm6LkVWqVn20zi4N6auG/XcxfcEOHrw7FmzRnMeiNwuDEO1Seh5ntouFOWGzKmhHZGsr6+rZRd5DflTuu84jvE8T6+Fa75fmrkM7Wk8XmS/rSwtS4q/6Lo0mvPCcRyyLFPOd2VZMplMGA4fRc4troKvra3R6XSW/KcloSUIArIsU3pq0VLrg0ONRqN5DqRDlmTvpmmI41h5eoiMTkYion+WA8W6rhkOh0RRhGmaTKetEkgiuMS0SRdpjUajeQ48z1POd6LyEM20FFop4JL8LdmGcjAo45IoitRIRFzyZKNRjzs0Go3mORC9s0jmZGMwz3Pl1VGWpVr9FuP/2WymrEilIA8GA+XnIfNqWXrRnbTmXNi+1F/SPQudFZ/Oiq/u66+HZz7fcS38jsvaVlfdFnY9jO9B46zRnAd5nhNF0ZJsrixL0jRd2jqUTrqqKvI8p9Pp0O/3sSxL2Ze6rquWVxbtTrV3h+bcuHpjg9OjiKZpCLseTd20crn1DqvrIWlSKF/oC5dWKct2O68/CBgPE1ZWA6aTlKqoeP1/vE4UZepg0bRMHMfi43+/+4I/pUbzCElSkeKb5zlFUahuWebQYrIkcjvP81R37fs+pmkymUyUa57MsU9PT9nZ2dGdtOZ8OLg3JonyVgc9TqnKmmiakWclRw+nnBzOmI4T0rigLNp/Fna6HnGU43o2cZQzOo4IOi5pWpAlraa6rhumo0R31JofJGKSJOveMrIA1MhC7EkB1VVnWUa3211aCZdin2UZ0+lUz6Q158ui3/PRgnvF474b38R4vgwjHMwdNO7vD896uEbzwlgca+R5rsyWTNOk2+0qY3/pqGW7MIoiOp2O+noxsNb3fWazmdpkTNNUd9Ka8+FZ+YbO45mFz3CAe+Kx3wLDNGDxJRdf3zCWunC/s5yr+OwXNtQ1iRPf4zzrPs2rjYwqZCkF2jm1eHkAZFmmNgpd12U2mxGGoUoVL8tS6awloaUoCrrdLrZt67RwzfkR9jw8z1Y+HPHcIa6ua1bXOmRp0a53JwXrW11ODmf4gUNVNfi+Td00pEmB69r4ocPR/Qndvo/jWmRJieNZWKZJNMvoD0LlAy1WplVZ4TgWeV5hWq1fh+87rUXp3Ad6Ok5Z3+oRTVKqumGl7zObZGCA5zutfap4UgNVVdPUDUVR4Xk2dd1gOxaH98YMNjtYtonr2hR5RZ6X9FZ8Htwd6fXzHwm2bautQN/31XxaVsNFYiejDkkAF720bdvK4F9kfDLmkNXwCxcu6CKtOR+suQe0AWRZSZqI2YxNlhWUpaRRWKRxe4govs2mZZLPC7RhQJ6WFEWF7Vhkc++OwHap6wYMyLKCOMoImjY8wPMciqLCce3WizopMC0T0zKps7KNL0oKXNcimmTkWVvI4ygny9pMuqqs8UMX6oYkylqfa8PAtk2KvISmDRuYRgmOZ9PUDVlSqoKcpcUTyS6aVx8ZZ0horIwwTk9PKcuSTqdDGIbkeU4Yhmr2bJomSZIoVYjI90zTJAxDmqah1+u1dqgv+DNqXhFGJ/GZt6cUTJ+0Y8Y0jbbo0vpK19WT3efJwUzdnsatzKnIS2aj1js6jYqlP7OkwLJN8rR86uvGz1g9j6atRpUzam3K8ir66Ix1d7kOzY8Dkdw1TaNSVMR3wzAMOp2O8oa2LAvP8+j1egBLG4iTyUTFanU6HTzP4+DggG6325o4veDPqXkFWdQ6C497QUuBBti6uMLWbv+J5ywW2LKo2o72GVRlrQr048//NrSpK9/pKZofMVKgLcvCcRzldCep3+J+J92xaZoURaG6bt/3la1p0zTMZjOCIKCua7X4ol3wNOfGL/7+OnVV0+l5JFHO7rU10jhnZRBSVzWOYzGbZjy4O2TrYp/1zS6TubSu2/MYncZc29vgqz8eEXRcNrZ7cwlSyfA44s5tnRau+WEiCeFi3C/z5aZpSNOUXq+nQmejKGIwGKjxRjtSa32mZewxnU4JgoBer9fGbb3gz6d5Rdi/fQS0+X51Pc859GzyrCKNcxzPIk1K/MBldBIxG6dMRgmuZxOEbeisZZkURYWRFBwfTImjXKedaH6wyBmE7/sYhkGSJMrtTrpm3/dVF20YhtJFy7ahyPRc11UOeHLAWFWVtirVnB/H8yy/v4STg6keN2heGtI0pSxLpY8eDofK5F+2Bn2/jXiThRbx85BOW6R5kuoynU5pmob19XUcx6EoCj2T1vyA0AVa8xIhtqOi0qjrGsMw1Bxaim+SJEsxWY7jsLKywvr6OoA6LJTRh6yNp2naprm84M+p0Wg0LyXT6VSZ+N+/f58oipRFaVmWyjhJDhCrqiIMW4OxxcTwsiyZTqdq1NHpdJSPh1Z3aDQazXNSVRWrVJAOAAAGLElEQVSDwYCbN2/y/vvv0+/31exZ7EaDIFBGTHVdq466rmu1zCJr5ZLEUlWVul+rOzQajeY5kWDZ2WzGZDLBsiz+6Z/+ia+++op79+4tHQyKTrosS6WPhnZkImkuWZZh2zbdblfJ9Kqq0p205nzY2u2zeWGFncurvH5rG9tpV2F3Lq9ydW9DPW7nyirblx5pojcvrvzVr1WjOQ/SNMXzPC5dukRd16ytrVGWJZcvX+bGjRtcunQJwzCIoogsy5QuGlAzbBl7RFGkfD/SNGU4HFLXdVu4X/Dn1LwirG12ABgeR1y8MmBlNaAoKsLQpaoaXN8hTwv6ayF11XDxygDTNKiqmo3tHp2ex5efHXJ6OHvBn0Sj+XaEYajCZ/f39/n5z3/Ow4cPCcOQo6MjBoMBq6urDIdD1tbW1GP7/T69Xo88zzk+PmY4HFJVFZ1O+/+hJEmUtloXac25EU0zqqpmNsn48+eH2K7F+DRhsB623hsdj4P7k1b3bBh0V3yqsjUwamhTxR+3KdVofsi8/fbb1HXNH//4R/r9PsPhkJOTE/r9Po7jsLq6ynQ6JYoilbIi2ufRqPVKkLBa2VYUzbTjOBiGQb/f10Vacz7c/eJE/T2apOrvw6O2M/Y7LmmU8yB6uneGRvMysb6+zp07d+j1enzwwQc8ePCA8XisVsLLsmQ2m6mAWZHlRVGkEsUlcFYOG0VLHQSBOkDUM2nNudBbDdQcGsALln2b04XivOi/LH/3AudMT+rHX8d2LKz5cxZf5/HHPcvf+vHnPv74x19r8WvtHa0RwjBkNBpx9epVTk9PSdNULbiI13S326VpGsbjMdPplMFgoIp2URRkWaYOGKWIizOeWKDqTlpzLvT6Pt0Vj6KocF0bDJiMEnzfwXGt1irUs7Esk8kowfMd/NAhiXKVb9jputz7asjmxRUss7UXraqa3mowd82r8QOXeJrh+jZFUWGaBtNxys5un/EwxjTbzsQLbB7cGbF7bY04yvB9l6KosCyDPC/xPIcsK/E8m2iaYrsWna7PeBhj2SYbOz3iWYZlm60/9izH81tPacs221iw+5Nv/sZoXlmOjo6UYkM8pB3HodPpUFUVnufh+z51XTOZTOj1eqRpyng8xvM8jo+Pmc1mahwCqAguQHl/6CKtORdODmd4gU1VNqRxgeNa5GlJnpY4bhsxlEQ5lm22JvlZSZYW2I41n2WnFFmJZZutKX/VYJoGZVnjVg1lWSsbUs932tCA0Gmd64DRadwGAJgGUKrZ9+nRjCIvSZy2k6/rhm7PI0sLJuOU9a0uddPO1LOkoK4a0rgmTwuytMQPXZJohmmZuJ5FlhTkeYVhtF31d3Xa07w6VFXF2tqa2iQ8PT1V9qWDwYAkSYjjWK2Ey/x5Mplw7do19vf3mU6nSi8tiy1BECxtLOoirTkXsqQNjz2LRfvQs24fnUTQQBYXZz4+jR5/ZpubWCyYL6VPmXXPxtX8+h49NolytYL+4M7wbP/oM65lOkr06rpGEccxR0dHbG9vc3h4SJ7nbG9vc3BwwMrKCqPRiJOTE2zb5tKlS8rdbnNzk729PUzT5De/+Q1FUahxh23bKslFfKj1gE1zLnihQ9B1cVyL3WtrBB0XL3QwTAM3sPHCdrzRGwTcfG+XoOtiORZe4OC6No5n43dc3OA7ZBA+L81T/v5dnqf50SMr3kEQcPv2ba5fv85oNGJnZ4etrS2KolB5hTs7O+rQsGkaptMp29vb/N3f/R2GYSi5ncj0oI3n0sksmnPjtTc2WekHpElBXTfsXhswGSUUWYXtWpimwdpml9FJxMog5LppMBkldLoeTdPOtB3P4uRwxh//68GL/jgazTdSVRWO4/Dw4UNu3brF7u4uBwcHzGYzLl++zMbGBoeHh7z55pt0Oh2GwyEbGxtq/jybzbh58ybdbpcPP/yQyWSiFB6yUq4NljTnxp0vTlhZDcjSEsME27aIpimuZ2NgkKatR3Q7rx7RH4RMRgnxLKeuaw7uj6FpyPPqRX8UjeZbURTtSOzdd9/lt7/9LUVRMBwO2d3dVQkso9FIxWHJangURSRJwvXr1ynLkr29Pba2tvjnf/5niqJQdqai+vj/HgPfUSlCQaAAAAAASUVORK5CYII=" alt="" /></p>'),
	(5, '1', 'demo@qq.com', 'demo', '<p>实验报告<img src="data:image/png;base64,iVBORw0KGgoAAAANSUhEUgAAAngAAAFvCAYAAADZrLaEAAAgAElEQVR4nOzdd3zU9eHH8dftS+6yAwQIkBCGIEsRleUWodWKYm3ds25b/eFotVp/+tPWVW2tdddarVpnHVXEXUUExQGyAoSZhOxxI7fv90e4LwkJECADjvfz8chD7nuf7+f7uYvJvfNZX1M8Ho8jIiIiIknD3NMNEBEREZHOpYAnIiIikmQU8ERERESSjAKeiIiISJJRwBMRERFJMgp4IiIiIklGAU9EREQkySjgiYiIiCQZBTwRERGRJKOAJyIiIpJkFPBEREREkowCnoiIiEiSUcATERERSTIKeCIiIiJJRgFPREREJMko4ImIiIgkGQU8ERERkSSjgCciIiKSZBTwRERERJKMAp6IiIhIklHAExEREUky1p5ugIiIiIi0tWjRot0+VwFPREREZC81fvz43TpPQ7QiIiIiSUYBT0RERCTJKOCJiIiIJBkFPBEREZEko4AnIiIikmQU8ERERESSjAKeiIiISJJRwBMRERFJMgp4IiIiIklGAU9EREQkySjgiYiIiCQZBTwRERGRJKOAJyIiIpJkFPBEREREkowCnoiIiEjSqOWlq45UwBMRERFJNgp4IiIiIklGAU9EREQkySjgiYiIiCQZBTwRERGRJKOAJyIiIpJkFPBEREREkowCnoiIiEiSUcATERERSTIKeCIiIiJJI5vT//KpAp6IiIhIslHAExEREUkyCngiIiIiSUYBT0RERCTJKOCJiIiIJBkFPBEREZEko4AnIiIikmQU8ERERESSjAKeiIiISJJRwBMRERFJMgp4IiIiIklGAU9EREQkyVh7ugEiIiIi0r5Fixbt1nkKeCIiIiJ7qfHjx+/WeRqiFREREUkyCngiIiIiScb6xBNP9HQbRERERPZrI0eOZPLkyZ1Wn3rwRERERHrQyJEjGTlyZKfWaX30yac7tUIRERER6bgP5vyn0+tUD56IiIhIklHAExEREUkyCngiIiIiSUYBT0RERCTJKOCJiIiIJBkFPBEREZEko4AnIiIikmQU8ERERESSSKPHq4AnIiIikiwaPV7OuvhXCngiIiIiyeKya25m2crVCngiIiIiyUYBT0RERCRJPPrgnYwYNkQBT0RERCRZpKe5ef6pPyngiYiIiCST9DS3Ap6IiIhIslHAExEREUkyCngiIiIiScba0w2QzldeurFL6+/bf0CX1i/t6+rva1fQ/yv7Lrfbjdfr7elmiMhuUg+eiIi0MqSoiF9fP7unmyEie0A9eCIiXWxIURGTJ03cozrmfTGf1WvWdFKLtm9IUREP3Hc3a0rWdvm1ZPeMGzuGsWPGtDr2/eLFfPf94h5qUbPzzz2beHzn5Z559rmub4wo4Mn+6YipU/jvZ5/3dDNkL9NV/188eP89uFyuParjtFNnctIpp3VSi9qXCHdut5uiwYVcefmlbN5cwfeLl3RLuJSOGTd2DOedc3arY888+1yPB7xt27Q9e0PAc7vdnHfOWQA88+w/k3I6QvsB74yH+OSa8bDoIY664oVublInSYbXICJtXHXFZQD85a+P9nBLOmbc2DG4XC7em/s+c+a+324Zt9sNsN0PmenTjueEacczbuyYLv0QH1I02GiL2+3mtFNPMZ6bM/d9Hn7ksaT8IJT9z/nnns2sU2YCYDKZ9pnfJ7ti3+3BO/E2XrlmEp63f8MFDy7a4+pu+dcXzCzY5qCnhsVzH+K398yldI+vsH+YcMcr/LlgPqedc3+b96zd9xjwbAnhw6fO4thjj+KY8cMp9HzM+DN/3y1tln3LkKKinm7CbtlcUbHdcLaz0Dpu7Jh2j3eWIUVFDCkabATQG6+fzfeLl3DN7OuZMnkSUyZNZPq045kyaSLXXnejevOkXd8vXtLTTdgtyfpHy74b8PrkkJvmJr1vTvPjW55n0YkFrH17EqfdsbuV1rD43UWUAdhzGH3oeMbMuok/WWo47fc7DpHN4WUd/z7sTHb78t1o1PHn8eMTZ/CjSaMZ2vgO/Y69vhNqPYlzxuey4t9twx3AHT+b1Pq9yb+a51+YRXDRC8BvuPPuo0lft5ISv51CSyc0Zz836oKHePjaGQzNdrDqXwM40pgzfx4vLf4/pmS3LL2aF/KPZnbBJTz7wg0cO8ABtYt49KqZ3P7f7m/7/mTc2DFGT8Ln877o9mG2lsOygBHypp8wzWhTol03Xj+bG6//H6697sak/VCUXTekqAiXK5Wnn/lHh8qPHTMan8/fo38o/P0fzcPEXq+XV177d4+1oyvtuwHvqas56qnOrtRDyW23bQ0hU+9i7n1HUXjYLCawiK86+3I95l4efuJHZKxZQrHPwdDOClNnTGNMajHPPt6x4pOvOJLhNV/wy6cAfs9pk5p77M7+61wm5HRSm/ZTAy9/kVduHE3FG3/inKce4sNWmcEB1iCLHhzCSfdtc+IVZzAl+i7n5N/D5P98zKkXzOT2/zZy/4f3MeCVgzn9kW58EfsBt9vNjS1Wq954/Wx+cdmV3RaeWoY7n89ntGXO3PdZvaakVdk5c9/H7XZz5eWXctqpM40PSOkeUyZPomjwYIA2CywSxxJz4NaUlPD5vC+6pV2/vn42J0w7frfOnTP3fe6+9/5OblHHeL3epByWbak54OVP48b/u47TRzT/Becpr8EBBBOl8qdx461XM3NUDnYL0FTD4ndaDF3u8PkzePSDq5nAOlZ6+zG8rx2iIUq/eIzLr3uhdU/Pifcz95aJ2BPz5g69izcfOor09h5/NsmYY/dhztXG0F/hiV+waNRbjE8E8sxJvPLe1RRmAk1lzHvyl/zyubKOvTufeWgEclLSOO7ut3j0qBxK517NT25ZBFzC05+czxjqqEvJIguAAmYu+IKxe9SL2B2u58iC5h67y15aypTenVPrRUePJvTt/XQsd5/PxZP6sfKtXzKvcy4vhsnceNZk6uecx5G/+qid54fSJz1IRU3Hajv2/lv4ceR1pincdYme+oBrGe7uvvd+Vq8p4cH772kV8rb1ymuvc9qppzDrFAW87vbd94s5/9yzjZC3rXFjxzBu7BjWlJTw6uvd0yM1pKhot8LdM88+x7ixY5k+7Xhefe3fPdKTt98ssjj7puZw51kzn3nFQfqNn8QYEgGvH9f+/iZOHwY133/CV2U0Pz/rJu4N/cCZD7LT5wFI60duyRfM+c7B8CkTKZx6Kfde8ylnPtgibL39NSXXTGRCv9FM4AWYOYz+AAWHMJMX+OqEAvoTYvF3LwCTjNNe+sttfDXjEu48th+lH97GX99dB/lXN192QAFrP5vLnJRhTJ5UwOQzZzP9udnM2elbM4zT7x5PIRBav4jfv1rDxKOm0X/kSc29eRcdwgEpEPr+Y373+mJmXnwbx+SX8dFtj/PvdXv+jdnn5M/m2FHVfH/NWx0qPuGOExnjn88d93cwbO+Fnn7ysV0qf8HFl3ZRS7ZR8HPGFzRC8CHKNqUD0Pj9M1z549/yIcCs3mTgYOCvN1J2B+DbyOf/+C2n3/kR/PUFPp96A89umgmNi3j0X5O59doGnj7lDjZ0T+tbueqKy9p8oBUNLgTggfvuaXV8TUnJPvcXudfr7ZGVj9uGu0SYu2b2DTsNeXPmzuW8c85mSFGR5uJ1I6/Xa3x/thfy1pSUcM3sG7otrLjdu7cy/PN584HmodrdrWNP7Q+LLMwwiylFbmj6gZfOnM3Nt93EBc8vwWMUOY/Jw+xQ/gU3X3JT8/N3fEEpdoYfel4Hnt/Cs4R/XHITN982m9MenE8NdgpHn7hNc15g8foQ9C1gev54Th/ZD+q9hHKGccwMOLmgH0TXsXibIcCVn81lTlMIgFDTXOZ8Vtziss9zwU23cfO19/NVOZDTlwnbfTuae+AWLfiCRQv+zo1H9YOaH3jp2b/Dwsf5ah2QP4zp+XD2+ALsePn+4/uY9+5cGiMAIRrfncu85bvzrdi39f/ZaArLf+ClhR0pfQYXTexH6aLnSc6ZDz3s+F5kkk6m70WunDKAw6/6NxUHnMedf5nc/HzVUpZ8/zWv3TqDflN+zp++z2DKL67nzgJg3eOcM3EI/fIH0G/kn+lzyY9o/OfV3N2Df7SYTKYOfUnH5PXpY4S7hx95rFWIW71mDdfMvgFoHi6eMnlSm/M3b64Adv/DXXZfIuStKSlp81x3h7s98cSjD3d4S5XusC+8Z7vDCgXkpgEb1/LX9kqc0Y9cwFO2ZOsctIVLKPMcRf+cfpx+Bjt+nnY+Gd6upvEWyHG3nWj11yXruGhUAYN/dhI5fWHlC88TnHkJBxx7NfZ8O2xcyUu79VIX0RjcWZkWiywIUrrsEz58aT4rASjjbwuLmVkwjLEXnEH/YW6omc8c7cACjOeKSQWs/eKmDs1T7D/7BCZYf+Cvt+z56uee1G09crtlNf/5yR28DrDual448xhuHTETmAf/vYdzWiycuPv0Fzl23SVMOA/4363Hj330/zi27E/8JuNxVqwbRTpBNnxwD4df3MFJlp2gvb+qH7z/XgCumd0ZC4N6VmK/uZbWlKzt0g+czRUVzPtiPidMO54Tph3HnLnvt7reaafO3NKOknZ7FxOLMaRntNeTtzeFO5/P12b+ZsKQosF7vB9kZ9lPFlmso9oDhX0KuQLahrwXyqi+ZjyFW4ZNvwI4dDT90oA1Zbz0Apy+o+eBY7at88Rc0oGQt51JQA8uYuXpwyicNom0aDHPPfh3GkeezxXjTsKeBqULu3LLkm0WWWyj9P5FrJw1jOETzyQ9DWq++EQ9UAAzzmRC33W826Hh1pO48dhh1Hz9+w7O1ZNdtrKReobR+2fAv9o+fco9/+aa7A858uKHtl/H8Y9z56QNPPiTIGe82YfFt07i9PJb+O6JU7iVx7m9yxq///nNDdfTp0/zRNiKikouvuyKLr/mH7bM+zth2vE8cN/dxqrYxIT5HQWGIUXNoSLRkyfdr2XIA/aacAewek3Jdv/4evD+exk7ZnQ3t6h9+8kii1eZs+R8JkwdxenP30//4iD9xo8mDbYM0z7DvOITKBw2iTsfv8uYY9efECsXPgOwk+ePbL5S2mjOffwuRpRB4cSJ5BBi5ZK322nSqyzfeAbDC9xQvIgHABYUc/HYUaRRxldv7bjXJ3fYXdx5xXxuruust6ilh/jwh1kMH5tDDmV89MK2881yGXHXbVzxxW18Nfrv3HtCDosfO4lfcj9zLx1N9Xu/4cx1Z2799062XtlXzJw2jLQfXm3+Xu1E/2tmMSGzmH8/2LG5erIb/vsM81bP4NTLH+KM5Vczb/BDnDE+nQ3vNv858nqDgz+efgZPXvAxFz8NFzw5g1H8wNPPJCoYz/2/PoQNj5zMo+uO4RgcsHf80Z10vF4vf7j3PmM+4R/uva/bPqi3DXmr15TsNNy53W4mT5rImpISNlco4PWkRMhL/Ft2zX6xyOJs4Lnr7mL43/+X00dMZHoReJYXU9N7GHYAynjgN3dhv/VqZo46iuljaV4l++pD/HbLAomdPQ9AUzWNvScxfeyWVbSfPcb1D7bX41PGnDVlzCzox8rvXm0+9NTXrDhnFGP86/lwe3O8nv6ExVPOZ8ywo5huqeHmLsoPT20Jm/ZNreeb/e3THzh2wCiGHzsNe/1tlGTmkJaSRlouQBppKW7IzIHcFv9OCudz8kHw1X1/71Dp0gfPZ+KDOy7z3BXT0Pq8PTGP2b+8h96P/Yr739kIkSAbFj7OzVdtWa985yXc3vsf3Pi7d7cusnjiXm42ZlMsYvaxB2/59zM89sbPefjGLyjbMkSr3rvO9d33i41Vj9294KJlyBtSVLTTob6rLr/UmLsnPa+nQ8nqNSVce90NxuNtFz5tT8tztjec29X2h0UWpoMPndiBWwPvicQ2KYt44Lir9/0P7i1buQSM7VL2PuWlG7u0/r79B3Rp/d1hX7wXbVd/X7tCV/y/0pW3KuuK/y/GjR3DA/fdw5y57zPnvbntltnprcpOmMb0acdz7XU3dEkI/PX1sxkypGiHPXdXXn4p06cdz3tz3zeCoXSfXRneTNyFpLt9/P4cVq9Zs92fzauuuIwhRUUcffz0bm5Z+21JBLxnnn2ux7f9+WDOfwDIyspqdXzRot3PGfvuRsfd7iSuuO0ojpkykZxoMS89tneGO5Fkt6/9pf3d94vx+XxMn3Y803dzQ1honrzeVT18f7j3fiNk3nHbrWyuqGD1mhLcLhdDhhQxZdJE3G437819n7+o965H7MqWND25fc2QoiJjIdTebF9aZDF+/PjdOk8Br8NGccyMiRRGvax89THu3tTT7RGRfcXFl17B9BN2P9wBzHmv7Z50ncnr9TJ92vEMHTKkzfYoa0pK2mypIt1rX/jD5pln950xuv1hkUU3DNFKd9MQbXLSEK10lyFFRcY+d5s3V2hBhUgX29EQrXrwRESkU+gOFSL7PgW8JKRek+Sk76uIiHSUuacbICIiIiKdSwFPREREJMko4ImIiIgkGQU8ERERkSSjgCciIiKSZBTwRERERJKMAp6IiIhIklHAExEREUkyCngiIiIiSUYBT0RERCTJKOCJiIiIJBkFPBEREZEko4AnIiIikmQU8ERERESSjAKeiIiISJJRwBMRERFJMgp4IiIiIknGWldb09NtENnr3Hrzb/a4jkcef5J4LEY8HicejwMQ3+NaRUSkp5gS/zWZmr/MZi6/5OIdn2Mytfq3yWTCbDZjNpux2+1kZGR0SVutdru9SyoW2Zfl5+fvcR0pzhSisSjRWJR4bEvIU8ITEdl3mbaENLMJi9mCxWxp9/Ni21DX8t8tA57VaiUlJaVLmmq12RTwRLbVp0+fPa7DbrcTjkYwRUxETTEuCx7bCS1r3283PdZldYuIyFb5RUOwmM1YrFZsFmuHPy+MXr8tAQ/AYrFgs9m6pJ3WxEVEZKvU1NQ9rsNksWCORYmaTBCL4bQ4OqFl7TO3+AtRRES6UCwGFgtmkwmTxdLhz4tEuIPmYNeyJ68rWE1mfTCIbKszpi6YW/wwx+JxrCbrHte5PSYFPBGRbhGLx7HQ/HvXbDLt8PNi29/Nicfb9uR1BavJpB48kW11Rpe5yWzCZDJjAuLxONau7C1XwBMR6RbxeBwTNP9+N5t26fNi28BnsVg6uXVbWfW5INJWZ/zQmUzm5h/mLX+pWUxd94OsH2MRke7R8ve6yWTe5c+LbXvtumyIVh8NIm3t7Af2rbfe4qSTTtphmZYTapu78ruyB6/rqhYRka22/d2+q58X3TWlpusmBYnsw3b0A/jWW29hMpl4++23dxryWtXZGQ3bbt1KeCIiPWF3Py9a9tzFYrFOb5dVk7NF2tpel/mbb77Z6of57bff5ic/+Um7Zbf9K29v+llzuVyEw2FCoVC7zzscDoLBYDe3qmfY7fbtvg8iIttqMzrTCZ8XXUE9eCId9Oabb273eHf+0O6u/vn9Oevss/npz35GZmYmAMuXLeO5fzzLm2+8QSAQwGaz8cTfnmLylCn8+oYbePXlV3j40Uc58MCRbeoLh8PM+3wejzz8MBUVFQAcPvFw/nDPPTtsxzFHHkUsFmPV2hIAhhYOBuDMs8/ikksv5Z/P/ZMnHtv+vn5/fvgvjBkzhquuuJIfliwxjv/4pBO5/oYb8Hq9nHPmWdTV1bU676enn86VV19FbW0t5551Nn379eOggw7C4/EQj8eZ8+67HXgXRUR2blc+L7rqj38FPJF2tPcDd/LJJ+9ZnT04jHr4xIk8+fTfcDqdAPh8Pmw2GyMPPJC77v4DZ55zNueddTYut5spU6cCMPOUU3n15VfIy+tD/oAB7dZbOHgwRxx1JLNOnkldXR1OZ8p2yya03CagJbc7jfwBA3Z6257evXuTP2BAm60J/vPW2/z8jDOYOGkSd9x1J1ddfoXx3MCBA7nltt+RmprK7++8C6/Xy8iRI8nrm8dBBx/Mv158kaHDhrGquHiH1xYR2VZXfF50BgU8kSR30MEHGeHurTfe5NFHHmHlihVYLBaOO/54rp09m1GjRvHMP5/jZ7NO49G/PsLRxxzNg3/8Y6t6fnHhRaxYscJ47Ha7uf+BBxh54EjOOOss/vqXvxjPfTFvHjdef0O77YlGo13zQoEbZl/HO+/NYfqMGcw85RT+/frrmM1m7n3gj6SmpvL6a6/x3pw5QPNWB1VVVfj9Tfh8vi7drkBEpLtpEzyRJPera6/F6XTy1BNPcu2vfsXKLSEtGo3y3pw5nD5rFqtXrWbUqFH8+KQTue+ee/jx9Bks+vrrVvVUV1dTXlZmfK0qLuYvD/0ZgFGjR7cqGwgEWpVt+dWVysvLuf22/wXgd/97G3379uWSyy5l/PjxlJWV8b+/u80oW1xcTKApwJo1qxk2fBgrli/v0raJiHQnBTyRJFY4eDBTpk7F4/HwpwceaLdMY2MjD/3pTwCce955Ha7bbDZz4pZVYVWVlXve2E7y+muv8d67c0hLT+eRJx7nl9dcQzwe54bZ1+H1eIxyK5Yv58033mDB/C/5z1tv92CLRUQ6n4ZoRZLY6C09a59+8gl+v3+75d6bM4doNMqo0aMxm83tLtl/8m9PEY5EjMepKamkZ6RTU13Nww891Krs5MlT+PzL+W3qmP/FF1z/P7N39+V02G9vuonxh4xn1KhRAPz9b3/jy/lt2xONRnf4voiI7KsU8ESSmNXW/CMeDOx4y5NIJEIkEsFisWC1WtvdNiQnN7fNsdWrVnPLzTdTuU0PnsPpIC8vr0357KzsXWn+bqurq+OO22/nTw89RHl5OffcfXe3XFdEZG+hgCeyA999990unzNu3LguaMnuKSstBWD8IeMxmUzE4/F2y40aPRqHw0FVZdV294S78PzzWbGseZ7aQ4/8lfHjx/PpJ5/w1cKFbcp+/tln3DD7ujbHu3NvvQ3rNwBQWVFBKKh97kSka+1tnxd7FPB+fuvHndUO2Qu9ePvRPd0E2UMLvlzA+vXrKSgsZNoJJxgrSLd12RWXA/DSv17cbl11tXVGT91tt9zCv996i/MuOJ9XXnqJVatWtSobCoXa9OqJiEj30SILkSQWj8d56oknALj3j/czfcaMVns2udPS+N3t/8v0GTPw+/288M/nO1Tv8mXLee7ZZ7Fardx2x+1d0nYREdl9GqIVSXLPP/dP8vPzueSyy/jLI39l3bp1fLNoEampqRxx5JGkpqbi9/u54Nzz2Lx5c4frfeD+P/LjH/+Yww4/nJ+cfDJvvvGG8dzkKVP48qu2Q7cAkw47fIf3XTzvgvM57aentTl+x+23t1rt+sTfniLcznDyjGkntLmLhYjI/kYBT2Q/cM8f7mbDho1c/IuLKSgspKCgAGju4fvko4958IEHWt32qyO8Hg93//4P3PvH+/n1zTfx0YcfGs85HA4cvXq1e97ObsuTkpJCSkpKm+OJu3AkbO+OF3vTPX9FRHqKAp7IfuLF55/nXy+8wIRDD6V///6EwiF+WLyE9evX7/C8C849D6vNRkN9fZvnXn/tNT799FOgeQHFvM8/59Dxh+ywvsSdLIYUFLY6/uwzz/DKyy9v9zyf1wvAJRddjNVm2265RO/dsqVLOXT8IUTC4R22R0QkGSngiexH4vE4Cxcs2KVzGhsbd/h8bU3NDh93VFNTE01NTXvcnoRoNLrbbRER2dd1ScAbd+/T233u8nXaj2pvc+nDK3ZeSERERPYZWkUrIiIikmR6LOBlZGRw2uk/5YARIxg9ZgzDhg9n5imnMG36CQDMPOUUZp5yCoMKCli9bi1jxo41zh0zdixms5lDJkwA4PCJh5OXl4fb7e6R1yIiIiKyN+mRgGez2bjhN79m5YqVzPjRjxgyZAijR48mJTWF7KxsTjr5Jxxz3LGsXbsWz5abg58y61Tj/FNmnUosFuOII4/kwosvYtjwA8jKziZtO6vqRERERPYnPbLIIjs7m9JNm1iyeDE+n5cpU4+gsqKCY487jgEDB3DeOedy2eWXM/PUU3jx+Re2W89f/vxnHn/qSc4/59xubL3I3ueRght7ugkiIvuF22Lbv+PP3qRHevAqKytJT8/g/Asv4KJf/IL33n0XgL8//TSvvPwKhYWF+Hx+KisqsFiam5iRnsHlV17B5ClTKCoq4vIrr6Bw8GDWrl3bEy9BREREZK/VIz148Xice/7wBwYOGsRLL/4Lv9/PRx99SDwW56uFC3G5XFx52WUAeDwehhQUkpGRgd1upykQ4NpfXYPZZMLj8XD/Pff2xEsQERER2Wv12D54sViMdS1630LBrbcc8nq9eLdsaprQ0NCw9fkt8/JEREREpK1uD3iaK7T3+a6nGyAiIiKdSvvgiYiIiCQZ3apMREREZA+NGzeup5vQinrwRERERJKMAp6IiIhIklHAExEREUkyCngiIiIiSUYBT0RERCTJKOCJiIiIJBkFPBEREZEko4AnIiIikmQU8ERERESSjAKeiIiISJJRwBMRERFJMskd8ExQdPGh9JsxvKdbIiIiItJtuj3gWdMcjP7dcfSaNGi7ZZx5aYy7awbuITl7djGTidR+6dizU/esHhEREZF9SLcHPJPZhCPHhSXFtt0yZqsZRy8XFrulG1smIiIikhySe4hWREREZD9k7ekGdJSjlwvXwEysbgfBKh+Nq6qIh2OtypgdVtKH5WLPTiVU14S3pKbdusx2C2lDc3HkpBKs9uNZXU0sFN21ciZw5LqI+sNEQxHSinJx5LoI1vjwrq0lFoh0+nsgIiIi0hF7f8AzQeHZB9Nr4iCCtX6Ig6swi3BDkKV/+Aj/xgYwQd4xQyi6YALRUISmcg8WpxVnrgtLqg3vmhqjrt5TCim6aAJRf5hApRdnXhoWh5XVTy2kat46iHesnNlhZcT/HEE8EsXZO42IL0SkKUxq33TMTiurHp1P5X/X9uhbJyIiIvunvT/gxWHts9+w9tlvjENWt51RNx1D/x+NYNXjX6T/y9oAACAASURBVJJ9cD6F546n+NH5W0MaYEt3MPp3xxvnZR/Un8EXHMKqR76kesEG43ivKQUMufBQwo1B6heXd6hcY3EVJrOJpkofS+/+hIg31FzIbKL/j0dQdOEE/KWNW8OliIiISDfpkYBnspgYdPpY8o4f2u7zFocVe4Zzu+dHvCEallaQNrwXZruVfjOGU/nZ2lbhDiDsDRFuCBCnebi1/4kjqPzvWqoXbmhVX9W8dWSOyqP/jOF4VlV1qJx3TQ3xeBzP6uqt4Q4gFmfzB8X0nlJA7uEDFfBERESk2/VIwItH49Qu3kT90op2n7dnpjDwp2N2WEekKYzJBPasFFL6prP5w1Wtwl2bOrNSSOmbxqa3lrUtF4f6JZsZ9LOxuAZmdaicLd2x3WtFAxE8a2pwF2aD2QSxHTRM9mrjxo3r6SaIiIjssh4bovWsrqHq83XtPpean0H+yQcaj01WM1lj+5I5ui8pfdw4ertxDcikcWUVlhQrZpuZcGNwh9ezuuyYLGbCDYF2nw83Bpp7DjNTOlTO7NzBWxdvLucuyMZsNbe7gENERESkq+z1c/CsaQ5GXncktnQHFR+voe7bUpoqvPSeWkjWmLzmQiZT89eOJDrRtlPOZDYRj8eJx+MdKkes3ae3ljOZiMdiW+sTERER6SZ7fcDLPWwgzl4uvr91LsFqn3E8Hm1OWNGmCPFwdIdz9gAi/hDxaAx7Zvvl7FmpRJvCBGv9HSoXbQpv/2JbtlAJ1QeIRxXwREREpHvt9RsdO7JTCHuChL3tD8GGG5rwlzWSNbZv83y37QjW+vGXNpJ9cH6bciabmdzDBtC4sgr/hvoOlQt7tj8kbM9KJX14L+p/2Kz5dyIiItLt9vqA59tYT0peGulDc41jVredtKIcwEQsHKPsnRXkThxE3+OGbA1lJsga0xf34GxMQDwco/Tt5fSaUkDf44Ya5Uw2MwNPHY2rMJvSd1YQC0U7VC4ej2MymXAXZre67Zo1zUHRhROIBiNUf7m+u94mEREREcNeP0Rbu6iU8vdXMfqW4whUeIhFmodm/ZsajGHa2m9LWf34AooumkDRhYcSrPFhSbHhLanFt6HemH5X910ZxX+ZR9FFh1J00QRCdU04slPxlNSw7O5P8G+o73C5xCKLzDF9OezxWUS8QeIxcPZ2Ub94M8vu/ZRwffsLNURERES6UrcHvHBDgK9/+cYOy/g3NbDgF68Yj9c+9w3rX15MSh830VCUQIWnzRYmlZ+tpfKztdizU7ClOwlW+Yj4Qmyr5qtN1Hy9CUeuq7lcja/dINaRcvF4nE1vLKX8/VWk9E3DZDUTrGz/uiIiIiLdZa/vwUuIBSP4tvSw7UiotolQbdOOC8UhWOUjWOXrlHLxSKz5lmkiIiIie4G9fg6eiIiIiOwaBbzdFW++ZZo2MRYREZG9zT4zRLu3iQUj/PB/H/Z0M0RERETaSJoePLPdwvCrJ9NrckFPN6WNvGOHMPTSw3e4T5+IiIhIZ9lnevCyxvZt3oPu7eXEI+3cJ8xsIqV/OrbV1R2v1ASDfjaO/JNGbLkFWfMdMsKNARqWV1L69nJ86+r2uO32rBRS+qdjMrVZ/CsiIiLS6faZgGdJtWPPSgFTc29dvx8dQMOyCjzFuxDo2mFz2/Gsqqb4kfnEY3HMVjPOPmnkHTuEg34/g2X3fkrtN6Udri/n0AHYM52Uv79KaU5ERER6xD4T8Krnr6d6fvOdISxuO72nFBJuDOxxwAOIBqMEqnzGbcWayj3U/7CZA345mQGnjKJ+aQWxYKRDdaUf0IvU/hmUf7Aa4kp4IiIi0v26NeCZLCYcvdyE6puIBVoHJkeui2hTuM0mwfbsFOLROPFoDEuKjYg3RGr/DCwOC47sVFyDsohHY4QaAtucl4prUCZWlx1vSS1NZY271NZ4JEbd9+UU/HwczlwXsWiMYI2PeLjt8LAt04nZZsFst2BLc2JNteEamAmxOMFaf6uylhQbrkFZOHu5CFT78KyqbjPkbLZbSBuaiyMnlWC1H8/q6q2rdU1b3it/83u1p69TREREkk+3BjxLqp0DbzyKzR+sovQ/K4zj9uwUxt05neqFG1jzt6+MoU2z08qI2UdS+dlaLHYLOYcNpPStZRSefTCuQVnkZ6aQd8wQQg0BVj++AJPJRNa4/vQ9fhjWNAeBSi/WVBvuwmzWvfAd61/6fpeGTWPh5lBlcdkYeeUkNr21nM0frGpVxuywMuJ/jqBhWQUZI/qQfkAvLHYrB95wFPF4nA0vLwbAmeti5A1Hkz40l2CNj1g4StrQXBpXVrH07k+IeIJggt5TCim6aAJRf5hApRdnXhoWh5XVTy2kat665utdewTBGh+OXi4c2akEqnx79DpFREQkuXRrwIt4gzSuqCRzdF/K5qwkHm1OIe7CHOxZKWSM6IPVZSfibe7FS+ntxp7uoHFlJVmj+wJQs2gT9T9sZsxt0yh9ZzkVH60BMO4NC3GW3fdpq56s/ieNJP/EEWz+cDXB6p3cvSLBBO6CbEINAZpKG6n5ahO9pxZS+dnaVsO17oIsHFkpVH2+jvUvfk/huQeT2j+DpXd/Ygz5DjxtNGa7hbI5K1h6d7lx3FWYxZhbjydrTF+q5q0j+6D+DL7gEFY98iXVCzYY1+g1pYAhFx5KuDFIY3EVJosJs93Cyj/P2/PXKSIiIkmne7dJiUPd4s2kDsjEnpXafMwEWWP6UvnZWkwWU/PQ5hZpQ3MJ1QdoKvd0rPp4nLrvytoMU3qKq8AElpQO5lmzid5TC8mbNpTyuSuJ+EJUzV9PSl4a7oKsVkWzx/fHt6GepvIdD436yxqpX7w13AEENnsJVvuwpTsw2y30P3EElf9dS/XCDa3OrZq3juqFG+g/Yzhmi7nzXqeIiIgkpW5PAt6SGkwmcA3KIljtw+qy4y7KZsMrSzDbLWQcmEfDskowQeaoPBqWV7SZr7erYtFY85ClqZ196Ewmcg8bwGGPnNr82GzCnukk4gux9h/fNC+WAHwb6vBtqCN30iAai6sgDtY0B1nj+rPpzaVGb+SuiMfixCIxMJmat1Lpm8amt5a1HV6NQ/2SzQz62Vhs6Y7de50iIiKy3+j2gBes8ePf1EDGgb2pXbQJ18BMTGYT3rW11H5bSp8ji9j05jIsKVZS+mdQ8cmarm1QPE79D5tZ8/TXEI8Tj8UJNwYI1Ta1LhaOUfHpWgadPoZNbywlVNtE2pAczFYzDcsq9rgZVpcdk8VMeJvFIgnhxgAWh7XFULSIiIhI+7r9ThbxSIy6xeVkHNAHS4qVjAPz8K6rM7Y8saU7SOmbRmr/DIjH8W2o7/I2RXxhvGtr8ZbU4ltX1ybcJdT/UE48GiNzdF8wQe7hg6hfVkGorv3yuyTRa7ed3rfmjZjj0M4ezyIiIiIt9cityhpWVGLPdJI6IJOMA3pT910ZxKGpwkOwxk/GiN5kjOiNf1MDofpOCE+dJFwfoHZRKb2nFuLsk0b60FxqFmzolBWrEX+IeDSGPdPZ7vP2rFSiTWGiTeE9v5iIiIgktR4Z7wuUewh7gvSaOAhLig3vmhqgeRi0fkk52ePzMZlNVHxassPwZOqBuWZV89fTa9Ig+k4bSsQfwrO6pr2W7XK9wVo//tJGsg/Op/bbslaLMUw2M7mHDaBxZRVhT3APWi8iXcnRy0XvKYXG4/qlmztlM3YRkV3VIz14EX+IhhWV9P/xCAIVHoIthjjrl1aQNjSX1P4ZeFa1/4sxGowQbQqROjATzN0b8nwb6vCXNjDotDHUflPapkctVNuEs7cLm9u+S/XGwzFK315OrykF9D1uqPG6TDYzA08d3Xwf3ndWNA/TisheyTUwkwN+NcX4yp0woKebJCL7qZ6ZsR+H+sWbyT9xJLXfte6taiptJFjlI+ILEajytn96OMbGfy/lgGum0vf4YcQCEVY9saB7mh6OUTVvHenDelG7qO09aqvnr6fXpAIOf+qnRAMRKj5eQ7ix/YUT26r7roziv8yj6KJDKbpoAqG6JhzZqXhKalh29yf4N9RrkYWIiIjsVI+lhdpFm/jvrH+0OR5tCvPNdW+3Ob7pzWVsenNZi/NL+eLcF7G67MRCUWKhqHGv2m15V9ew4NJX2z4Rh9VPLtzltjt6uWlYUYm/tKHNc8EaP9/d9C6WFCsms9m49dqGV5a0KRsLRvjuN++2Olbz1SZqvt6EI9eFLd1JsMZHuH5rQIwFInz363e3rQrYweuU/Y4zL42UvDTjsW99XecsBtoZE2SN7Wc8jDaFaVxZ1fXXFRGRVvbt7qA4xl0vuos1zUHuoQPY9PbyNveQbSnatAd798UhWOUjWKW7Ucju6f+jAxh87njj8Q93fUT53OIuv67ZbuWQB39iPPaW1DL/wpe6/LoiItLavh3wupOp+b6zA2eNBhPUfdt2eFZERERkb6CA1wFWl50Rs48gc0xfvCW1FD/yJeFGrWYVERGRvZMCXgdEfCGW3P5BTzdDREREpEN6ZJsUEREREek6CngiIiIiSUYBT0RERCTJKOCJiIiIJBkFPBEREZEko4AnIiIikmQU8ERERESSjAKeiIiISJLpko2Obw0+g9PpxGKxYLfbCYVCRKNRQqEQFosFm81GJBIhHo8bXy6Xi2AwSEpKCgcffDCxWAyz2Ux9fT0ZGRmkpaWRk5OD2+0mJSWF1NRUAHw+HxUVFTQ1NRnPud1uLBYLZrMZn8+Hx+PB4XAQiUTwer04HA68Xi+BQID6+npisRh9+vQhGo2ybNkyNmzYQCAQIBqNYrVaCYVC2O12TCYT0WiUaDQKYLQ9EokQDocJhUJEIhGjTDweJxaLEYk035c20SaLxQJALBZj6tSpjBo1ihdeeIHhw4fj9/vx+XzGOccccwzFxcVUVVURj8cZMGAA1dXVfPrpp4TD4U75ft1z/QWdUo/InrCk2kgbkkv60FzShuSQNjQXZ14aFrsVk80McYgFI4R9IRqXV1L7bSm135biW1vXqe3IGtePnEPycRVm4x6UhbOPG7PN0vzzHIzQtNmDf2MD3pJaKj8rwbO6plOvn2DPTqH3EYNJH9aLtKIcXAMzMTutmEwmYqEoTZs9eEtq8JbUUv3VRhqXV3ZJO0w2M70nF5JxYB/ShuTgLszGlubAZDETi8QI1TfhLanFW1JDw9IKquav3+F9urfH7LSSd8wQ43Hjyiq8a7Z5b02QNbYfWWP74h6cg3twNs7ebsx2S/Pv50AYf2kj/o311C+toOLjNQSrdU9v2T91ScBLTU0lHo9jNpuJRqM4nU6ampowmUyYzWZCoRA2m414PG6EovLyclJTUzGbzYTDYfx+P16vl6ysLNLS0sjPzycej2O324nFYsTjcdLS0qitrSUYDNLY2IjT6SQcDhOJRAiFQkYAysjIIBAI4Pf7icViNDU1YbfbCQaDpKen4/f7sdlsRqgzmUw4nU5isRg2mw2Hw4HNZiMcDht1mkymVgEvHo9jMpmML7N5a+eo1WolGo0SizX/0ksEvXg8jtfrpaamhkMPPZSNGzcyceJE3n//feOan3zyCT//+c/59NNP2bx5M1VVVRxyyCG43W7eeOMN4vF4V3wLRbqFJcVK32nD6Xv8UDIO7IPJZNp+YRNYUmxYUmw4pxbSe2ohALXflrL6iQU0LNv9gGNJsTLop2PpN2M4KX3T27+8yYTFacNdkI27IJveUwsZfN54fJvqqfh4DZv+vXS3r99S5ug8Bs4aTa8pBZitlnbLmO0WXAMzcQ3MpM9RRRRdOAFPSQ2lby9n01vLiId3PWBty9nbzYBZo+k3fTj2DGf77bCacea6cOa6yD10AACh+ibK3itmwyuLCVZ1PFzZ0hwceMNRxuPVTy40Ap6zj5sBp44m75ginL3c263D4rSRVpRDWlEOfY4qYtjlE6n7roziR+bjWVXd4baIJIMuCXiJABaLxbDb7ZjNZkwmEykpKUbvXSIwmc1mo7cuFArR2NhIWVkZDocDj8dDTk4OLpcLp9Np9I4leumCwSBerxev10tTUxMej8cIVongU1tbi8ViwWq1Gm0JBAJEIhEjiIXDYSNghsNh7HY7VqvVCGbRaBSHw0FTUxNms5mUlBTi8ThNTU1GaEtcL/HagVY9eS2fs9lsxrXLyso4+OCDyc7O5sMPP+TAAw8kJSXF6DV0uVwsWLCAyZMn89ZbbxEOh1myZAnDhg1jxowZvPPOO13xLRTpFhkj8xhx7dQ9qiP7oP5MeGgmK/78OZveWLbr5x+Sz8jrjiQlL223ru/Kz2TwOeMZOGs01V9u2K06oLkHa/gVE8n/yYG7dX7a4BwO+OUU8k8+kKV3fUTjyqrdbkv/Hx/AsCsnYU217/K59swUCn42lvyTRlD88BeU/mfFbrfDmuZg8DkHM2DmKMz29sPujpjMJrIP7s9hj57KhleXsOqJBZ0SfkX2BV0S8BK9WImhyEgkYoQWq9VqhLBE0AmFQjgcDqPXr7a2llgsRiAQwOFwkJaWRnp6Ok6nE4fDQU5ODpFIhLKyMtavXw+A3W4nEAjgdDoJBoPYbDai0Shms5lgMEhFRQVWq5XMzExsNpvRllAohMlkwufz4XK5AAiHw0ZvoNPpNMqmpaXR1NRkDNG2HHa2Wq1GL14sFjO+YGv4S/T4JV4XQEVFBQD19fUUFBTw5ptv0qdPH9LS0vD7/djtdoYPH47b7TbqiMViFBcXM2HCBMrLy/n222+74tso0q3CjQG86+qah/vW1hKs9hELRYiFY5gsJsw2C65BWWSOyiNzVB72rBTjXJPFzIhrjyDiDbH5w9UdvmbRhRMYfO74Nscj/jA1CzfgXVuLf1MDobom4rE4JqsZR66L1P7puAZmkX1wf2xpzT/L1lR7qyHGXZE6MJOD7ppBan5Gq+OhhgAVH6+mcWUVnlXVhD3B5mu5HbgGZeIenEOfowbjys80znEPymLCw6ew6tH5bHhlyS61w2y3MPqW44ze0YRYJErVvPXULy6ncVU1gUov8WgMi9NKav8MXAVZ5B42kKxx/YxeWGuqnZHXH0XupAIW3zZ3l4NV1rh+DDh1FI7sVONYPB7Hs6oaz+oa43sTC0aIx+JYUmyk9ksndUAGuRMHkdJna2A3WcwMOn0sKX3Tm9sS1ciHJL8uCXgthzetViuxWMyYY2cymQgEAsTjcRwOBz6fj2g0aoSkaDSKz+cjFovh9/tpamoyzs3JyaFXr14ArFu3jnXr1hGNRo2gaLVajSAUDoeNXzQNDQ04HA5isZgxlGuz2XC73dTX15OamkowGKS0tJT09HQ8Ho8RRBNzBi2W5jkeDofDGG4Nh8PGEG1iHl7itSRCbmLId9uevUSvJUBZWRnRaJSDDz6YqqoqNm/eTCgUIisri8bGRlatWoXdbsfv95Oenm70fH7yySccccQR1NXVsW7duq74Vop0qUCVl+V//C/VCzcS2OzZafnqLzew/l/fA5B7+EAO/PXR2DO3Br0DrplK7TelhOqadlpXwZnj2oQ7f2kDa/72FZWfryMWjOz8BZhNZI7KI/8nI8k7Zggm8w6GmLfD0cvF+PtOxNl769BjqL6JVY8vYPMHq4iFom1PqvDiXVNDxUdrWPPkQjJH5zHsyklkHNC7uVlWM8Ovmkw0EKH07eUda4jZxOhbj6P3lK3hLh6Nsf6lxax/eTGhWn+7p/k3NjR/X178HmcfN4PPO4T+PzrAeL735AJG33Ici297H2IdD1Y5h+Qb//atr6N8bjHlH6wiUOHd+ckPfk7mmL4Mv2oS6cN6bW3L1EIO/PXR/HDnRx1uh8i+qktW0SZ67kwmEzabzVjsYLFYjPADzSEsMe8uMWRpsVjw+XykpqaSl5dHYWEhaWlpRrgKhUKsXLmSkpIS6uvrjfl2iZBnMplIT0/HZDIZCxXsdjsejwePx2P0ylksFkKhEG63m969e+NwOLBYLOTk5JCWlmYssIjH46Smphpz7mw2G7C1Jy0RLE0mkzH/LxgMGnMAE8PK2/biJYKfyWRi3rx5HHTQQcydO5fJkyczaNAgotEopaWl2Gw2vv32W1588UXS09OJRCI4HA4CgYAxXNurVy8GDhy44/lLInsh/4Z6Nr25rEPhblvVX25g/oUvE6jc+oFvS3PQr0W42J6844Yy9JLDWx1b/9L3zL/gJTZ/uLpj4Q4gFqd+cTk//N+HfHH+v6hbXL5Lr8HqtrcJd7XfljL/wpcpe2dF++GuHfVLNrPwitdZ/beFrY6P+J8jyJ04qEN1jJx9RKtwF6jy8vW1b7HqsS+3G+62FajwsuyeT1h03dtGbyNAnyMGc8Avp3SojpYaVlSy8MrX+eK8f7H2n992LNxtUb+4nIWXv8a6F1qPcPQ9fhh9ji7a5baI7Gu6JOAleu8sFgsOhwO73U5qaiopKSlEIhFjkUHLOXWJ3j6z2YzNZsPlcpGenm7Md0uExg0bNlBZWUk0GjXKJBZ1ZGRk4PF4CIVCpKamkp+fT0pKCsFgEKfTSXp6OpmZmUbvWyJQms1mrFYrvXv3xmq1kp+fb5SJRqMEAgFjJXBTUxM+n49wOGyskE0E1ET7Ez12CYkw2PJxoqfPYrHg8XiYM2cOmZmZVFVV0bt3bwYPHkxubi6VlZU4nU7i8Th1dXW4XC4ikYgRjP1+PykpKUyfPp0LLriAjIyMNt8PkWQVqvWz4sHPWh3rO23YDs+xpNoYfuWkVsdKnllE8V/ndzhQtce/oZ6SZ77epXOGXHwYrkFZxuO678v45vr/dDhQtRKLs/Yf37D6ya0hz2Q2MeJ/pmJ27niwJvfwgfT/8QjjcbgxwKJr3qJ+FwNrQu3Xm/j21+8QDWxd6T9g5oFkjs7rcB1VX6xn4eWv0bC0YrfaABCPxln12AI2bdOLOfTSw3drTp/IvqRLAp7T6cTlcpGS0jx0kghvLee0JVajxmIxozcrUdZisVBeXt5qQYPJZKKqqoq6ujrq6+tpbGzE5/Ph9/uNgJfYZiWxHcqmTZtoaGjAZrORkpJihDqn04ndbm913UQQbGxsNMJiy57GaDRqLMxIbGUSCARoamrC6/UaQ8KJwJhYPAJb5yS27GFLlEv0cpaXlzN06FAaGhqMYW2Hw0F9fb0xF6+hoYFNmzZRVVVlvI7EYpX09HTGjRvHjTfeSH7+1qENkWRXvWBDq94i18BMzI7tB5rB5x3Sav5e+fvFrHn6qy5tY3vcRTnkn7Q1VDWVN/Ldb9/brS1GWlr73DeUf7DKeOzs5abwrIO2W95kNTPsqq2BNx6N8f0t7+EvbdijdjQsrWDZvZ+2Ojb86snQwYGGUH0TdNJUuRUP/Bf/pq2vJyUvjfyTd28xi8i+oksCntVqNYZiE3PYAPx+P36/3wg6sVisVdCx2+1G+cSwq9PZvDzfZrPh8XiMPeKi0Sher9fY+iQUChEIBAgGg2zevJlAIEBDQ4OxcMPr9RqLKSorK2lsbMTv9xv/jcVi+Hw+Ghoa8Pv9WCwWYxWwyWQiGAwavXnxeJzGxkYaGxsJh8MEg0H8fj/BYNAYgt12uDQzM5MRI0Zw3HHHMWPGDGbMmMF5553HkUceyaBBg6itrSUzMxOr1UplZSU+n4+hQ4fidDqpqamhsLAQk8mEx+Ohvr6e9evXk5qayqmnnsrll19OOBzmzTff5MknnyQvL48RI0YY77tIMotH41TPX288NplMuAZmtlvWlu5g4KxRxuNoU5jiR77s8ja2Z9jlh2OybP0VXPzIfCItguqeWPXol616zwadPhbbdrY6GXDyga0WaZS9V0zd97vXc7etzR+upn7J1rrSh/Wiz1HdPzwaj8YpeXZRq2N5x+7eghiRfUWXLLJI9F4l5t8leroSq1EBI0AlFkkAxurUROjLy8sjIyPDCIybNm2irq6O1NRUnE4nHo+H7OxsPB6PMQzr8XhwOp3U19cbQSyxajXREwdb97ELhULGdaqrq41es0RPntVqxe/3EwqFjGHlxBCs3+83FkokVgMn2g/gdrs5+uijOfPMM8nIyODzzz+nrKzMqP/bb7/luOOOY9q0aSxdupRPP/2UWbNm8dprr7F69Wp8Ph/jx4/n008/5YMPPjC2TUnMM4zFYixfvpyVK1cSj8eprq42hpsPOOAACgsL+fzzz2lsbNzu90rz9vYPw66cRNFFE7r8Oj31/5O/vPX/47Z0R7vlek8tbLW33I4WD3QlRy8X2eO39rQ3LKug8r9rO63+YLWPDa/9QOGZzT13FoeV3lML211w0W/GcOPf0WCk03szVz2+gAkPzTQe5x03lIqP13TqNTqi/P1VDL3kcBw5zatyMw7ojaOXa5f26hPZl3RJwEtLSzOGGRMrTBOrRhM9YUCrIVDAGI6NRqNkZGQwbNgwysrKyMvLo6mpifLycuOOFHa7ndzcXAKBAFarlZycHKMuj8eD3W4nKyvLWOCQ2H/ParUaK3dTUlJIT083tj4JhUI0NDQYCzdMJhNer9cYyk3MH0wsCEnM00sMCyc2dk5NTeWss87imGOO4ZtvvuGRRx5hzJgxLFy4kLq6OnJycrDb7Xi9Xv7xj39wyimnsG7dOgYMGMDLL79MMBjE5XJRUlKC1WrlyCOPZMGCBUYPYk5ODgUFBdjtdr755hs2bdpEZmYmBx54IHV1dVRVVdHY2EivXr248sor+fDDD1m4cGG736vCwsJ2j0tysWc4YTs9OMkg2tR6UUTLnrGWtu092txiKLM75R0zpFUY3vhG52yS3NLmD1cbAQ+aX/u2AS91YCZpQ3KNx9Xz13d64KlfsplApddYSJI7YQCWVBtRf+fciafDYnFqF21qNUez99RCNr72Q/e2Q6SbdEnAa9krFwgEjA2Ig8GgMQ8usUI1sd9cYp5eYkWq3W5n48aNrF+/nqysLGO4NTFkmhjqTUtLw25v3owz0VOVmppqDJkCxgKFjIwMY/Pha4FIVgAAIABJREFURA9iYug2EAgYgS0xvy8xXzCxGCMRUhMrYq1Wq7FiNvHLOi8vj9tvv52srCyeeuopli1bhtVqJTs7mxtuuIHa2lq+++47o1cxEAiQlpbGYYcdxvvvv8/AgQPZuHEjAwcOZMWKFQQCAbxeL1OnTsXr9RIKhfD5fBQXF7Ny5UoyMjKMhRfFxcUUFRXhdDpZv349kUiEQw89lMsvv5ycnBzefffdVt8nm81GXV3n3uZJpCfEozuft2Z12ck6qL/x2LexHt+G+q5s1na1XMUZj8ao+mL9DkrvHu+aGvylDaT2b154lX1QP6xuOxFvyCiTt03grfy8a7ZbqvxsLQNnjQaa99rrNXHQLu1X2Flqvm4d8DIO6M3Gbm+FSPfosoAXiUTw+XyUl5cbQ5eJrUQSgSwcDuNwOFqtQrXb7cbtwVwuF4cffjgul4v169ezcuVKLBYLmZmZ9OvXD5fLZSwwSNxbNjEs7Ha7cTgcxlBrZmamEagS26i4XC4s/8/em0e3ed9nvh/sL4AXKwkQXMRdFKnVkiVZsiyvsdM4cbykHtfJpL1Nm860J/dOe9qe23bSTtszt7nTJU3bc5s2ybR1mjRJXTdJ5RwvcWx502JZkmVJliiS4k6CxL7vwP2D/v0E0PIiW5Bs5/2coyO+JID3BQhRD7/L8xgMhEIhKpWKtDU5c+YMer2enp4ezGaz9LoTlTsh+EQrVti6bNy4kZtuuonjx4/zyiuvUKvVuO222ygUCoyPj/Pkk08yOTnJ8vKyXEJRFIVYLCariYVCgZGREe644w6OHDnCj370I4rFIj6fT9q4WCwWzp8/T61Wo1QqYbfb5Qbx+fPnaW9vZ/PmzaiqitfrJZfL8cADDzA+Ps7Y2Jj8XpjNZnp7e5vxFtB4n7H41Nh7SjZ4p+iNetb+l11vf8OrgL3Xg954obIXfXnuqlyHzqjHufZC1Sx+eumyzd6tJnp0Tgo8nUGP2t/SsBnr2nhhq7VWqxE+dPmFJqwIKyHwAByDrVdF4CXONG7kWjsvHkunofFhoCkCr1arEYlEmJubk63QSqVCoVCQMWD1vnf1CxnCMNjjWbEOEBmx0WiUVCrF7OwsLpdLJlyIc4mFCLvdjqqq5HI5KX4MBgOxWIxUKkWtVkNVVRmNVq1WMRqNlMtlotEoi4uLOJ1O/H6/FKSiere6RSv+1Go1+vv7ufvuu8lms0xMTBAIBPD7/UxPTzMzMyOvsaenh7m5OWZmZuS17NmzR/r9nT17lqGhIcxmM2NjY3I28Pz585w9e5ZAIMCOHTsYHh4mHo9TKBSIxWJUKhXpG9jS0kJnZydTU1P8wz/8A0ajEYvFwjXXXMPMzAyFQgGfz8cNN9zAwIDmB/XTQOSlWRafPNf08+gtxvetwFudEvFet0Tfy3XUt5DT56NNO1d2vnE20b7G1SDw6pdRCqFMQ3XvcpJb9Vrb1lwdO6f8qvbzm+UOa2h8GGiKwEskEkxOTmI0GmX8VyaTkX52ok0qFhSESDIajdJzLh6PEwwGpQA0mUxs2rQJRVGYmZkhHA7T1taGoigoikI+n8dqtcpUinw+L4WeTqejtbWVaDRKrVYjnU5jtVqlgbLItM1kMkSjUbq6unC73eRyOSnoxJZtoVBouG6j0Uh/fz9/+Zd/STgc5pVXXuHaa6/FZrORSqU4efIkS0tLKIrC7t27sdlsrFmzRm7ClkolIpEIuVwOi8WC3++nr6+PEydO0NHRQTabJRaLkc1m2b59O6dPn+bAgQNce+21fOYzn+G5556Tc4ttbW3Y7XZyuRwPPfQQZrNZegIODw/jcrnYvXs3J06c4IYbbsDtdsvqqobGh53VAi+38ObLR81k9YZvM4XmaoFnq9uW1ZsNKG1q3W2beB2LyZWot9eTPlZ/L64U1XyZUqog4+UsXht6xUg1/w6NrTU0PkA0ReCJ2Czh0yZsTVRVlW3Yeo84o9Eos2NFYoXNZiMej+P3+1leXsZiseDxeBgeHqa7u5tIJEIwGKS/vx+r1SoNklOplGxZlstlOQsoTJeNRiO5XA69Xk8wGMRms0l7lkKhQHt7O2azWS5kmEwmOXNXKBRIpS447otlkC984QuMjo4Sj8ex2+20trZy/vx5ent7uf7663E4HGzYsIHu7m4ee+wxTp8+zSc+8Ql27dqFxWJhfHycgwcP0trais/nIxAIsH//flRVxWAwyOdnt9vlayeqozfeeCPFYpG5uTleeOEFTCYTHR0duFwu9Ho9LpcLq9VKPp+nUqmwe/du/H4/mUyGV199lW3btjXjLaCh0VQMVhNKm4riX/lTH2v1ZohWpSC3eOnpGZeDNwjNxeYJzVyw8bGt7RfyWW2droZFj9Vi8HJSK1UpRDIoPvX167h6lbNCKCMFHoDFY71q7wUNjWbStBk8q9Uqf3iI/FcR7SXasdVqVf4Riw/CuFdEcp07d4729nYp/mw2W0NcWDqdlvFii4uLtLS0SMsUi8VCoVCQ/nQ2m0165QFSOCWTSWnELKqAxWIRs9ksrVGEdYvBYCCfz8stWo/Hg9fr5fDhw0SjURRF4fTp0zzzzDN4PB5uvvlmPv/5z/PKK68wNjbGa6+9RjKZ5OTJk7S3t/PjH/+YHTt2SFEZiUTIZrMoikKhUMDhcDA3tzIrdODAAdxuN4qiYLPZ5Cze5s2b6enp4fTp0+RyOTlnKCqj9W1v4R84OTnJwsICDzzwwOXyEtXQuGyYXAq2Lhe2TieK34Hit2Pxq1j9Dix+Oyb14jYob4XRbm44rveJu5IYbauuo4nbpKsj1+oNoA2rX49sc6v51cKFlBDDWxhRN5tKcdXGtUlLtND4cNKUf2UWiwWn00mpVJIJDyJJQkSXCasTMeMmsmBFG1eIwEgkgtVqpVgsEolEZL6sEFewItRSqRRut5tkMimXL0SerLBKyWazMsPV6XRKgSgsXYxGIzabTV5P/QatmNcrl8uynSoE4unTp/H5fKTTabxeL5VKhYGBAbZs2cJ3vvMdHnroIbZv306xWCSZTHLLLbfI533DDTcwOjrKz/3cz/Hoo4/S398vl1Dcbjf33nsv4+PjfPnLX6atrU2KWavVKuf75ufneeCBB3jggQf4/ve/TyqVoqenh/7+fnK5HJFIhFKpRD6fZ2lpia1bt3Lu3Dn8fj/79u3jEyP/ZzPeBhoal4SlxUbHz6yj42PDTWnh6YyN1inV95gY8UG4jtWpGPVLJvpV11GrNPdXveqqTWedQf+Otp8vN294Td7EUkdD44NOUwSe2A6tVqukUim5xCCSKQwGgxQ44thiscgECLFpazAYUFWVo0ePsnXrVjweD9VqlUgkgqIopNNpfD4fJpMJr9fL0tKSFEci6ktsqQojYqPR2NC+dblcZLNZ7HY7LS0tDQJTtGaFR56oQArB5/f78Xq9OJ1OaQdz8803MzExwbXXXivn7r7yla/g8XhYWFjA4/GQz+flrFwikeBzn/scAJ/+9KdJpVIcOnRItoOnpqZwOBx0d3dz/vx5lpaWMBqNtLe3E41G2bFjBy6XS17HfffdRzAYRFEU/H4/1WqV4eFhrFarTOro6elh+/btTExMEAo1f7NSQ+OtUAdbGPylnbTuXPOm/nWCarlCIZylEEqTD2XIL6cphDI41/neNoNWzH9ddTRz8atLrVHI1rQehsaHlKYIPOFVl8/nyWazstplt9vJ5/OYzeaGbVrRrhUtXbH5ajKZpHVILpeTSxsWi4VcLidtQkQ6hliwEEkX4vE6OjrIZDINkWkAxWJRVhSF+BPpFmL5QlVVuSAiIs1EC3loaIhwOEw8HpdLIAaDgUAgwKlTp+SCiN1ulwbPFouFcDjM3NwcBoOBvr4+qtUqCwsL+P1+jhw5wrp161AUhWw2y+HDh2ltbWVkZITZ2VlyuRwLCwuEQiEURcHtdqPX6/nqV7/KRz/6UVpbV+wXfvSjH9Hd3S0j24aGhujr62PPnj243W6CwSDVapXjx4834y2gofGOaN3dzeY/uB2DtTFWrxDJEDowTWYmTm4x9bqgS1OM5i76ON33b35bgbe6QvV2YrJpVFdVspooPFc/x/pqYa26+vVorvCsf/xarXZVqncr17GqcnmVKrkaGs2mKQJPCLZ4PI7FYkFVVVwuF5lMRlavxJKFSK8Q7VmRHVur1XA4HGQyGdxut9xuFRm1VquVZDIpt0CNRqO0TRFbriL1IpVKydm/UqnUMJcmWr3CVgVWKnYiJzeXW/kPJZfLUSgUqFar8jrL5TKLi4vE43E++tGPMjAwwF//9V/LOb/f+I3f4J//+Z+p1Wpyq1j49Pn9fnp6euRCyeOPP85tt91GsVjEYDBgNBpJJpM4HA45o2g2m6XIzGaz9Pf343A4WFpawm63s27dOrq7u/mTP/kT2c4V1x+Px9m/fz/j4+Ps3r2bkZERHn744WZ8+zU03hH+vX1s/sPbG/7DXX5hktnvnyZ6bO6yBc0LquVKw7HefHVmr6rFVS1CU/OEpn7VfFn9TF611Ph6rG4dX24M5gv/3ayeDbySrJ65q58N1ND4MNG0Fm0ul8NsNkuDYVEBEybDRqNRCrn6lq7wmFMUBaPRiKqqUsR0dHRQKBRkuzWfz+PxeOScX7FYlD54IidWVBOFT56IKROi0W63y6zb+qxcQEasiZiyYrEoLUnEfOHQ0BBdXSsbfNVqFb/fL+PKTp8+zbZt26hUKgSDQVpbW/H7/SiKwvr163nqqadYXl7GaDTyla98hYMHDzI5OUkulyOTyZBOpzGbzVx//fV885vflNVEkfpx5swZduzYQXd3N0ePHiUcDtPV1SXtVFwuF6qqUigUsFqtcg5ydnaWEydOkM/npVmzhsaVxOyxMvJbNzWIu8l/Oc741w437ZyrzYSVVjvZq5BkUYg0erFZfOqb3PK9owQcDcfZOmuYQrjxOhSfvWnXoTPoZQYsQG7h6m2t1j/Parn6hu+HhsaHhab8ylYul2UEWLlclrN1ojUrorUURZEtUVGhUlVVtm1F9am9vZ1IJCLn+YLBIMlkko6ODtra2shkMpRKJRRlJWtTCEORkgErkWmi8iaqiUJ4CsSmrKj2wYp/Xyaz8gNAtIRhRcydPHmS/v5+stksX//61/m93/s9OQdosViYn59nYmKCn/3Zn+XGG2+Um8A6nY7l5WW8Xi8ej4elpSVyuZycFVxYWKBSqTAyMsLevXs5fPgwyWSSdevWSQ9B8ZqdOHECg8FAe3s7+/bto1KpMDQ0xNDQEO3t7TLdw2w2y9a1qqqEw2GMRqNsV2toXEnW3LNxJR/3dWZ/cKqp4g4gO9vo81ZvGXIlyc6tMv3tbJ4nnG1VUkN9NFshlKFSV0mzNvE6lIDaIOYzM1cnIlGvGDG7rfI4v5xu+nKJhsbVoikCT7QxARk5JqpeFotFLlgAcsNWtDzF/Jton1arVVRVxefzMTs7SyaTwev1YjKZcDgcWCwW+Zj17V3xR2yPVqtVYrEYxWKRbDYrhZrYyrVarbKKVy6XZQVQ5Ofmcjm5jSue3/z8PPv378dsNjM3N8drr73GsWPHeP7553nuueeoVqsMDg4SjUZxuVwEg0GOHj3K0tISBw8e5Pnnn6darfLggw/y+OOPk8/n2bZtG6FQiJ07d7Jz505mZ2eJRCKYzWZcLhcmk0navOh0OtLpNOl0msHBQTZu3IjH45Gv4cDAADfeeCOdnZ1yqUO0t8XcYT6fb8ZbQEPjLWn/mcZ5uZkrEPiemW2s1ilXyYtt9XWsFmGXkzekd6wSVvXmxraOJl7HKvF4tTKAV4v61QkbGhofJpq2ZFGpVKSYMJlMsv1psVhIJBLYbDa5dFCtVrFaV36rqp/DE5u0YiP02LFjtLe3EwwG8fl8nDp1ioGBAQYGBjAajXJpQ3jeieQJn88nK3PRaFRW7uLxOOl0Gqdz5QebzWaTVcNisSiXKcTWb71vn7BPyWazPPvss3z0ox/l1VdfZWFhgWPHjmEymXC73SwvL3PixAmOHz+O3W7H5/Nx4sQJZmZmaG9vZ8OGDYTDYQwGA06nk0AgwMDAAOPj4xQKBRYWFmhpaZGWLG1tbUxPT8tqYK1W49ChQ/zO7/wO8fjKD80nn3wSm83GM888g8lkYnBwkC1btnDu3DlmZ2dRFIVUKoXD4dAqeBpXHLPHirXtwn+0ibPLV6RVulpYuYb9TT/nxSiEMpSzJYy2lcUS14a2pp3LW2cAXS1VSE82CrzMdAxHfwsABsWEOthCejxy2a9jtRF18lz4sp/jneDe2N5wfLWEpobGlaApFTyxgSqElPCiE1uqouomKBQKchliddJFJpOhWq3icDikQbCY0wPkDFv9ecRSgrBBUdWVGZd4PC79+RRFwWq14vF4SKfTcm6uUqnItnK5XJbze3ChMikSMcxmM8FgUC4zdHV1sXfvXj71qU+xdetWQqEQU1NTZLNZhoaGuP/+++no6KCjo4PPfe5ztLS08Pjjj/Pwww/LSmdvby87duygWq0SCARkvJper+fkyZPs2rVLilVBMplkamqKyclJJicn8Xg89Pb2YrVaSSQS/OhHP+Kb3/wmJpOJLVu2EI1GsdlsWK3Whu+DhsaVYHVUV6oJguJiZGfiVHIXTIU9W9rfsL17pYi8NCM/VnwqzpHLLzbt3W7sddFkkSOzDc8fIHxopuG4bW//Zb8OAN8NffLjcrbU8PyvJL49PQ3H4cNX5zo0NK4ETRF4YglAxIeJuDKxKetyuWSLVtimwEq7VFTGxByfaJna7XZsNhvnzp1jYWGBarWKy+WSVSgx7ycqXWJxolqtks/nyeVysnWZTCZJp9OyfSsqYQ6HQ7Z4xeeEuTGsZM86HA5UVcVms8n5wZ/85CekUilyuRzpdJqnnnqKaDSKx+NBURQ2b97M1q1bmZmZIZfL0draKpc/du7cyY033ihzbI1GI4ODg+zevRur1cqePXtkJq+oUPb19cmEDb1ez44dO9i0aRMDAwMcOHCAtrY2ed3FYpHW1lbGxsbYt28fVquVM2fOcMcdd5BKpdi9e3cz3gIaGm+KwdYoqq7URmW1WGH5xSl5rDcZaL1uzRU592qW9p9vOG676fILq8BH1jYcB38y/obbhF6catgu9t98+a/Dtd7f0P4NvThJtXjlN1cNVhPerZ3yuJQuED02f8WvQ0PjStGUFq3X68Xr9TI1NYXZbKZWq5HJZGR8mRB6YqtWVOzsdru0QYEVaxKxXasoCp2dnSwsLDA7O0tbWxuKohAIBGS2rDAtFpuwwnxYxJUBpFIpKpUKU1NTqKoqBaXw0xPZs6IVC8hqmc1mQ6fTyfaoaNsmEgkeeeQRbrvtNsbGxgiHwzLnNpFIEAqFMJvNhEIhenp6qNVq3HnnnTz44IPs37+f5eVlNm/eTFdXF/v27WNpaYnPfOYz/NM//RObNm3iIx/5CGvWrJHX7/V6ee6551hcXGT9+vXcfvvtHD16lGAwyLp162T1NJlM4vF4iEQi+Hw+8vk8f/u3f4vX6yWXyxEIBOTroqFxpVjtO3Ylq2hLT4/TXid8en7umjeIrStB6NA0lUJZRnZ1fXI90987QTF2cZ+/S8XkUuj+2U3yuJwtNohb+fl0kejReVqv6wZA7fHQdvMAS/snLst1AAz+8nUNx4s/Hrtsj30p9D54TUNEWvjAtOaBp/GhpikCT0SGCaG0vLxMtVrFZDJhMBiw2WzSZkSkWIg2rbA8qc9/FZugbW1t6HQ6MpkMZ8+eJRAIMDQ0RKWy8tugMEQWaRHpdFpmzTocDrmskM/n5cYtrLQ4xRKIoigkEgm5UCG2Xq1WK0ajkVQqJZ+X0WiUVcF8Ps9//Md/oCgKIyMjtLS0oNfryeVyMv5saGhIPo+vfvWrDAwMoNfruf7661FVlUcffZQjR44AEA6HOXXqFKqqsrS0xIkTJ+ju7pYJFyKKLJlMUiqVuPXWWzl//jyhUIhYLIaqqlSrVTKZDC6XC71eTzwelxvIfr8fq9XK+fPn2dWMN4GGxptQb9UB4Fznu2LnDr80SzGek5uUrmE//pv6WX72yoq8ar7M7L+fovfBa4CVfNrBX97Ja3/27GV5/IFf3NGQeTv5z8eo5i9eKZ36l+NS4AGs/S/XETowdVmqbK27uvFuu1A1i51YIPLS7Ht+3EvF0mKj5z9tlse1Wo2ZR05e8evQ0LiSNKVFm0wm5XxXpVKhq6tLzsQBsv0pIsGE35vJZJJiTbR1Rau3Uqng9Xql3108HufMmTNEo1EpCMU56jdqhbAUWbfCvqVUKpHNZkkkEhSLRdkOFhu9omonhJzJZCKbzcrqY31smVgMgZXljJdffpnHHnuMffv2ce7cORRFoaenh/b2dgKBAMPDw9xwww0sLy/LRIkDBw7w7LPPkslkuPXWW9m/fz+hUIiZmRl5rrm5OSKRCBaLhfb2dtasWUN/f79MxRgYGKC3t5c9e/Zwzz33NBhCLy0tEY/HSaVSDA4OcvbsWVnd09C4kuTmk5TSFyrHjoEWPFva3+Iel49aucr4N15q+Nzw/3XDG/zi3i0mh/L2N3qd8/98tKFi13HnMO0ffes0jndCx8fWseaeDfI4Mxtn+uFX3/T2sROLLD13QeBa251s+L9vgfcYbGHrdrPxv98mj2uVKmf/+sX39qDvAr1iZPMffxSDcqFSvPjEOZKjWkyjxoebplTwhM+d1+slEokwPDyMx+MhFArhdq8M/VarVWnAK1qqtVpNJj0UCgWZYavX69Hr9dhsNin8ROVMr9djtVopl8syvkyg1+uJxWLyHO3t7TLnVixvlEqlBgPjSqUiq4lGo5Hu7m6KxSLJZBJFUSiVSrKtKRY66s8p2rcmk4mtW7cyODhIV1cXqqpy9uxZenp6ZJVtaGiIPXv28OSTT/KDH/wAk8nE3Xffzfr163niiScoFotMTEzgcDjYsGEDxWJRbtaK5IrFxUWKxSLf+c535NczmQwPPvgg11xzDT/+8Y+luDMajWzYsIH+/n5mZmbIZrNye1lD40qy9MwEXXetl8e9n95K7GQQqpfuSWZUzfhv6H3Ht59/9Ayddw7jWr+yvWppsbHtzz7Oy//th28ahfa26KDr7g0M/eo7n2mtZEuMfe3Qiphi5Rff9b99M9VC+V23jdtuGWDkN2+Ux9VylbN/+fzbtiLHvnqQlu1r5GZv4LZBypkCZ//qhXflE2fvdrP1f92JyXFhiWv64VdJT7zzXyitAQd6s+E9VRINVhOb/+gO3HWbyuVskbEmey5qaLwfaNoWbSQSweFY+a04Ho+zZs0aNm7cSF9fH0ajEUVRcDgc0gBZVOZE61ZU+Oq3b61WKy6XS1b1ACkIxf2TyaTMfRXVO71eTyaTYXl5mXg8LtMwRBvZ6XTK7Vm73S79+jZt2kRLS0tDtVGIUbFpK0SlSL2oVCpYrVauu+46NmzYwODgID6fD6fTSUtLCzabDZ/PR7FY5LHHHuPFF19kdnaWUqnEr/zKr9Db28u//uu/Mj8/T2trK4lEgpMnT/LCCy8wNTUlo8yuu+46RkZG6O/vp1KpyPQPkQqysLDA/Pw82WyWWCxGLpdjw4YNdHd38+ijj8rXzOv1NuMtoKHxlsw8/GpDLmrrdd1c8yc/c2nzeDro/Pgwe771IJ4tHZd0/tN/up9SXbKFfY2b3f/4AIHbBi/pcQC82zrZ+dX7GPn1vQ0zXu+EhcdGmfruK/JYb9Sz+Q/vYMPv3IJRNb/FPRsx2s2M/NZNbP4ft6M3riyw1Wo1XvvTZ97RIkFuMcWJ33+iIb6s65Mb2PnV+1D7L+FnhF5H5ydGuO5rn8Ja5zO4+NQYY3936J0/Diuv6/UPPUDg9rUYrJdei2jZuYbrH3qA1p0XFmmqxQonvvgExahmD6Xx4acpFbx0Oo3JZMLj8TA6OorRaCSfz0ufOZPJRDwel9Uug8EglzFEfJbZbJbzeMKoWKfT0dra2rBIkUgk5DJEoVBAURQMBoP03lMURRoNr24BWywW2e4FZJRXR0eHjB8rFos4HA65yCG2bIVHntgAhpWKYVdXF62trTgcDkqlEtFolFQqxfLyMmvXrpVCr1Qq0dXVRSwWo7e3l8nJSaxWK08//TSHDh3C7XbLCuLi4iJjY2MsLi5y0003cc0110gPPyEOi8UioVCI5eVlCoUCnZ2dBINB6adntVpZt24dr776KjMzM6xfv55oNCpFuIbGlSQzE2fiH4+w9vMXBvB9u3rY+Xf3Mfv9U4RenKIQemOElM6oR+330nbzAO23r0V5PeYrMxvHvsb9htu/6fmnYhz7rUfZ9hefwKSuVJnMLoVNv/8R+j6zjYUnRgkfnCY7n6RWaax+GVUzjsFW3BsDdHxsXYOJb/z0UkO16J0w9neHMLsUOj42LD/X8TPr8N/Yz/KzEyw+NUbyXPgNUWsGmwnn2lYCtw3SfvtQgziu1WqM/s2LLD75zhcaokfnOPUnT7Ppi7fJ1AnnkI9d37if6LF5Fh4fJX5ykfxSuuF+OoMee5+H1p1r6Lp7Q4PHIUDowDSnv/TMO76OeqztTjb999uoFMpEXpplaf8EyXMhcgvJN1QW9WYDti4XLTvX0H7HkPT3E1TLVV79wye1zVmNnxqaIvBEFSubzdLR0UEmk8Hv91Mul6XwEfmsolUaCAQApJCrn2sTxrwWi4WWlhYWFhaAlSra448/Ti6XY/fu3XIz12KxyMxZMZc3MTEhlygURaFQKMgkByHeKpUKBoOBTZs2kc/nicfjxGIxOYMn/PLEYoioEgqRCnDHHXewsLAgF0IKhQI2m01W2sLhMMvLy2SzWXK5HLfffjt+v59du3bxyCOPyEzZYrFIR0cHOp1OtnWnp6fZt28fuVyOVCqF3W4nEolI2xiR0rFz504mJyelL2Bvby+7d+8mlVrJf3S73bhcLk6dOkVfX99FvoPFgTzrAAAgAElEQVQaGs1n6tvHsXhtdH/qwran2uNh5Nf3MvLre0lNRCiEM1SLFXQmPdY2B7Y1bvTGxsbD7A9PM/nNo9z4yM9f0vmToyGO/eajbPr9jzQkPqj9XoZ+dTdDv7qbarlKfilFpVBGZ9BjtJpQ/G/Mjq0WK0x95xXOf/Nlbt73iw0LDu+E0/9rP4mzIYb+6y4p1Iw2Ex0fG5bCrxDNUkrkobYi7pQ2tcEPU5ALpjj9/z5D7JWFS7oGWGmd55fSbPi9W6SHnk6vo2V7lzQrLmdL5ENpapUqepNhpZVqemOmdbVYYezrh5l5i/m/t6J+y9hgMeLf24d/78rPq2q5Qn45s7I4oltpxSp+FZ3+4oOD6ekYr/3pfhKnl97VtWhofBBpisArl8uYTCZpUCyqXqLaJTJpRZVubm6OhYUFGT0mWrjFYlEKKTF719LSIgUgQDabxev10tfXx5EjR8jn8zKDtlarkUqliMViVKtVuV2byWQwm83o9Xq5ySsWKxRFkdu8hUKhYYnCbDZTKBTkAodY4oCV6t8f/MEfcO7cOTkTKOYGI5EImUxGtqA9Hg933HEHmzZtwmQysbCwgMFg4OWXX2Z8fFw+r3A4THt7O+l0mjVr1sjZwXA4TKlUYnJyknA4LH/Il8tlyuUyx44dY9euXWSzWXbt2kWxWOTxxx/H4XDQ1taGzbYS+i22gDU0rhajf/MiqfEwg5+/DovX1vA1x0ALjoGWN7knpMbCnPv7Q0RfngOgkitdsuVKcjTEwc/9K/0/fy09/2kLenOjUNEb9W+ZFVstVwkfnOLc3x0iN7+yHVwIZTD2XJrAA5j74WkiL88y9F930bq79w1C1uK1veE1qqeUKrDw2Fkm/ullKtnSm97u7Ui8tsShX/o3Bv6Pa+n8xPqGOTpYEZ5qj+dN71+rVAkdnGb8Gy+RmXr3mbPBn4wTfHqcgV+4FtfGQIOY1RsN7yharRjPMfv9U0x++7hmiaLxU0dTBF61WqW1tZVQKESlUiGXy8kqmMVikebCZrOZ5eVlOQsXjUalrYiqqvT29mKxWMhms5jNZhRFkWJLeNfpdDq6u7vp6+vjzJkzUrSUy2VplaKqKi6XS27iJpNJstksdrudaDSKXq8nm83i9/vp7u4mHo+Tz+fJZrPYbDbi8bhsCzudThn3ZbFYWF5exmw2c9ddd6HT6QiHw3g8HplCkclkMJlMqKrK+vXrMRgMbN26FYfDQTqdZv/+/fT393Pu3DnOnTsnF0dqtRqRSIRqtUpfXx8nT56kq6uL7u5uwuEwlUpFLocIEWqz2bBYLAwNDUkxfPToUXbu3Inf72d2dsWeoFKpEAgEGB0dZXFxsRlvAY2rTHoqylKd9Ud+KXVFzlurVC/5vAuPjRJ8ZoKOO4Zo3dWDd1tHw8Zj/WNnpuMkziwx/6OzJF5rrMbMP3YWS4sd4JJmrKrFCuPfeImp775C4NZBAh9Zi3Nt65uKxWI8R3oySujFKYI/GX+Dd13wmQnUvpW5tfT0pUVh5eaTnPj9JzF7bXR8bB2t13Wj9ntlG3k1hUiW1HiYpf0TBJ+euGym0dVCmbG/P8zEP76M/8Z+ArcO4hhsuWj1ElaqeunzESIvzzH/ozMXba+/G6IvzxF9eQ5Liw3fDSsVPOew701fj1q1Rm4xSfJsiMWnxoi8NPuGFruGxk8LTRF4VquVUChEKBSSRsRCuGQyGRRFkQLFZrPh9XpJJBIoikIkEqFYLDI1NcXi4qL0c1u7di21Wo3x8fGGzVeDwcCaNWsol8u4XC7y+TwTExOsX78em82G3W7HYrGg0+mIxWIyfkxU44SdSywWI5/P43Q6peATXxdbsyIdolKp4HK5CIVCUozt3LmTU6dO0dHRIbdWVVVl8+bN7NmzB51Ox+zsLMlkkoMHDzI+Ps7x48cplUp87GMf4+mnn5bVQHEugIWFBSKRCENDQ6iqKreHxW3Wrl2Lz+eTXn7idRQVyi1btjA6OsrY2Bh+v59UKiXTLQCCwWAz3gIaV5mlpydYevrymdW+U2rlKq/+jycv+X7VfJm5/3iNuf94DZ1Jj9rrxWgzobcYqVWqlNNF0pPRt9yoHH2PFhzldFFeA4AScGBtX2k/1io1KoUy2dn4Spv0LTj/Ty+/p+uAFYE69e3jTH37OAAWnx1bhxO9xQi1GpVChexs/LIZI78Z1WKF4FNjBJ9ameUzqmbs3R4MVhM6g45qqUJhOUN2PtHU6yhEssz98DRzPzwNgMmtYOt0rWz96nTUKlWK0RyZuTi1kiboNDSgSQKvra2N+fl56UkXjUalabGYG7Pb7XK2TixWRCIRaSws5tXm5uYolUqcPXtWtmVF9U4IPI/HQzweJxKJMDk5SSQSkakZJpOJTCZDNpuVLVuDwUCxWCSTychWbLFYZMOGDZTLZemZByvtZKfTKS1VxEydaNOKxQ+xzNHa2orf70dVVQKBlbbCE088wc6dO/nhD3/Ivn37UBSF7u5uKQDPnz/PCy+80DB/KGYCYWV55OTJk6iqSk9PD21tbZjNZjo6OohEIszOzlKtVrFYLAwODsrqYC6XY3l5mfn5edLpNCMjI8zNzZFOpzEYDLjdbsLhqxP6raHxZtRKVVJjV/99mQ+myAevTOXz7SiEMpetKvZeKKeLb6icXg1K8TyJ+FsLbQ2Nn3aaIvBSqRR6vZ6Ojg7y+Tx+vx+TySTzYIWwExuyoiIlYsoqlQpms1neBi5UtESLtl7sdXZ2ylm7l156Sd7X7XZLUSfizkSig8VikZVA0UIFZPXL4XBIHz5RLRS5uWKuUBxfc801PP/887S2tjI0NERfXx82m40zZ87wyCOP8Nxzz9HR0YHH46G9vZ2+vj7a29vZs2cP3/3ud/n3f/93KSiFwBPirp50Os3p06e555570Ol0PPPMM7I9azAY5OLEyZMnCQQChEIh/H4/GzZsQFEUNm3aRDabZd++fXImUJxXQ0NDQ0ND48NDUwQeIKtqQmwVi0WZCiE2XfV6PUajUVb1TCaTNBkWaRP1CxXCfFjYq+j1esxms/SkE4sSwWCQpaUlnE6nFEDLy8vABaGo0+nk9mw2m8XtdnP27Fmuv/56SqUSDocDs9lMNpuVJsodHR1MTU3J7Vm73c6nP/1pWlpamJmZYe3atXR2djIzM8PJkyf5wQ9+QCKRoFAo4HK5+NrXvsbExASPPPIIS0tL/O7v/i5jY2MNyxqiKiiucTXbt2+nu7ub8fHxhmWSSCQiZ/MGBwfleUVVMJvNEgqFcDgcDAwMyMqk2KzV0NDQ0NDQ+PDQFIFXKBSw2+3SPkRkzQpBIhIXhMGxmMmrT4UQbUoRCya2Uhsu3miUG7ei9aooCkajkampKdatW0cymcRoNEqDZbFRK/ztxOPDyuZqpVJBURTsdjt+v5+JiQk5z5bNZqlWq1I0tbe3Y7FYmJyc5Prrr+fhhx/m/PnzVCoVVFVl+/bteL1eJiYm+LVf+zU5c5fL5XjyySeluKoXp/U5t8Lrr55PfepTJBIJzpw5g9frlb5/2WxWzudZrVaCwaB8jGKxKF9fUbFraWlpmOfT0NDQ0NDQ+PDQtApeMpnE6XQSDAZpa2ujXC6jqqr0natWqySTSVnZs9vtsjInjI3rDYzFPJ0QgHq9vsEgWczGiceKRCJyg7ZYLJLL5WRurWitut1uYrEYOp1OzrMlEgkCgQCtra1MTU3Ja+zr6yORSEhBpKoqqVSKU6dOkc1mefTRR2ltbWXv3r3EYjGGh4fx+Xy4XC7uvPNOzp49SyKR4Bvf+IasJgrqs2+Fz54QZPUIy5Xx8XHa29tJJBLy8/VLHzqdrmGxRPjkAbIK2draKmcLNTQ0NDQ0ND5cNEXgCSsUt9uNoqyEb4vWarlclm1PIbLEooXT6SQcDmM0GmUEmBAgBoNBtlthJYlCiDvhuSfizGBlXi0Wi0mD4nw+j9VqJRaLyUpcoVCQQnF4eJilpSVZ4dPpdDgcDlwul2zlCvsVo9FIOp0mEAhw6tQp5ufnaWtrk3N9N910E6FQiEwmQ6FQ4OWXX+bxxx8nHA43LFLUU1+5FFW21bfZvn07zzzzDCMjI6iqislk4sSJE+h0Oik+RcqGy+UinU5jtVq599575euaTCbR6XRSFAqRqKGhoaGhofHhoSkCT1VVuXEqBBIgbVKsVivpdJpMJoPX65UzbkLUCWEjtmnFvF39bJrJZJIVvfpIM1VVZTasyMAV82jCmiWdTjM9PY2iKNI7rlarEQgEWF5eplqtotfr6enpkVu9xWIRr9dLJpORhsKRSIQ1a9bQ399POBwmGAyya9cucrkcZrOZRx55hHPnzpFKpeSc4MXE3Wrqvf4EYkP2yJEj3H333UxMTPC9731P2pzUvzbCv69UKtHT08PCwgLFYpF169Zx2223MTQ0RCKRwGq1vqHtraGhoaGhofHBpykCr1QqybQEg8FAIBCQbVEhtFRVbZgDczqdUuCJpQMhhurNf+uXK8xmsxRT27ZtY3R0lDNnzlAsFtHr9UQiEWlQbLPZyGQyGAwGucRht9uxWq0YjUZKpRKlUolsNks+n6ezsxOfz4fNZsPpdBIKhWQ+bDabxWRaMUE9ceIEHR0d+Hw+6dP39NNPMzc3RzabfYMwrVQqbyrw3koA3n///USjUbZt28bS0pKMLjObzbS0tBAMBhs2jru7u5mensZut6OqqqykVioVPB4Pk5OTbNy48W3FpoaGhoaGhsYHj6aUbxYXF8nlciSTSQwGA+l0mmq1KtuBpVJJtmWTySRWq1VW00QrF5DVJYPBIIWd+Lxoy5bLZVKpFFarFbPZjKqq2Gw2bDYb+XyeUCgk5+iEBUpvby9r167F5VqJIPL7/fh8PnQ6Hf39/UxPT2MwGFBVlTvvvJOpqSm5sCCqhYqikM/nKRaLTE5OcvLkSaanpzl69Cjj4+NyzlDk4QrBChffjhXU28AI8WWz2XjwwQdJpVLcf//96PV69u3bh8ViYffu3Xi9XlnpFHOJdrudbDbLyZMnOX78OK+88grHjx/n/Pnz0v7F4XCwZs2aZrwFNDQ0NDQ0NK4iTRF4FouFXC6HwWAglUrJqlUikZCbtJVKRVbPjEaj9KoTpsPCGFlQX8UTVTjRBhbRYiKvVlT4KpUKwWCQfD5PoVAgFAoRjUblHF6xWJSGx6FQSM6ojY+Po9PpqFarXHvttej1egqFgow4Exm2drsdk8kkjZOFcBXzgPWLIuI5rG43XwwhBsVthO/dnj17GBsb4+DBg6TTadxuN6qqMjMzQ61Ww2g0otfrCYVCHD16FKfTybXXXsuuXbsolUoEg0Gmp6dxOp14PB4OHDigLVloaGhoaGh8CGlKizaTyWA2m0kkEsTjcTweD263m2g0SkdHh9ycFYa+6XSaUqkklzCEABIVKb1eL9u24n4iyaJarXLy5EnWr19PIBDA6/VSKBSkxYhYkKgXXblcTlbWxEKIyWQiFosRj8eZmZkhGAzS3d2Nw+Fg7969HD58GJvNhtVqRVVVaYAsFkPq0zX0en3DzB0gxSnQMGO4ukUqnreYAzSbzfziL/4i58+fx263Mz4+jtPpRFVVwuEwr776qhSdJpNJ3t9kMtHd3U02m8XhcHDfffehqiqDg4O89tpr0gImFAphb8abQENDQ0NDQ+Oq0ZQK3pEjRwiHw0QiEWKxGDMzM4TDYbk9azQayefzZLMrgeCiaidEU70Zsdierbf/WLNmDW1tbdhsNtauXYvD4cDtdjM8PMzAwACKosi4sVqtRjabxWAwYDKZsNvtOBwOrFarbPPqdDoWFxdRFAWn00mhUODQoUOUy2WSySS33nqrvI+qqlLMiSUFsWFbKpUApLirF5byBX99a1dU/lZX8uorfDqdjuHhYebm5ujo6KBWq5FOp0kmk3I+MBaLyddHCGa3243NZpN+fkajUbacxTxiS0sLH//4x2lpaWnGW0BDQ0NDQ0PjKtKUCl4oFJJxY8Ky49y5c3g8HiKRCG63W27AGo1GrFar9MwTlTchdNra2qhUKni9XlwuF93d3Xi9XmKxGKVSiR07dhCNRkmn09RqNex2uxQ7er1ePm6tVpOVt3qBqdfrWV5eRq/Xs3btWkwmEw6Hg+npaZaXl/F4PAwPD9Pe3o7RaERVVZlrm8/nyWQyDabM9W3kYrEoXxNRzatvNdcbOQvqbwNw880387d/+7d8+ctfJh6P43K5iEQitLe3EwqFZFqFePz29nZGRkZ4+eWXWVxclNdQLBaJxWJkMhmmp6fp7Owkn89jsVia8RbQ0NDQuCSK0Swv/vx35XE5XbiKV6Oh8cGnaVu0Yq4uGo1SqVQYGBggn88TiURQVRWz2Sw3aEVLsz4lolaryZzXtrY2Kbay2SzRaJR8Ps/y8jILCwsMDw9LexOx6VoqldDr9XJOTiRIGI1GCoWCTIAoFovS9Pf06dMkk0laW1vJ5XI89thjfOELXyCdTrNr1y6ee+45ubBRLpeBCxW5+jg1WKlKwhvn7upbtfUtWvGxqAgK8+W+vj5+/OMfMzo6yvDwMF/96lfJ5XL4fD65qKIoCh0dHfj9fsrlMqOjo8RiMZLJJLt376atrY1jx44xODhIIBDg+PHj+P1+bDbbyhZyM94EGhoaGpdArVIjOxO/2pehofGhoSkCz2AwkM/nG8ROT08Pr732mtyorVQqMplBVNSEvYnFYpGRYcLPrb29nWQyKc2Mi8UiPp+P559/nlKpxMDAAD6fjy1btnDw4EFSqZScxRNt3kqlIhMvstmsnPubmpoikUgQDodxuVzMz8+Tz+dZWFjg4MGD7Nixg127dvHDH/4QuLAEIVrKoiUrZvBMJpMUakLAiS3X1Zu09fFhQuCJz997771s3LgRq9XKt7/9bRKJBPPz85hMJmmaXKvVZGVzbm6O2dlZPB6PtI5pb28H4LOf/SxbtmyRm8Szs7OMj4/T2dnZjLeAhoaGhoaGxlWkKTN4bW1tsjUo5swqlYr0jjMajZhMJjKZDLAiZtLptKywCfHkdrtZWFhgcXFRRp8BBINBent7sdlsjIyMMDc3x0svvUS1WsVsNrN79265QCEsU3Q6nRRg+XxeCjBRLROtVgCn04miKJRKJfbt2wdAd3c3N910EyaTSXr81adniIqj2WxuWHYQiI/rK3b1t6mf0xMfb9q0iS9/+ct0dnYSDoelh52qqtx0003ydvPz8xw+fFhuyIrt4NHRUenjZ7PZCIfDhEIhDAYDN998M8Vikb17917ub7+GxgcSi8+Orcu18qfTdbUvR+N9gLXTKd8TFp+2jqbxwaIpAs/hcKDT6eQ8nclkkqIpn8/LtqIwOBbJE6JFK6pYfX19BAIB+vv7pUABZMaqwWBgcXERv99PLBbDbDbT1dXFli1bpMgymUyyEiiWL4QIE3FpYrvUZrNJE+ZCoYDBYODVV1/l9OnT1Go17rjjDhRFIZfLYbPZZIWyvmUrqnviHELMiqUKoGGJAhord+Jjt9uN0+nk9ttvx+fz4fP5pMBMJpMEg0HZ4haPY7VacTgc0qj55ptvlj6D4nWr1WpkMhmZVatFlWlorLDx925lz7ceZM+3HmT3Qw9c7cvReB9w/T89IN8Tm75429W+HA2NS6JpPniiTSm2OsWcnajElctl8vm8rIIVCgVyuZwUZgaDAZ/PJ5MoVFXF5XJhNpvR6/VMT0/LODGr1crc3BwnTpzAZDIxPDzM9u3bZcVQmCCLmTuRTSvmAF0uF3a7nUKhQCAQkFmzovX6ta99jWAwiKIo3HnnndIoOJPJSBErhJzwohNGxavn7y4WDbZ60QJg7969sirY3t5OR0cH4XCYtrY2arUao6Oj8jUWolVVVdLptDRWfvHFF5mdneX06dNMT09z4MAB/u3f/o2JiQny+TxtbW288MILzXgLaGhoaGhoaFxFmiLwfD4fVquVSqWCy+Wis7NTzteJSLByuSyXH7LZrIwwE4gWrsPhoFAosLS0hE6nk/m2gUBAtnZnZ2fR6/UcOnSISCSC2Wzms5/9LHa7Xebgijat0+nE6XRKoWU2m4lEIszNzeF0OmUUmaqq0nB5dHSUH/zgB5RKJW655RZ6e3splUpYLBZKpZKsOorNYNEqXi3uVlugCHEr7ieWNXQ6Hbt27eJLX/oSjz76KJlMRi6GLC0tyc1ZkeQhhGP94oiiKNx777188pOf5LOf/Sz33HMPmUyGubk5EokEer2ebdu2NWz6amhoaGhoaHw4aMqShcvlwuv1ym3PtWvXNsyr5XK5BisQk8lEpVKR1ShR/ZqdncXv98u2ZSqVktYqqVSKZDKJqqpym9RsNvOtb32LX/mVX8HtdnPTTTdx+PDhhsiwSqUihZto4YrriUQipNNpOjs78Xg8OBwOEokEdrudp59+mv7+ftavX8/999/Pb//2b6Moipzds1qtsjWbyWSoVCoN1bx6SqVSw2yiQCyDAHR0dEibk1tuuQVVVYlGo9KCRiylmM1mNm7cyOTkJLVajWAwKJMqDh8+zN69exkZGSEej3PXXXcxNjbG7bffTiKRYGFhQXr3aWhofDDZ9ucfx3NNx6XdqQa1SpVqqUo+lCYfTJFbTJEaDxM+PEMxmmvOxWpoaFwxmiLwTpw4AYDdbueLX/wiy8vLsqUqfOhKpRLFYpFarSZnyUTVS7RqOzo6KJfLxONxOacnormMRqNsa/p8Pubn5zEajUxMTPBnf/Zn3HLLLbS2tmIymTCbzaTTacxmM4VCocGAuFwuk81myeVylMtlyuUysViMWCwmlylUVaVWq/Gtb32LX/7lXyYQCODz+bBYLFitVpaWllBVVc60Wa1WadMitmfrPe9Wp15cbMFiaWkJi8VCIBDA4/Hw0EMPMTc315CGUa1W8fv9UtyK57Zlyxa2bt1KV1cXvb29uFwustks2WyW1tZWlpeXZU6tFlWm8X5C7fey/a/ulsehA1Oc/tIzV/GK3v/oDHr0RsOl39FkwKCAyWHB0X/B8LxWq5EcDbHw+Cjz+85Qq2g/IzQ0Pog0ReDZ7XaCwSB79uzhzJkzsj2q0+nIZrNkMhmZJStmxoT1iZjHc7vd0uJjYmKCSCTC2rVrG8yQi8UihUKBbDYr59/K5TKJRILvf//7FItF2trapB+eWPKIRqMAsi1qtVpJpVIA+P1+gsGgFKDivplMhlQqxV/91V8xMjKCwWBAURSZs6vX60mn0wDSkkV45ImKoWi/ispetVqlWCw2PB8hBjs7O9myZQstLS3s37+fhYUFGT82NjYmBaKiKJw7d47e3l7y+Ty7d++mv7+fbDZLW1sbHo+HaDRKMplEr9cTCAR47rnnmJ2dpbW1VYpYDY33AzqDHpPjgvm20Wa6ilfz04lOp8M17Mc17Kfn/s2M/f0hlp+bvNqXpaGhcYk0zQfPZDKRSCRwOBxks1lisZj0xnM4HCSTSZk9m06n5RxZoVCgVqvR3d3NunXrmJmZYdu2bRw4cIB0Ok1LS4sUh2IGTZxPCCqxCZvNZmULNJfLSVFksVgoFotks1mq1ar0w1MURV6L0+mUqRuRSES2iCuVCs8++yyqqhKJRGSOrRB6AmHLIiLTKpWKjBQDZBWzfvlDVDFFXu6tt97K2bNnOXfunBR94jUzGAx4vV4MBgNGo5HNmzdz11130dfXRzKZxGaz8dRTT5FIJOjt7aWvr498Po9OpyMajeJyuWhtbeXpp5/m1u3NeBdoaGhcDUb/5kWK8bdvseoMesxuBYtfxdrmwL0pgNltbbiNrdPFlj/+KOcfOsrEPx5p1iVraGg0gaYIPJ1OR29vL9lslrNnz9LX1yfblUKcidk2MU8m5tbE0oDFYmF8fJzR0VFCoRAtLS10d3ejqiqTk5N0dXXJJAsxuyZm98R2rJjnE3NtQuzpdDoURZHZrQAtLS3SdBlgcXERk8kkRVGhUCCfz5NOp2VahtgC1ul05PN5aawMNJxTVOXEMka9PYq4nbgucZtarcahQ4dwOBx4PB56enpk9bJWq+F2u+np6ZHP32g04nQ6+cY3vsF9991HPB5ny5YtfP3rX+eee+5haGiIP//zP6e1tRW9Xs/nP/95Dh8+TDyuOcdrfLBxbWhDrWsxLj0zTjn907s8FDowRW4x9a7u61zno/Pjw3TcOYLeeGEHr/8XrsVgM3Hu/ztwuS6zqfhu6MPsWRGr1VKFxcdHr/IVaWhceZq2ZNHX19cw+wUriRaipSosPUSkl2hVCqPjXC5HoVBgYGCA3bt3U61WmZqaAlaE0Llz52htbcXtdmO322V7VMzmCesQIfbE/WDFhy4ej1MoFDCbzVJ0Cn89k8mExWJBr9fL1rGotsGKGMzlclIcCVsSIRbFAoUQfkajUVbwRItWzAAK4bfaA3B0dJTnnnuOu+66S1YB8/m89LTLZrOcP39eZv4CxGIxRkdHOXToEDqdjhdeeIGWlhba29t57bXX6OnpQVEUbr/9diqVCvv27ZOvv4bG+4HcYpKT//Mn8ji/9PZCJXDrIN2f2iSP4ycWfqoF3nshORoiORpi+nuvsvmP78AxcEE499y/mciRWSIvzV7FK3xn9P3nrbiG/QCUUgVN4Gn8VNIUgfeFxMfgldWfbeETjIADeK7+88MrfxkA6+t/AOLAscZH2MaW1z/qW/kruuoUS291VX0X/3T59b9zrLwa3ovcxlz3ed/rfzte/9MsDsAtvb8DJ18/tt8Em1//eO1Fbj8KjIb4be6DJ1Y+dS2fgDTU/uc4XUAXIwDUDo+TAn6Le8F5kW+VhsZVopwuEnxq7Gpfxk892fkEL/+3H3LtX9yFc51Pfn7kN2/kwM9/j2qh/Bb31tDQeD/QFB88DQ0NDY0PNuV0kVNfeppq+cIWrbXNgX/vm/yyrKGh8b5CE3gaGhoaGhclMxVj8clzDZ9rv2PoKl2NhobGpaAJPJZixFgAAB7VSURBVA0NDQ2NNyV0YKrhuOXaTvTmd+G7p6GhcUW5ogJPZ9TTfsda+n/hWnw39IKu8euerR2ogy0Xv3MdRtVM989uouuT6zE5LQ1f05n0BD6yFnuPB1uXa6WdoHuTB9LQ0NDQeEuix+Yb2rQ6gx5bl+sqXpGGhsY7oSlLFm9GrVwl+JNxuu7egMFipOuTG6gWyxSjOdR+L7VaDVuni9RYmEIki73XQ2Y6jr3HTT6YIjUewdrhIDuXwORUyC+n8d3Qh95koFosEz8VXBF3XW78N/SSHAsD4L+xH51eh7XDycJjZ7UYHg0NDY13SCVbIjUellupAPZuN+nzq7fcNDQ03k9cUYEH4FrfhkExEvzJHL7re/Bu7SQXTDH9vRP49vSQnUviWNtCMZbD1uHEaDURPb6ATg8dP7OOzEyMzHQctW+lQjf1L8dxrG3FvakdvdlI7Ng8OnSgh/R4hK67N1CM5cgvpWnZ7sS+xq0JPI0PHQabCZN6oZpdzhQpZ967VYjJpWCwrPyYqORLlJLv3VbHqJox2szyOB9Kg/AI1+tQWu3ya+VsscHyxORWMJgbf2wZrI1pF+YWG5X8W295VgplSon8u3wGK8/Buc6PvceNvduN4negN+upVaFaKFOM54i9ukjs+AKFcOZdn+f9Qjnd+H23+NS6j+0N3p6FUHOeb/17sf489ecX6E11LWQdKH6Vt6OUKlDJvftsbovPjnNtK7ZuD/ZuN2avFb3RQK1SpVIok1tMEXtlgfiri5fl32bDuVvtONf5cAy2oPZ5MdjM6PRQLVUphDOkJ6Okz0dJjobe9XPUmfRYPBeSj4qJ/FtuU6t9XtR+L7ZuN/YuN0bVjM6gp1qqUC2USZ2PEDu+QOLMMrWyFofXDK6owDPazay5byOleJ6Oj63D1umiWlpJgOi6ZwPVQplyNoXeZKBl5xrqgiFIjobouHOY4DPjAKQnY2TnEvj29mHx2qiVKxSjWXw39GG0m8mH0jjWtZKZjqL2enCtb2t4PA2NDxMtO9aw5Y/ukMfBp8c5+cdPvefHve5rn8LatuIHlD4f5eDn/vU9P+bmP7yDlu1dABRjOZ699yH5NcWvsve7n5HHc/te48xfXPBV2vw/bse7tfMtH3/7X37yba9h+YVJTnzxiUu6bsWv4r+pH9+eXtwbAw1GwBej6671AMRPBxn/+kvEXlm4pPO9n6gUKg3H9c990xdvw7OlQx4f/KWHSU9ELu8F6GDXN34W5XVhGX1lgaO//h8A3PAvn24UdKswqRb2/ut/fttTnPu7Q0x/99JMo9TBFtpu7Md3Q29Dnu+b0fvAFmrVGkvPTjDxv4+QnUtc0vnq0Rl0+Pb00nX3BrzbOt8gci9GJVdiaf8Ecz86S+JU8JLO5xr2s+Nv7pHHJ/+fnxD88QVLI51BR8v2Nfhu6KV1d0/DL2oXo+3mAQDK2RKz3z/F1HeOa/6Vl5krKvDKmSIn/6juPx0dDb+5U105CL0wdWFu7vWve6/tJD0ZJTMdp1ooM/EPRy76OMsvTF54zHpWPZ6GxoeJyJFZquWq/I+3ZXtX47+vd4E62CLFHYDa70UJOMgH311KAoDeYsSzuV0ehw/PvPsLvEKo/V56P72VtpsH3lbUXQz3hgDbv/JJxv/3S0z+87G3v8P7kWpjhaVWvfDGmtt3pkHgdX1ihLN/9cJlPb13W6cUdwCLT1xd4+KWnWvo/fRWvNd0vP2NV6HT6wjcMohvdw+v/tGPCR/8/9u7z+i2zvMO4H9cTO4BENwURZEitfekFSey7HhmOE7SjBOfJCe148YZx0nb+DRpmpz0JG1zmqYZde0mjU9cO3FGHdm1ZXlpD4uSLFlb4hJJiCAJcAAg1sXtB4gX94IkCJDguvz/PvGCFy8uSYB48L7v8zypvwZyl9mx8vGdyKrMT+l++gwjyu5qQNldDeg91o7z/7xvyjPMgsWAinuWoepjq1X/L5JlyDRi8afWofjWGpz865cw3DU4peuhmBlfojUXZaFoezXcZ7rgbXEju6YQRY3V8F3vR8/hNkSCNz8pxr0xuZo6IYkSshblY+hyLwrXlyM44AckCRklOehr6kRR4yKEPUEMOwbhux73yYiBHWmY6Auh/6xDnt0y5lqQW2/H4EXnpMe0b68efdst1Wj//dkxzk5OwZpSVQZmz5G2SY813Sz2bNQ/uh32HTWjvhf2BqPbRdr7EXQNQxIj0Bn1MOaYkb+qZMw33trPb0bQ5UPnSxdn4vLTSp9hUh0rl/m6911Dw5cbYcy1AABKdtXh8i+OxP6Xp4GyNIvoD6H7rea0jZ2KvOV2NHx1B3KXFo36XsDlg7e9H77r/Qh7ApAigGAUYLZmoWBtGczWTNX5eosRa753J449/Ad4riY/47nks5uw+NProNOrP2z4e70YvOCM7mF3+QBJgj7DiMyKfGQvLkDeimIIhthrz7alCtt+9TFc+NG+Sf0+dYIOVR9ZhZoHN8h/+xFSRIK/ewieNjeGOwch+sPQCYDOqEdWZT7yV5XCkKneWpFZkYf1/3Ivjnzud4hMsMWCkjMre/Byaq0Qh0PwtriRVV2A4a5BGPMyULKrDoJRD8Gkh+96P3Ib7Ai6fHLCRdgbRKDXh/yVJcitt8Px6iUY8ywoe389wr4Qyu9uQPdbzZDCEdh3LIbOIMB9qgsFq0sxdK0PZltWtC/h3ivybCGRVvQebVctX9o2V04pwCu6ZXSAV9Q4tQDPurlS/joSFtH3dmptr5q+tntUVnz9lxpVrcoOP/hbeNvdiQea4OUvGAQ0PvMJ1dLf0LU+OA+0wHmgZcIlSLM1E8U7a1H30BbVm+rSR7aje1/zvFuKis+a9bbFfr9SKIKuPZex6KPRVjvGHDOK31sDx6vp6UgiWAyqINt5oEUVYL5++5OjnhObf3G/qlXZWx/41cQPNMFzIm9FCTb97MOx/YZiBO4zDjgPtKDnYCv8Tk/C+2dV5aPy/lWo/NCK2M9mELD8sffg+Bf/NPH1Aaj/ciOq7l+lus11qhPtz5+JflhK8DMY8ywo3VWH6k+uhdkaXT415pix6tu3Q5L2wrkvtSBv2Vd3qPa/hn0h9B1vh/NAC3qPtifcZ6jTC8htKELdQ1tVM/qZZbmo+fR6XH3qeErXQmOb0QBPZxSQWZ4LfYYRZlsmzEVZgARExAiGuwZg3VwFT4sLoj+EwvXlcJ+5oUq4CLh80Jv0CA+H4TrVCUjRfy6BXi9s2xZhuGsQZlsWdHodJFFC2ONHya46SGIEBbkWREIirv/xLIM70qTeo+1Y+sVt8rF1cyWan26a1FjmoqwxZynyV5XCkG2adIBi2xQL8PrP3oDom8SG74levpKUlhl7wahHaCiA9ufPwLH3MoYdyS9NB/p8aH/+DDzNLqz57h0wZEVnwAxZJhQ1VsOx5/IEI8wd+gzDqCQFT4s6g7Zz93k5wAOA8nuWpS3As+9YrJrt6XpljN/dhM+JqV/HyPK8r2MArc+dhnN/c0pJR972flz88QH4Ogew9JFtcqCYt6wYmeV58HUm3o9X8+AGVXAnBsK4/PMj6HjhXFKPHxrwo/0PZ9G15xLqv9SIsjvrAURn4lb93W045QnA1dSZ9M8zEty5TnWi7XfvoO9EB6RQcskSkhjBwLlunPz6i1j5+E55Px4Qna1lgJceM1sHTxBgyDQh6PKhYE0ZBIMAnV5A8XtqYNu2CO7TXciptSJvWXF0+RXSqISL0FAA2dUFyF9ZIn9q87S6YcrPgL9b/QlKEiPRTCsJGDjfDYjp+cdPNBd529wYdsT2r+Qts8OQbUpwj/EVNcZm70JDAUg3X4CCQYBt26JJjWmxZyNrUYF83DuHl2clScK1X76NAx//DZqfbkopuFNyNXWgOW7f3Xxr9VV0y2LohNgUma9rcFRg423vh/uMQz4uWFOWtlp5ZYrlWb/TA9fJjrSMm6rggB/nfvgmDj/4HDpfvDDpjPL2589E95krFE3wnChYW4Yln90kH4uBMJoeezHp4E4p7Ani3A/eRNvv3pFvE4x6rHz8tlEZ6YkMXe3Fia+8gKav7UbvkfakgzulSFDE2e+9htBgLKPdYs9W9T+myZvRGbxIIIyrTx2HziDIadHDjiFVc3G5avrNQGyshAvoLqUWqN1M4Eh1Cppovuk92o7KD68EEF0GKVxfDuf+lpTHsSuWZx17LyNvebG85GVvrFZlzyVLuTwLAD1H526ChSRKk579jOfcdw1LH94qHxdMYmP+bCq/u0F17Hhl7ASHzhfPq5bbyu9ZhitPHJ3SY5sKM1G4PrbtwLH3yqx9SPe2utD1cnqSO7r3NasC/cJ1ZeNn8Ao61H+5UT6UJAnnfvBmylmw8S7//AjMtiyU7KwFEN1WUPOZ9bjyxLGk7u880AL3O46JT5yAJEpwHmxVPc8K1pZh8FLPlMde6GalVVnCmjcSRr+A429L9QXOJVlaIHrjgibrpspxzhyfPtOoyorsOdiqmnGwbq6EbhLZpMpr8XUNwtfen/IY89GwYwhDij17yhqAc13JbbWqfZ1SRELny2MniXS/1YzQUGxWq+zO+lGJAKkqvb1ONUbXLGfPpkvP4VZIYux9cGQJfywV9y1XlWC58fpVdL95LS3XcemnhxBWbJOoemA1LCWpZ8JOlfOA+kPofHqNzGXsRUukIa5TnRAVxUfjZ82SYdtSJScXhAb9cL/TBeeh2D9gQ6ZJNauSFEGnus9cXp6dDspSFDpBB8E84/ltKRvJGFW6/qd3xy1kHAmKcLwa2x9nKshAUePklvNHKLNnBy50a+ZDgegLqYpx6y3jPx8q718pfx0JiWndnxZ0DaP12VPysWDUo3RXXdrGT1agT/2c0mfM/dfHfMAAj0hDIkExmoB0U0ZxDrKqUquVpdx/13OkHZIowdvihk9Rn6pojBIqieQts8OYE+u00Xt0YQV48SVDlHva5hwdUPr+pdjwo/tUfzPv9f4Jl1w7dp9XHZffu3zSl5FdU4icJbGZqzGTK+Yx5QcxnTD2W3H2EiuyFftWu9+8NqU6lGPpfOmivMcWAIrfO7os0HQbVVJnLr8+5hEGeEQaE184NZVZPJ1egG1LlXysXDrpORRbpk11ZkZ5DeJwCK553NVhcub+NhFTYSbK72nA1icfwMpv7lRtuA/0+fDOt/dMWNvO2+pGv2JvmHVjBSzFE7cJG4ty9i4SEnHjjauTGmfOSuIpMbI/bkT8UmY6BF2+aBLiTTm1trQlyCRt7r885iXOgxJpTHR2LLa0Zt1UmXTtuoI1pfKsjRgIq+rU9RxqlUthWIqimW7JboRWlkfpO9k5qYw7Sk7VA6sR8kyc4anTCzBmm5BRmouMkhxkVuWP2e7K1zGApq+/mPTMUcfu89EqB4jOVJbd3YDmX51I7YcQdCi9PbZU2HOkDeGhqfdBnm8KN8S2NYiBMHqPp1Y3Mlk9h9uQv6JEPs5bWTKlNmo0NzDAI9IYf7cHnlYXsqsLAUQz0gSTPqnOAsrl2b4THapm4v1nHQgN+uWq9UXbq5MK8Aw5ZuTezMAFFt7+u5mmLPo8FZGgiLbfn0HLb06mVK+w+81rqP9So/xBofyuBjT/94mUZmkK15fLxXiB8TN3tU65vcLb5la9HtPJ26be25hqCzSam7hES6RBymVavdmA/FWlCc6OUXaviF8OkkRJlaU7VqeLsVg3Vqj2nMVn+tLc4u3oR8szp3DoM8/h6n8eS7kYdSQowrE3tl/OYs+GbXNVgnuMpqx9F+wfRu+x6Zm5msvMtixVNulEhZCnYjhu7MzKGV6ipWnBGTwiDeo92obqT6yVj21bKuFqSlwgNrvWKjcLl8QIeg+3jjrHeahV3huVs8QKS0nOhEt3yvIoQ1d6p9zcnBIbuNCd1GytFJEgiRGEBgLwdQzA19mPwSu98LZM0OYtCZ27L6i6LpTfG21unwx9hkFVI87x2hVVSZGFIj7I8nUOjnPm1CkTqIDRrelofmKAR6RB/e/eQMgTgDE7ukwWDbKOJLyPXbE86z7jGLNSf9/xdkSCIgRTtIxK0fZFuP7HdxOOa91UIX/ds8CyZ2fD2e++NunOG+niaXGh/9wNeV+XbVs1TAUZCLqHJ7yvfUeNKsFjoS7PmvIzVMehAf84Z05dJBBGJByR27GxDp02cImWSIMkUYLrRGzGLntxYbT3cwKq8igHR8/eAYA40gf6JvstiVssZS0ugKUolkUZn+FL2tWx+4L8tWAQ5N6nE1Fmzw4192Hoal+Cs7VLMKrfnhM2CEgD5SzpZAqZ09zDvyKRRsW3ArNurBjnTMBclIXcpbH+j86D45djUJZLyV9dmrDfrTJ7Ntg/jIEL3eOeS9rS/cZVVWeL8nuWTXgfsy1L3Zpsgc7eAQDiauMpa9VNC8X4Y2VT0/zDAI9Io/qOtaveFBLVw1PO3g1e6YW/2zPuuT2H2+RxBYO6bl485WP2Hb/OelcLSCQoqvqMZ1bkTdiHt2RXnZyQI4kROF5LveexZkTUM3bTHnQpxl+Iex61iAEekUYF3cOqMibWDRXAOO8RdlX2bHPCcQO9XtW442XTCia9KnuX++8WntGdLRLP4imzZ/tOdCDomnjPnlZF4pZkp3vZVFCMHwlNnKRDcx8DPCINU5YkMeZakLfMPuocfaZRNbPSc2Ds/XdKymVa2+aqMd98CtaWQX+z56okRqIzeLSgeJpdqi4J9h2Lx13Sz661IrumUD7uWsjLswBCA+okJ1OeZdoey5hvgU4few37x+k3TPMLAzwiDYsvKqwsWTLCtqUKgiGaFevrHICnxTXhuMoAz5BlGnPpTflY/ee6EfYEk75u0g7lLJ7ebFAlUSgpZ+9CQwHVc2whiq97N52lSzLL4kqytE+9VA7NPgZ4RBo2eKlHVZpirH14yv13znGyZ+N5ml0YdsRqZ9nHWKZVPlbPYS7PLlQ33riGsDcW3I+5TCvoUHJbrDVZ91vXkqrlp2X+7iHV7yCjfPoCvIzyXNWxt71/nDNpPpmWOninv/HZ6RiWiCah91i7XKIir8EOQ7ZJnk3T6QXYtsaSJHoSZM/Gcx5qxaIHor1pi7ZX4+KPD8rfMxdlIXtRQewauP9uwYoEwnDsvYLKD60AAOTUWJHbYMfgRad8jnVjBczWTPl4oS/PAgCk6Cxe9uLosnVWZV7SLQdTNdI7eIQnDcWuafZxBo9I45TBlU4voHBDrFxKwdpSuRhy0D2M/ndvJD2ucgnNYs9GTp1NPrYpZu+GbwzB28o3jIVsomQL5bKtt6MfA+dYTgcA3Ke75K/1FmPCUkdToZzFDw0F4H6nK8HZNF8wwCPSuL63O1QZecrgS7U8e6g1pTIm/WccqjpnyrGU++84e0eea30YUMzYleyshT4juoCkzzCqlvgdey6Puv9C1b1PndFuf09N2h8jb7kdFlusCLrzQMu0F1WmmcEAj0jjwt6gamZOGXypulccSH55Foh2y1AGb3KrM0GnmiVk9woCgE7FLJ4h04iSnbUAAPutNdBboq3JJEmC41UGeCPc73Sp9tAWv7cGZlvijjSpqnlwo+r4xhtX0zo+zR4GeEQLgDIQs9izkbWoANm1VmQU5wAAwr4g+k52jHf3cfUcio2bU2eDxZ6NvAY7jDnRZV8xoG5tNiP0rMI/Fzlev4qwT5FscbOzhTJ71n26K2GR7cnQzefngxSXhWwxovYLm9M2fMGaUlWh8oGLTlWLQ5rfGOARLQC98W3LNlfGZtwQTcSQQqkvy/Qea1cVRS1qrFZlz7pOdk57NqToD6uO45u009wQ8YdVnS3ylhfDurlSVWInXckVyueE3myAYJmWfMIZ0frsKQT6YnXpSu9Yqpp5nyxTYQZWfHOnfCxJEi7+28EE96D5ZkrP+ue++750XQcRTSNvqxvDN4aQURKdsbNtqYQxLxYI9SRZHiWeOByC61SXvK+v6JZqGDKM8vdnYv9dsF/d7cC6sRLuU9wkPhd1/Pk8Kj6wQj5e9a1dcmsycTgE5/7EXVSSFVI8J3R6AYXrykfVhJwvxOEwrjx5HCv/Nvp+q9PpsOrbu3Dqb/5PlYSRCkOWCWv/8S75/wEAdL18CYMXnAnuRfMNZ/CIFgjlLJ51YyVyb2a9RkIieqbw5qfMprVuqEDe8uLYY87A/jvnvmZIkVh2SOntdTAXpXefEqXH0FV1ssXIUj4AdO9vgTgcHutuKet+Sx0oLvrYaggmfVrGng2OVy6h86UL8rHebMD6f7oH1Z9cCwipLUHnLS/G1qceQF5DrKuN63QXLv74QNqul+YGBnhEC8R4s2muU10QfaFJj9tzeOzZP0+zC35nevdTjcXv9MB1MrbPz2LPxqaffBDF71sC4xjtnQxZJti2VCG3YXTbNpp+nS9eGPN2x5701b5zHmpRZXgXrivHuh/eDevmSgjm0QtXZmsmincugcWenbZrSLfzP9oPp6JOpWDSo+4vt2LrUw+g4oMrxm0BN6JgbRlW/8Md2PTvH0RGaayw8eCVXpx+/OUFX1hai+bvxgQiSonrZCfEQFjuDzsileLGYwn0eDF4qQe59UXqcWdwSaz1f06hYHWpPEuTUZqL1X9/OyRJgv/GEMSgCL1JD0OWCYZsM3SCDpf/46iq2C7NjBuvX8HSR7bBkBkLSPxOT1qTcaRQBC3PnMLSh7fKtxWuK0fhunJEgiL8PR5EQiL0GUYYskxyLci3H/3fGflQMikRCWf+YS/qHtqKqo+sgk4XnbnLqbFi2dd2oP7R7fBdH4C3zQ1/jxdSRILebEBWdQFyaq3yz6jUtecyLv3k4JQ+4NHcxQCPaIGIBEW4T3epsuYkSUq6PVkiPYdaRwV4M1n/znWyE02P7cba798JY25s1k6n06lmK2j2icNh3Hj9KiruWy7f1vXq5ZRqMCaj7bnTEH1BNHzlFuj0scUqwaRH5jS2/ZpOUiiCyz89jJ6DrVj+jVtVP4dg0CN7caHc+SIRf68Xl35yEM79U/twR3MbAzyiBcR5sFXVlmjwUg+CLl8axm3Boo+vkY/D3iD6J9ONQJJUfUvFQPJ7svrP3sCxh/+I8rsbYNtahZxa26hzIkER/ee70ff2ddWeJiAaeIw8diTNhV6VY0elL5qJH1tKc6A0HXwdA6pjxzS1Juv483kMNbtQensdbFuqVEkFI0JDAfSfdcB5oAUDcUkGYW8QgjE6KxweTu8sV9gXhP5mdm94ODjB2Wru01049OlnYd1YgfL7lqNo+yIIhsR7DCUxAtfJTlx/4Tx6j7RCElN7okhiRPU8S+eSrhSJGzvA5eJ00K3fvG0e/Dsgmllv7n1lymN86sHPIRQMIhAMIBgI4DvCX6ThyihZZmsmLKW50Jv1kEQJYV8Q3lY39xrNAVt/+VHk1FgBAP3nuvH2X/1pRh43syIPpoIMCCYDIsEwQkMBeNvcaZ89nGk6g4Csqnxk11iRVZkPwWKATgeIQRF+xyCGrvbB0+Licz9NvhN5DiazGWaTGUaTCc/8+pdTHlMUo3+bgoIC1e1NTU3YsGHDpMbkDB4RaVKgz4dA39RnJym9cpba5OAOSG9yxUR8HQOjZg+1QApH4Gl2wdPsmu1LoTmEAV5CZdh02x3Yee92NC5fCsu1J3DHI8/O9kUREc1b5Xc1yF9HgiJbYxFNEwZ4iXzim/j+I/XwXziLPtGExbN9PURE85jOKKDktlr5uOdwK8Ke1PafEVFyGOAl8uyjuOPmhN23fnuYAR4R0RTYG6tVWc5dM7g8S7TQsNAxERHNiHJFaZSAy4e+49dn8WqItI0BHhERTbu85XYUri+Xjx17LqVcqoOIkscAj4iIppVOr8Oyx26Vuy9EQiKuv3B+lq+KSNsY4BER0fTRAfWPNiJnSaw0SvsfzsJ/Y2gWL4pI+5hkQURE0yKjNAf1j96Cou2L5NuC/cNofrppFq+KaGFggEdERJMmmPTY/LMPw9PmRtgTRCQYhmAyIH9FMXLq1O3iIuEILvzrATa3J5oBDPCS9L2Pb8f3ZvsiiIjmGp0OOXW2UcFcPNEfwpnv7EXv0fYZujCihY0BHhERTZ4kQQyEoTeP/XYSCUfgaupA869PYOC8c4YvjmjhYoBHRESTFgmK2P+Rp5G/sgS59UUwF2VHG937w/C0uODc34zQYGC2L5NowWGAR0REUxL2BNF7tJ3Lr0RzCMukEBEREWkMAzwiIiIijWGAR0RERKQxDPCIiIiINIYBHhEREZHGMMAjIiIi0hgGeEREREQawwCPiIiISGMY4BERERFpDAM8IiIiIo1hgEdERESkMQzwiIiIiDSGAR4RERGRxjDAIyIiItIYBnhEREREGsMAj4iIiEhjGOARERERaQwDPCIiIiKNYYBHREREpDEM8IiIiIg0hgEeERERkcYwwCMiIiLSGMN0DPrQFz4/HcPSNHniyf+a7UsgIiKiNOIMHhEREZHGMMAjIiIi0hgGeEREREQawwCPiIiISGMY4BERERFpDAM8IiIiIo1hgEdERESkMdNSB28ikjQbj7ow6XSzfQVEREQ00/4fWJuU0sCZ0+AAAAAASUVORK5CYII=" alt="" /></p>\r\n<p><img src="data:image/png;base64,iVBORw0KGgoAAAANSUhEUgAAAngAAAFvCAYAAADZrLaEAAAgAElEQVR4nOzdd3zU9eHH8dftS+6yAwQIkBCGIEsRleUWodWKYm3ds25b/eFotVp/+tPWVW2tdddarVpnHVXEXUUExQGyAoSZhOxxI7fv90e4LwkJECADjvfz8chD7nuf7+f7uYvJvfNZX1M8Ho8jIiIiIknD3NMNEBEREZHOpYAnIiIikmQU8ERERESSjAKeiIiISJJRwBMRERFJMgp4IiIiIklGAU9EREQkySjgiYiIiCQZBTwRERGRJKOAJyIiIpJkFPBEREREkowCnoiIiEiSUcATERERSTIKeCIiIiJJRgFPREREJMko4ImIiIgkGQU8ERERkSSjgCciIiKSZBTwRERERJKMAp6IiIhIklHAExEREUky1p5ugIiIiIi0tWjRot0+VwFPREREZC81fvz43TpPQ7QiIiIiSUYBT0RERCTJKOCJiIiIJBkFPBEREZEko4AnIiIikmQU8ERERESSjAKeiIiISJJRwBMRERFJMgp4IiIiIklGAU9EREQkySjgiYiIiCQZBTwRERGRJKOAJyIiIpJkFPBEREREkowCnoiIiEjSqOWlq45UwBMRERFJNgp4IiIiIklGAU9EREQkySjgiYiIiCQZBTwRERGRJKOAJyIiIpJkFPBEREREkowCnoiIiEiSUcATERERSTIKeCIiIiJJI5vT//KpAp6IiIhIslHAExEREUkyCngiIiIiSUYBT0RERCTJKOCJiIiIJBkFPBEREZEko4AnIiIikmQU8ERERESSjAKeiIiISJJRwBMRERFJMgp4IiIiIklGAU9EREQkyVh7ugEiIiIi0r5Fixbt1nkKeCIiIiJ7qfHjx+/WeRqiFREREUkyCngiIiIiScb6xBNP9HQbRERERPZrI0eOZPLkyZ1Wn3rwRERERHrQyJEjGTlyZKfWaX30yac7tUIRERER6bgP5vyn0+tUD56IiIhIklHAExEREUkyCngiIiIiSUYBT0RERCTJKOCJiIiIJBkFPBEREZEko4AnIiIikmQU8ERERESSSKPHq4AnIiIikiwaPV7OuvhXCngiIiIiyeKya25m2crVCngiIiIiyUYBT0RERCRJPPrgnYwYNkQBT0RERCRZpKe5ef6pPyngiYiIiCST9DS3Ap6IiIhIslHAExEREUkyCngiIiIiScba0w2QzldeurFL6+/bf0CX1i/t6+rva1fQ/yv7Lrfbjdfr7elmiMhuUg+eiIi0MqSoiF9fP7unmyEie0A9eCIiXWxIURGTJ03cozrmfTGf1WvWdFKLtm9IUREP3Hc3a0rWdvm1ZPeMGzuGsWPGtDr2/eLFfPf94h5qUbPzzz2beHzn5Z559rmub4wo4Mn+6YipU/jvZ5/3dDNkL9NV/188eP89uFyuParjtFNnctIpp3VSi9qXCHdut5uiwYVcefmlbN5cwfeLl3RLuJSOGTd2DOedc3arY888+1yPB7xt27Q9e0PAc7vdnHfOWQA88+w/k3I6QvsB74yH+OSa8bDoIY664oVublInSYbXICJtXHXFZQD85a+P9nBLOmbc2DG4XC7em/s+c+a+324Zt9sNsN0PmenTjueEacczbuyYLv0QH1I02GiL2+3mtFNPMZ6bM/d9Hn7ksaT8IJT9z/nnns2sU2YCYDKZ9pnfJ7ti3+3BO/E2XrlmEp63f8MFDy7a4+pu+dcXzCzY5qCnhsVzH+K398yldI+vsH+YcMcr/LlgPqedc3+b96zd9xjwbAnhw6fO4thjj+KY8cMp9HzM+DN/3y1tln3LkKKinm7CbtlcUbHdcLaz0Dpu7Jh2j3eWIUVFDCkabATQG6+fzfeLl3DN7OuZMnkSUyZNZPq045kyaSLXXnejevOkXd8vXtLTTdgtyfpHy74b8PrkkJvmJr1vTvPjW55n0YkFrH17EqfdsbuV1rD43UWUAdhzGH3oeMbMuok/WWo47fc7DpHN4WUd/z7sTHb78t1o1PHn8eMTZ/CjSaMZ2vgO/Y69vhNqPYlzxuey4t9twx3AHT+b1Pq9yb+a51+YRXDRC8BvuPPuo0lft5ISv51CSyc0Zz836oKHePjaGQzNdrDqXwM40pgzfx4vLf4/pmS3LL2aF/KPZnbBJTz7wg0cO8ABtYt49KqZ3P7f7m/7/mTc2DFGT8Ln877o9mG2lsOygBHypp8wzWhTol03Xj+bG6//H6697sak/VCUXTekqAiXK5Wnn/lHh8qPHTMan8/fo38o/P0fzcPEXq+XV177d4+1oyvtuwHvqas56qnOrtRDyW23bQ0hU+9i7n1HUXjYLCawiK86+3I95l4efuJHZKxZQrHPwdDOClNnTGNMajHPPt6x4pOvOJLhNV/wy6cAfs9pk5p77M7+61wm5HRSm/ZTAy9/kVduHE3FG3/inKce4sNWmcEB1iCLHhzCSfdtc+IVZzAl+i7n5N/D5P98zKkXzOT2/zZy/4f3MeCVgzn9kW58EfsBt9vNjS1Wq954/Wx+cdmV3RaeWoY7n89ntGXO3PdZvaakVdk5c9/H7XZz5eWXctqpM40PSOkeUyZPomjwYIA2CywSxxJz4NaUlPD5vC+6pV2/vn42J0w7frfOnTP3fe6+9/5OblHHeL3epByWbak54OVP48b/u47TRzT/Becpr8EBBBOl8qdx461XM3NUDnYL0FTD4ndaDF3u8PkzePSDq5nAOlZ6+zG8rx2iIUq/eIzLr3uhdU/Pifcz95aJ2BPz5g69izcfOor09h5/NsmYY/dhztXG0F/hiV+waNRbjE8E8sxJvPLe1RRmAk1lzHvyl/zyubKOvTufeWgEclLSOO7ut3j0qBxK517NT25ZBFzC05+czxjqqEvJIguAAmYu+IKxe9SL2B2u58iC5h67y15aypTenVPrRUePJvTt/XQsd5/PxZP6sfKtXzKvcy4vhsnceNZk6uecx5G/+qid54fSJz1IRU3Hajv2/lv4ceR1pincdYme+oBrGe7uvvd+Vq8p4cH772kV8rb1ymuvc9qppzDrFAW87vbd94s5/9yzjZC3rXFjxzBu7BjWlJTw6uvd0yM1pKhot8LdM88+x7ixY5k+7Xhefe3fPdKTt98ssjj7puZw51kzn3nFQfqNn8QYEgGvH9f+/iZOHwY133/CV2U0Pz/rJu4N/cCZD7LT5wFI60duyRfM+c7B8CkTKZx6Kfde8ylnPtgibL39NSXXTGRCv9FM4AWYOYz+AAWHMJMX+OqEAvoTYvF3LwCTjNNe+sttfDXjEu48th+lH97GX99dB/lXN192QAFrP5vLnJRhTJ5UwOQzZzP9udnM2elbM4zT7x5PIRBav4jfv1rDxKOm0X/kSc29eRcdwgEpEPr+Y373+mJmXnwbx+SX8dFtj/PvdXv+jdnn5M/m2FHVfH/NWx0qPuGOExnjn88d93cwbO+Fnn7ysV0qf8HFl3ZRS7ZR8HPGFzRC8CHKNqUD0Pj9M1z549/yIcCs3mTgYOCvN1J2B+DbyOf/+C2n3/kR/PUFPp96A89umgmNi3j0X5O59doGnj7lDjZ0T+tbueqKy9p8oBUNLgTggfvuaXV8TUnJPvcXudfr7ZGVj9uGu0SYu2b2DTsNeXPmzuW8c85mSFGR5uJ1I6/Xa3x/thfy1pSUcM3sG7otrLjdu7cy/PN584HmodrdrWNP7Q+LLMwwiylFbmj6gZfOnM3Nt93EBc8vwWMUOY/Jw+xQ/gU3X3JT8/N3fEEpdoYfel4Hnt/Cs4R/XHITN982m9MenE8NdgpHn7hNc15g8foQ9C1gev54Th/ZD+q9hHKGccwMOLmgH0TXsXibIcCVn81lTlMIgFDTXOZ8Vtziss9zwU23cfO19/NVOZDTlwnbfTuae+AWLfiCRQv+zo1H9YOaH3jp2b/Dwsf5ah2QP4zp+XD2+ALsePn+4/uY9+5cGiMAIRrfncu85bvzrdi39f/ZaArLf+ClhR0pfQYXTexH6aLnSc6ZDz3s+F5kkk6m70WunDKAw6/6NxUHnMedf5nc/HzVUpZ8/zWv3TqDflN+zp++z2DKL67nzgJg3eOcM3EI/fIH0G/kn+lzyY9o/OfV3N2Df7SYTKYOfUnH5PXpY4S7hx95rFWIW71mDdfMvgFoHi6eMnlSm/M3b64Adv/DXXZfIuStKSlp81x3h7s98cSjD3d4S5XusC+8Z7vDCgXkpgEb1/LX9kqc0Y9cwFO2ZOsctIVLKPMcRf+cfpx+Bjt+nnY+Gd6upvEWyHG3nWj11yXruGhUAYN/dhI5fWHlC88TnHkJBxx7NfZ8O2xcyUu79VIX0RjcWZkWiywIUrrsEz58aT4rASjjbwuLmVkwjLEXnEH/YW6omc8c7cACjOeKSQWs/eKmDs1T7D/7BCZYf+Cvt+z56uee1G09crtlNf/5yR28DrDual448xhuHTETmAf/vYdzWiycuPv0Fzl23SVMOA/4363Hj330/zi27E/8JuNxVqwbRTpBNnxwD4df3MFJlp2gvb+qH7z/XgCumd0ZC4N6VmK/uZbWlKzt0g+czRUVzPtiPidMO54Tph3HnLnvt7reaafO3NKOknZ7FxOLMaRntNeTtzeFO5/P12b+ZsKQosF7vB9kZ9lPFlmso9oDhX0KuQLahrwXyqi+ZjyFW4ZNvwI4dDT90oA1Zbz0Apy+o+eBY7at88Rc0oGQt51JQA8uYuXpwyicNom0aDHPPfh3GkeezxXjTsKeBqULu3LLkm0WWWyj9P5FrJw1jOETzyQ9DWq++EQ9UAAzzmRC33W826Hh1pO48dhh1Hz9+w7O1ZNdtrKReobR+2fAv9o+fco9/+aa7A858uKHtl/H8Y9z56QNPPiTIGe82YfFt07i9PJb+O6JU7iVx7m9yxq///nNDdfTp0/zRNiKikouvuyKLr/mH7bM+zth2vE8cN/dxqrYxIT5HQWGIUXNoSLRkyfdr2XIA/aacAewek3Jdv/4evD+exk7ZnQ3t6h9+8kii1eZs+R8JkwdxenP30//4iD9xo8mDbYM0z7DvOITKBw2iTsfv8uYY9efECsXPgOwk+ePbL5S2mjOffwuRpRB4cSJ5BBi5ZK322nSqyzfeAbDC9xQvIgHABYUc/HYUaRRxldv7bjXJ3fYXdx5xXxuruust6ilh/jwh1kMH5tDDmV89MK2881yGXHXbVzxxW18Nfrv3HtCDosfO4lfcj9zLx1N9Xu/4cx1Z2799062XtlXzJw2jLQfXm3+Xu1E/2tmMSGzmH8/2LG5erIb/vsM81bP4NTLH+KM5Vczb/BDnDE+nQ3vNv858nqDgz+efgZPXvAxFz8NFzw5g1H8wNPPJCoYz/2/PoQNj5zMo+uO4RgcsHf80Z10vF4vf7j3PmM+4R/uva/bPqi3DXmr15TsNNy53W4mT5rImpISNlco4PWkRMhL/Ft2zX6xyOJs4Lnr7mL43/+X00dMZHoReJYXU9N7GHYAynjgN3dhv/VqZo46iuljaV4l++pD/HbLAomdPQ9AUzWNvScxfeyWVbSfPcb1D7bX41PGnDVlzCzox8rvXm0+9NTXrDhnFGP86/lwe3O8nv6ExVPOZ8ywo5huqeHmLsoPT20Jm/ZNreeb/e3THzh2wCiGHzsNe/1tlGTmkJaSRlouQBppKW7IzIHcFv9OCudz8kHw1X1/71Dp0gfPZ+KDOy7z3BXT0Pq8PTGP2b+8h96P/Yr739kIkSAbFj7OzVdtWa985yXc3vsf3Pi7d7cusnjiXm42ZlMsYvaxB2/59zM89sbPefjGLyjbMkSr3rvO9d33i41Vj9294KJlyBtSVLTTob6rLr/UmLsnPa+nQ8nqNSVce90NxuNtFz5tT8tztjec29X2h0UWpoMPndiBWwPvicQ2KYt44Lir9/0P7i1buQSM7VL2PuWlG7u0/r79B3Rp/d1hX7wXbVd/X7tCV/y/0pW3KuuK/y/GjR3DA/fdw5y57zPnvbntltnprcpOmMb0acdz7XU3dEkI/PX1sxkypGiHPXdXXn4p06cdz3tz3zeCoXSfXRneTNyFpLt9/P4cVq9Zs92fzauuuIwhRUUcffz0bm5Z+21JBLxnnn2ux7f9+WDOfwDIyspqdXzRot3PGfvuRsfd7iSuuO0ojpkykZxoMS89tneGO5Fkt6/9pf3d94vx+XxMn3Y803dzQ1honrzeVT18f7j3fiNk3nHbrWyuqGD1mhLcLhdDhhQxZdJE3G437819n7+o965H7MqWND25fc2QoiJjIdTebF9aZDF+/PjdOk8Br8NGccyMiRRGvax89THu3tTT7RGRfcXFl17B9BN2P9wBzHmv7Z50ncnr9TJ92vEMHTKkzfYoa0pK2mypIt1rX/jD5pln950xuv1hkUU3DNFKd9MQbXLSEK10lyFFRcY+d5s3V2hBhUgX29EQrXrwRESkU+gOFSL7PgW8JKRek+Sk76uIiHSUuacbICIiIiKdSwFPREREJMko4ImIiIgkGQU8ERERkSSjgCciIiKSZBTwRERERJKMAp6IiIhIklHAExEREUkyCngiIiIiSUYBT0RERCTJKOCJiIiIJBkFPBEREZEko4AnIiIikmQU8ERERESSjAKeiIiISJJRwBMRERFJMgp4IiIiIknGWldb09NtENnr3Hrzb/a4jkcef5J4LEY8HicejwMQ3+NaRUSkp5gS/zWZmr/MZi6/5OIdn2Mytfq3yWTCbDZjNpux2+1kZGR0SVutdru9SyoW2Zfl5+fvcR0pzhSisSjRWJR4bEvIU8ITEdl3mbaENLMJi9mCxWxp9/Ni21DX8t8tA57VaiUlJaVLmmq12RTwRLbVp0+fPa7DbrcTjkYwRUxETTEuCx7bCS1r3283PdZldYuIyFb5RUOwmM1YrFZsFmuHPy+MXr8tAQ/AYrFgs9m6pJ3WxEVEZKvU1NQ9rsNksWCORYmaTBCL4bQ4OqFl7TO3+AtRRES6UCwGFgtmkwmTxdLhz4tEuIPmYNeyJ68rWE1mfTCIbKszpi6YW/wwx+JxrCbrHte5PSYFPBGRbhGLx7HQ/HvXbDLt8PNi29/Nicfb9uR1BavJpB48kW11Rpe5yWzCZDJjAuLxONau7C1XwBMR6RbxeBwTNP9+N5t26fNi28BnsVg6uXVbWfW5INJWZ/zQmUzm5h/mLX+pWUxd94OsH2MRke7R8ve6yWTe5c+LbXvtumyIVh8NIm3t7Af2rbfe4qSTTtphmZYTapu78ruyB6/rqhYRka22/d2+q58X3TWlpusmBYnsw3b0A/jWW29hMpl4++23dxryWtXZGQ3bbt1KeCIiPWF3Py9a9tzFYrFOb5dVk7NF2tpel/mbb77Z6of57bff5ic/+Um7Zbf9K29v+llzuVyEw2FCoVC7zzscDoLBYDe3qmfY7fbtvg8iIttqMzrTCZ8XXUE9eCId9Oabb273eHf+0O6u/vn9Oevss/npz35GZmYmAMuXLeO5fzzLm2+8QSAQwGaz8cTfnmLylCn8+oYbePXlV3j40Uc58MCRbeoLh8PM+3wejzz8MBUVFQAcPvFw/nDPPTtsxzFHHkUsFmPV2hIAhhYOBuDMs8/ikksv5Z/P/ZMnHtv+vn5/fvgvjBkzhquuuJIfliwxjv/4pBO5/oYb8Hq9nHPmWdTV1bU676enn86VV19FbW0t5551Nn379eOggw7C4/EQj8eZ8+67HXgXRUR2blc+L7rqj38FPJF2tPcDd/LJJ+9ZnT04jHr4xIk8+fTfcDqdAPh8Pmw2GyMPPJC77v4DZ55zNueddTYut5spU6cCMPOUU3n15VfIy+tD/oAB7dZbOHgwRxx1JLNOnkldXR1OZ8p2yya03CagJbc7jfwBA3Z6257evXuTP2BAm60J/vPW2/z8jDOYOGkSd9x1J1ddfoXx3MCBA7nltt+RmprK7++8C6/Xy8iRI8nrm8dBBx/Mv158kaHDhrGquHiH1xYR2VZXfF50BgU8kSR30MEHGeHurTfe5NFHHmHlihVYLBaOO/54rp09m1GjRvHMP5/jZ7NO49G/PsLRxxzNg3/8Y6t6fnHhRaxYscJ47Ha7uf+BBxh54EjOOOss/vqXvxjPfTFvHjdef0O77YlGo13zQoEbZl/HO+/NYfqMGcw85RT+/frrmM1m7n3gj6SmpvL6a6/x3pw5QPNWB1VVVfj9Tfh8vi7drkBEpLtpEzyRJPera6/F6XTy1BNPcu2vfsXKLSEtGo3y3pw5nD5rFqtXrWbUqFH8+KQTue+ee/jx9Bks+vrrVvVUV1dTXlZmfK0qLuYvD/0ZgFGjR7cqGwgEWpVt+dWVysvLuf22/wXgd/97G3379uWSyy5l/PjxlJWV8b+/u80oW1xcTKApwJo1qxk2fBgrli/v0raJiHQnBTyRJFY4eDBTpk7F4/HwpwceaLdMY2MjD/3pTwCce955Ha7bbDZz4pZVYVWVlXve2E7y+muv8d67c0hLT+eRJx7nl9dcQzwe54bZ1+H1eIxyK5Yv58033mDB/C/5z1tv92CLRUQ6n4ZoRZLY6C09a59+8gl+v3+75d6bM4doNMqo0aMxm83tLtl/8m9PEY5EjMepKamkZ6RTU13Nww891Krs5MlT+PzL+W3qmP/FF1z/P7N39+V02G9vuonxh4xn1KhRAPz9b3/jy/lt2xONRnf4voiI7KsU8ESSmNXW/CMeDOx4y5NIJEIkEsFisWC1WtvdNiQnN7fNsdWrVnPLzTdTuU0PnsPpIC8vr0357KzsXWn+bqurq+OO22/nTw89RHl5OffcfXe3XFdEZG+hgCeyA999990unzNu3LguaMnuKSstBWD8IeMxmUzE4/F2y40aPRqHw0FVZdV294S78PzzWbGseZ7aQ4/8lfHjx/PpJ5/w1cKFbcp+/tln3DD7ujbHu3NvvQ3rNwBQWVFBKKh97kSka+1tnxd7FPB+fuvHndUO2Qu9ePvRPd0E2UMLvlzA+vXrKSgsZNoJJxgrSLd12RWXA/DSv17cbl11tXVGT91tt9zCv996i/MuOJ9XXnqJVatWtSobCoXa9OqJiEj30SILkSQWj8d56oknALj3j/czfcaMVns2udPS+N3t/8v0GTPw+/288M/nO1Tv8mXLee7ZZ7Fardx2x+1d0nYREdl9GqIVSXLPP/dP8vPzueSyy/jLI39l3bp1fLNoEampqRxx5JGkpqbi9/u54Nzz2Lx5c4frfeD+P/LjH/+Yww4/nJ+cfDJvvvGG8dzkKVP48qu2Q7cAkw47fIf3XTzvgvM57aentTl+x+23t1rt+sTfniLcznDyjGkntLmLhYjI/kYBT2Q/cM8f7mbDho1c/IuLKSgspKCgAGju4fvko4958IEHWt32qyO8Hg93//4P3PvH+/n1zTfx0YcfGs85HA4cvXq1e97ObsuTkpJCSkpKm+OJu3AkbO+OF3vTPX9FRHqKAp7IfuLF55/nXy+8wIRDD6V///6EwiF+WLyE9evX7/C8C849D6vNRkN9fZvnXn/tNT799FOgeQHFvM8/59Dxh+ywvsSdLIYUFLY6/uwzz/DKyy9v9zyf1wvAJRddjNVm2265RO/dsqVLOXT8IUTC4R22R0QkGSngiexH4vE4Cxcs2KVzGhsbd/h8bU3NDh93VFNTE01NTXvcnoRoNLrbbRER2dd1ScAbd+/T233u8nXaj2pvc+nDK3ZeSERERPYZWkUrIiIikmR6LOBlZGRw2uk/5YARIxg9ZgzDhg9n5imnMG36CQDMPOUUZp5yCoMKCli9bi1jxo41zh0zdixms5lDJkwA4PCJh5OXl4fb7e6R1yIiIiKyN+mRgGez2bjhN79m5YqVzPjRjxgyZAijR48mJTWF7KxsTjr5Jxxz3LGsXbsWz5abg58y61Tj/FNmnUosFuOII4/kwosvYtjwA8jKziZtO6vqRERERPYnPbLIIjs7m9JNm1iyeDE+n5cpU4+gsqKCY487jgEDB3DeOedy2eWXM/PUU3jx+Re2W89f/vxnHn/qSc4/59xubL3I3ueRght7ugkiIvuF22Lbv+PP3qRHevAqKytJT8/g/Asv4KJf/IL33n0XgL8//TSvvPwKhYWF+Hx+KisqsFiam5iRnsHlV17B5ClTKCoq4vIrr6Bw8GDWrl3bEy9BREREZK/VIz148Xice/7wBwYOGsRLL/4Lv9/PRx99SDwW56uFC3G5XFx52WUAeDwehhQUkpGRgd1upykQ4NpfXYPZZMLj8XD/Pff2xEsQERER2Wv12D54sViMdS1630LBrbcc8nq9eLdsaprQ0NCw9fkt8/JEREREpK1uD3iaK7T3+a6nGyAiIiKdSvvgiYiIiCQZ3apMREREZA+NGzeup5vQinrwRERERJKMAp6IiIhIklHAExEREUkyCngiIiIiSUYBT0RERCTJKOCJiIiIJBkFPBEREZEko4AnIiIikmQU8ERERESSjAKeiIiISJJRwBMRERFJMskd8ExQdPGh9JsxvKdbIiIiItJtuj3gWdMcjP7dcfSaNGi7ZZx5aYy7awbuITl7djGTidR+6dizU/esHhEREZF9SLcHPJPZhCPHhSXFtt0yZqsZRy8XFrulG1smIiIikhySe4hWREREZD9k7ekGdJSjlwvXwEysbgfBKh+Nq6qIh2OtypgdVtKH5WLPTiVU14S3pKbdusx2C2lDc3HkpBKs9uNZXU0sFN21ciZw5LqI+sNEQxHSinJx5LoI1vjwrq0lFoh0+nsgIiIi0hF7f8AzQeHZB9Nr4iCCtX6Ig6swi3BDkKV/+Aj/xgYwQd4xQyi6YALRUISmcg8WpxVnrgtLqg3vmhqjrt5TCim6aAJRf5hApRdnXhoWh5XVTy2kat46iHesnNlhZcT/HEE8EsXZO42IL0SkKUxq33TMTiurHp1P5X/X9uhbJyIiIvunvT/gxWHts9+w9tlvjENWt51RNx1D/x+NYNXjX6T/y9oAACAASURBVJJ9cD6F546n+NH5W0MaYEt3MPp3xxvnZR/Un8EXHMKqR76kesEG43ivKQUMufBQwo1B6heXd6hcY3EVJrOJpkofS+/+hIg31FzIbKL/j0dQdOEE/KWNW8OliIiISDfpkYBnspgYdPpY8o4f2u7zFocVe4Zzu+dHvCEallaQNrwXZruVfjOGU/nZ2lbhDiDsDRFuCBCnebi1/4kjqPzvWqoXbmhVX9W8dWSOyqP/jOF4VlV1qJx3TQ3xeBzP6uqt4Q4gFmfzB8X0nlJA7uEDFfBERESk2/VIwItH49Qu3kT90op2n7dnpjDwp2N2WEekKYzJBPasFFL6prP5w1Wtwl2bOrNSSOmbxqa3lrUtF4f6JZsZ9LOxuAZmdaicLd2x3WtFAxE8a2pwF2aD2QSxHTRM9mrjxo3r6SaIiIjssh4bovWsrqHq83XtPpean0H+yQcaj01WM1lj+5I5ui8pfdw4ertxDcikcWUVlhQrZpuZcGNwh9ezuuyYLGbCDYF2nw83Bpp7DjNTOlTO7NzBWxdvLucuyMZsNbe7gENERESkq+z1c/CsaQ5GXncktnQHFR+voe7bUpoqvPSeWkjWmLzmQiZT89eOJDrRtlPOZDYRj8eJx+MdKkes3ae3ljOZiMdiW+sTERER6SZ7fcDLPWwgzl4uvr91LsFqn3E8Hm1OWNGmCPFwdIdz9gAi/hDxaAx7Zvvl7FmpRJvCBGv9HSoXbQpv/2JbtlAJ1QeIRxXwREREpHvt9RsdO7JTCHuChL3tD8GGG5rwlzWSNbZv83y37QjW+vGXNpJ9cH6bciabmdzDBtC4sgr/hvoOlQt7tj8kbM9KJX14L+p/2Kz5dyIiItLt9vqA59tYT0peGulDc41jVredtKIcwEQsHKPsnRXkThxE3+OGbA1lJsga0xf34GxMQDwco/Tt5fSaUkDf44Ya5Uw2MwNPHY2rMJvSd1YQC0U7VC4ej2MymXAXZre67Zo1zUHRhROIBiNUf7m+u94mEREREcNeP0Rbu6iU8vdXMfqW4whUeIhFmodm/ZsajGHa2m9LWf34AooumkDRhYcSrPFhSbHhLanFt6HemH5X910ZxX+ZR9FFh1J00QRCdU04slPxlNSw7O5P8G+o73C5xCKLzDF9OezxWUS8QeIxcPZ2Ub94M8vu/ZRwffsLNURERES6UrcHvHBDgK9/+cYOy/g3NbDgF68Yj9c+9w3rX15MSh830VCUQIWnzRYmlZ+tpfKztdizU7ClOwlW+Yj4Qmyr5qtN1Hy9CUeuq7lcja/dINaRcvF4nE1vLKX8/VWk9E3DZDUTrGz/uiIiIiLdZa/vwUuIBSP4tvSw7UiotolQbdOOC8UhWOUjWOXrlHLxSKz5lmkiIiIie4G9fg6eiIiIiOwaBbzdFW++ZZo2MRYREZG9zT4zRLu3iQUj/PB/H/Z0M0RERETaSJoePLPdwvCrJ9NrckFPN6WNvGOHMPTSw3e4T5+IiIhIZ9lnevCyxvZt3oPu7eXEI+3cJ8xsIqV/OrbV1R2v1ASDfjaO/JNGbLkFWfMdMsKNARqWV1L69nJ86+r2uO32rBRS+qdjMrVZ/CsiIiLS6faZgGdJtWPPSgFTc29dvx8dQMOyCjzFuxDo2mFz2/Gsqqb4kfnEY3HMVjPOPmnkHTuEg34/g2X3fkrtN6Udri/n0AHYM52Uv79KaU5ERER6xD4T8Krnr6d6fvOdISxuO72nFBJuDOxxwAOIBqMEqnzGbcWayj3U/7CZA345mQGnjKJ+aQWxYKRDdaUf0IvU/hmUf7Aa4kp4IiIi0v26NeCZLCYcvdyE6puIBVoHJkeui2hTuM0mwfbsFOLROPFoDEuKjYg3RGr/DCwOC47sVFyDsohHY4QaAtucl4prUCZWlx1vSS1NZY271NZ4JEbd9+UU/HwczlwXsWiMYI2PeLjt8LAt04nZZsFst2BLc2JNteEamAmxOMFaf6uylhQbrkFZOHu5CFT78KyqbjPkbLZbSBuaiyMnlWC1H8/q6q2rdU1b3it/83u1p69TREREkk+3BjxLqp0DbzyKzR+sovQ/K4zj9uwUxt05neqFG1jzt6+MoU2z08qI2UdS+dlaLHYLOYcNpPStZRSefTCuQVnkZ6aQd8wQQg0BVj++AJPJRNa4/vQ9fhjWNAeBSi/WVBvuwmzWvfAd61/6fpeGTWPh5lBlcdkYeeUkNr21nM0frGpVxuywMuJ/jqBhWQUZI/qQfkAvLHYrB95wFPF4nA0vLwbAmeti5A1Hkz40l2CNj1g4StrQXBpXVrH07k+IeIJggt5TCim6aAJRf5hApRdnXhoWh5XVTy2kat665utdewTBGh+OXi4c2akEqnx79DpFREQkuXRrwIt4gzSuqCRzdF/K5qwkHm1OIe7CHOxZKWSM6IPVZSfibe7FS+ntxp7uoHFlJVmj+wJQs2gT9T9sZsxt0yh9ZzkVH60BMO4NC3GW3fdpq56s/ieNJP/EEWz+cDXB6p3cvSLBBO6CbEINAZpKG6n5ahO9pxZS+dnaVsO17oIsHFkpVH2+jvUvfk/huQeT2j+DpXd/Ygz5DjxtNGa7hbI5K1h6d7lx3FWYxZhbjydrTF+q5q0j+6D+DL7gEFY98iXVCzYY1+g1pYAhFx5KuDFIY3EVJosJs93Cyj/P2/PXKSIiIkmne7dJiUPd4s2kDsjEnpXafMwEWWP6UvnZWkwWU/PQ5hZpQ3MJ1QdoKvd0rPp4nLrvytoMU3qKq8AElpQO5lmzid5TC8mbNpTyuSuJ+EJUzV9PSl4a7oKsVkWzx/fHt6GepvIdD436yxqpX7w13AEENnsJVvuwpTsw2y30P3EElf9dS/XCDa3OrZq3juqFG+g/Yzhmi7nzXqeIiIgkpW5PAt6SGkwmcA3KIljtw+qy4y7KZsMrSzDbLWQcmEfDskowQeaoPBqWV7SZr7erYtFY85ClqZ196Ewmcg8bwGGPnNr82GzCnukk4gux9h/fNC+WAHwb6vBtqCN30iAai6sgDtY0B1nj+rPpzaVGb+SuiMfixCIxMJmat1Lpm8amt5a1HV6NQ/2SzQz62Vhs6Y7de50iIiKy3+j2gBes8ePf1EDGgb2pXbQJ18BMTGYT3rW11H5bSp8ji9j05jIsKVZS+mdQ8cmarm1QPE79D5tZ8/TXEI8Tj8UJNwYI1Ta1LhaOUfHpWgadPoZNbywlVNtE2pAczFYzDcsq9rgZVpcdk8VMeJvFIgnhxgAWh7XFULSIiIhI+7r9ThbxSIy6xeVkHNAHS4qVjAPz8K6rM7Y8saU7SOmbRmr/DIjH8W2o7/I2RXxhvGtr8ZbU4ltX1ybcJdT/UE48GiNzdF8wQe7hg6hfVkGorv3yuyTRa7ed3rfmjZjj0M4ezyIiIiIt9cityhpWVGLPdJI6IJOMA3pT910ZxKGpwkOwxk/GiN5kjOiNf1MDofpOCE+dJFwfoHZRKb2nFuLsk0b60FxqFmzolBWrEX+IeDSGPdPZ7vP2rFSiTWGiTeE9v5iIiIgktR4Z7wuUewh7gvSaOAhLig3vmhqgeRi0fkk52ePzMZlNVHxassPwZOqBuWZV89fTa9Ig+k4bSsQfwrO6pr2W7XK9wVo//tJGsg/Op/bbslaLMUw2M7mHDaBxZRVhT3APWi8iXcnRy0XvKYXG4/qlmztlM3YRkV3VIz14EX+IhhWV9P/xCAIVHoIthjjrl1aQNjSX1P4ZeFa1/4sxGowQbQqROjATzN0b8nwb6vCXNjDotDHUflPapkctVNuEs7cLm9u+S/XGwzFK315OrykF9D1uqPG6TDYzA08d3Xwf3ndWNA/TisheyTUwkwN+NcX4yp0woKebJCL7qZ6ZsR+H+sWbyT9xJLXfte6taiptJFjlI+ILEajytn96OMbGfy/lgGum0vf4YcQCEVY9saB7mh6OUTVvHenDelG7qO09aqvnr6fXpAIOf+qnRAMRKj5eQ7ix/YUT26r7roziv8yj6KJDKbpoAqG6JhzZqXhKalh29yf4N9RrkYWIiIjsVI+lhdpFm/jvrH+0OR5tCvPNdW+3Ob7pzWVsenNZi/NL+eLcF7G67MRCUWKhqHGv2m15V9ew4NJX2z4Rh9VPLtzltjt6uWlYUYm/tKHNc8EaP9/d9C6WFCsms9m49dqGV5a0KRsLRvjuN++2Olbz1SZqvt6EI9eFLd1JsMZHuH5rQIwFInz363e3rQrYweuU/Y4zL42UvDTjsW99XecsBtoZE2SN7Wc8jDaFaVxZ1fXXFRGRVvbt7qA4xl0vuos1zUHuoQPY9PbyNveQbSnatAd798UhWOUjWKW7Ucju6f+jAxh87njj8Q93fUT53OIuv67ZbuWQB39iPPaW1DL/wpe6/LoiItLavh3wupOp+b6zA2eNBhPUfdt2eFZERERkb6CA1wFWl50Rs48gc0xfvCW1FD/yJeFGrWYVERGRvZMCXgdEfCGW3P5BTzdDREREpEN6ZJsUEREREek6CngiIiIiSUYBT0RERCTJKOCJiIiIJBkFPBEREZEko4AnIiIikmQU8ERERESSjAKeiIiISJLpko2Obw0+g9PpxGKxYLfbCYVCRKNRQqEQFosFm81GJBIhHo8bXy6Xi2AwSEpKCgcffDCxWAyz2Ux9fT0ZGRmkpaWRk5OD2+0mJSWF1NRUAHw+HxUVFTQ1NRnPud1uLBYLZrMZn8+Hx+PB4XAQiUTwer04HA68Xi+BQID6+npisRh9+vQhGo2ybNkyNmzYQCAQIBqNYrVaCYVC2O12TCYT0WiUaDQKYLQ9EokQDocJhUJEIhGjTDweJxaLEYk035c20SaLxQJALBZj6tSpjBo1ihdeeIHhw4fj9/vx+XzGOccccwzFxcVUVVURj8cZMGAA1dXVfPrpp4TD4U75ft1z/QWdUo/InrCk2kgbkkv60FzShuSQNjQXZ14aFrsVk80McYgFI4R9IRqXV1L7bSm135biW1vXqe3IGtePnEPycRVm4x6UhbOPG7PN0vzzHIzQtNmDf2MD3pJaKj8rwbO6plOvn2DPTqH3EYNJH9aLtKIcXAMzMTutmEwmYqEoTZs9eEtq8JbUUv3VRhqXV3ZJO0w2M70nF5JxYB/ShuTgLszGlubAZDETi8QI1TfhLanFW1JDw9IKquav3+F9urfH7LSSd8wQ43Hjyiq8a7Z5b02QNbYfWWP74h6cg3twNs7ebsx2S/Pv50AYf2kj/o311C+toOLjNQSrdU9v2T91ScBLTU0lHo9jNpuJRqM4nU6ampowmUyYzWZCoRA2m414PG6EovLyclJTUzGbzYTDYfx+P16vl6ysLNLS0sjPzycej2O324nFYsTjcdLS0qitrSUYDNLY2IjT6SQcDhOJRAiFQkYAysjIIBAI4Pf7icViNDU1YbfbCQaDpKen4/f7sdlsRqgzmUw4nU5isRg2mw2Hw4HNZiMcDht1mkymVgEvHo9jMpmML7N5a+eo1WolGo0SizX/0ksEvXg8jtfrpaamhkMPPZSNGzcyceJE3n//feOan3zyCT//+c/59NNP2bx5M1VVVRxyyCG43W7eeOMN4vF4V3wLRbqFJcVK32nD6Xv8UDIO7IPJZNp+YRNYUmxYUmw4pxbSe2ohALXflrL6iQU0LNv9gGNJsTLop2PpN2M4KX3T27+8yYTFacNdkI27IJveUwsZfN54fJvqqfh4DZv+vXS3r99S5ug8Bs4aTa8pBZitlnbLmO0WXAMzcQ3MpM9RRRRdOAFPSQ2lby9n01vLiId3PWBty9nbzYBZo+k3fTj2DGf77bCacea6cOa6yD10AACh+ibK3itmwyuLCVZ1PFzZ0hwceMNRxuPVTy40Ap6zj5sBp44m75ginL3c263D4rSRVpRDWlEOfY4qYtjlE6n7roziR+bjWVXd4baIJIMuCXiJABaLxbDb7ZjNZkwmEykpKUbvXSIwmc1mo7cuFArR2NhIWVkZDocDj8dDTk4OLpcLp9Np9I4leumCwSBerxev10tTUxMej8cIVongU1tbi8ViwWq1Gm0JBAJEIhEjiIXDYSNghsNh7HY7VqvVCGbRaBSHw0FTUxNms5mUlBTi8ThNTU1GaEtcL/HagVY9eS2fs9lsxrXLyso4+OCDyc7O5sMPP+TAAw8kJSXF6DV0uVwsWLCAyZMn89ZbbxEOh1myZAnDhg1jxowZvPPOO13xLRTpFhkj8xhx7dQ9qiP7oP5MeGgmK/78OZveWLbr5x+Sz8jrjiQlL223ru/Kz2TwOeMZOGs01V9u2K06oLkHa/gVE8n/yYG7dX7a4BwO+OUU8k8+kKV3fUTjyqrdbkv/Hx/AsCsnYU217/K59swUCn42lvyTRlD88BeU/mfFbrfDmuZg8DkHM2DmKMz29sPujpjMJrIP7s9hj57KhleXsOqJBZ0SfkX2BV0S8BK9WImhyEgkYoQWq9VqhLBE0AmFQjgcDqPXr7a2llgsRiAQwOFwkJaWRnp6Ok6nE4fDQU5ODpFIhLKyMtavXw+A3W4nEAjgdDoJBoPYbDai0Shms5lgMEhFRQVWq5XMzExsNpvRllAohMlkwufz4XK5AAiHw0ZvoNPpNMqmpaXR1NRkDNG2HHa2Wq1GL14sFjO+YGv4S/T4JV4XQEVFBQD19fUUFBTw5ptv0qdPH9LS0vD7/djtdoYPH47b7TbqiMViFBcXM2HCBMrLy/n222+74tso0q3CjQG86+qah/vW1hKs9hELRYiFY5gsJsw2C65BWWSOyiNzVB72rBTjXJPFzIhrjyDiDbH5w9UdvmbRhRMYfO74Nscj/jA1CzfgXVuLf1MDobom4rE4JqsZR66L1P7puAZmkX1wf2xpzT/L1lR7qyHGXZE6MJOD7ppBan5Gq+OhhgAVH6+mcWUVnlXVhD3B5mu5HbgGZeIenEOfowbjys80znEPymLCw6ew6tH5bHhlyS61w2y3MPqW44ze0YRYJErVvPXULy6ncVU1gUov8WgMi9NKav8MXAVZ5B42kKxx/YxeWGuqnZHXH0XupAIW3zZ3l4NV1rh+DDh1FI7sVONYPB7Hs6oaz+oa43sTC0aIx+JYUmyk9ksndUAGuRMHkdJna2A3WcwMOn0sKX3Tm9sS1ciHJL8uCXgthzetViuxWMyYY2cymQgEAsTjcRwOBz6fj2g0aoSkaDSKz+cjFovh9/tpamoyzs3JyaFXr14ArFu3jnXr1hGNRo2gaLVajSAUDoeNXzQNDQ04HA5isZgxlGuz2XC73dTX15OamkowGKS0tJT09HQ8Ho8RRBNzBi2W5jkeDofDGG4Nh8PGEG1iHl7itSRCbmLId9uevUSvJUBZWRnRaJSDDz6YqqoqNm/eTCgUIisri8bGRlatWoXdbsfv95Oenm70fH7yySccccQR1NXVsW7duq74Vop0qUCVl+V//C/VCzcS2OzZafnqLzew/l/fA5B7+EAO/PXR2DO3Br0DrplK7TelhOqadlpXwZnj2oQ7f2kDa/72FZWfryMWjOz8BZhNZI7KI/8nI8k7Zggm8w6GmLfD0cvF+PtOxNl769BjqL6JVY8vYPMHq4iFom1PqvDiXVNDxUdrWPPkQjJH5zHsyklkHNC7uVlWM8Ovmkw0EKH07eUda4jZxOhbj6P3lK3hLh6Nsf6lxax/eTGhWn+7p/k3NjR/X178HmcfN4PPO4T+PzrAeL735AJG33Ici297H2IdD1Y5h+Qb//atr6N8bjHlH6wiUOHd+ckPfk7mmL4Mv2oS6cN6bW3L1EIO/PXR/HDnRx1uh8i+qktW0SZ67kwmEzabzVjsYLFYjPADzSEsMe8uMWRpsVjw+XykpqaSl5dHYWEhaWlpRrgKhUKsXLmSkpIS6uvrjfl2iZBnMplIT0/HZDIZCxXsdjsejwePx2P0ylksFkKhEG63m969e+NwOLBYLOTk5JCWlmYssIjH46Smphpz7mw2G7C1Jy0RLE0mkzH/LxgMGnMAE8PK2/biJYKfyWRi3rx5HHTQQcydO5fJkyczaNAgotEopaWl2Gw2vv32W1588UXS09OJRCI4HA4CgYAxXNurVy8GDhy44/lLInsh/4Z6Nr25rEPhblvVX25g/oUvE6jc+oFvS3PQr0W42J6844Yy9JLDWx1b/9L3zL/gJTZ/uLpj4Q4gFqd+cTk//N+HfHH+v6hbXL5Lr8HqtrcJd7XfljL/wpcpe2dF++GuHfVLNrPwitdZ/beFrY6P+J8jyJ04qEN1jJx9RKtwF6jy8vW1b7HqsS+3G+62FajwsuyeT1h03dtGbyNAnyMGc8Avp3SojpYaVlSy8MrX+eK8f7H2n992LNxtUb+4nIWXv8a6F1qPcPQ9fhh9ji7a5baI7Gu6JOAleu8sFgsOhwO73U5qaiopKSlEIhFjkUHLOXWJ3j6z2YzNZsPlcpGenm7Md0uExg0bNlBZWUk0GjXKJBZ1ZGRk4PF4CIVCpKamkp+fT0pKCsFgEKfTSXp6OpmZmUbvWyJQms1mrFYrvXv3xmq1kp+fb5SJRqMEAgFjJXBTUxM+n49wOGyskE0E1ET7Ez12CYkw2PJxoqfPYrHg8XiYM2cOmZmZVFVV0bt3bwYPHkxubi6VlZU4nU7i8Th1dXW4XC4ikYgRjP1+PykpKUyfPp0LLriAjIyMNt8PkWQVqvWz4sHPWh3rO23YDs+xpNoYfuWkVsdKnllE8V/ndzhQtce/oZ6SZ77epXOGXHwYrkFZxuO678v45vr/dDhQtRKLs/Yf37D6ya0hz2Q2MeJ/pmJ27niwJvfwgfT/8QjjcbgxwKJr3qJ+FwNrQu3Xm/j21+8QDWxd6T9g5oFkjs7rcB1VX6xn4eWv0bC0YrfaABCPxln12AI2bdOLOfTSw3drTp/IvqRLAp7T6cTlcpGS0jx0kghvLee0JVajxmIxozcrUdZisVBeXt5qQYPJZKKqqoq6ujrq6+tpbGzE5/Ph9/uNgJfYZiWxHcqmTZtoaGjAZrORkpJihDqn04ndbm913UQQbGxsNMJiy57GaDRqLMxIbGUSCARoamrC6/UaQ8KJwJhYPAJb5yS27GFLlEv0cpaXlzN06FAaGhqMYW2Hw0F9fb0xF6+hoYFNmzZRVVVlvI7EYpX09HTGjRvHjTfeSH7+1qENkWRXvWBDq94i18BMzI7tB5rB5x3Sav5e+fvFrHn6qy5tY3vcRTnkn7Q1VDWVN/Ldb9/brS1GWlr73DeUf7DKeOzs5abwrIO2W95kNTPsqq2BNx6N8f0t7+EvbdijdjQsrWDZvZ+2Ojb86snQwYGGUH0TdNJUuRUP/Bf/pq2vJyUvjfyTd28xi8i+oksCntVqNYZiE3PYAPx+P36/3wg6sVisVdCx2+1G+cSwq9PZvDzfZrPh8XiMPeKi0Sher9fY+iQUChEIBAgGg2zevJlAIEBDQ4OxcMPr9RqLKSorK2lsbMTv9xv/jcVi+Hw+Ghoa8Pv9WCwWYxWwyWQiGAwavXnxeJzGxkYaGxsJh8MEg0H8fj/BYNAYgt12uDQzM5MRI0Zw3HHHMWPGDGbMmMF5553HkUceyaBBg6itrSUzMxOr1UplZSU+n4+hQ4fidDqpqamhsLAQk8mEx+Ohvr6e9evXk5qayqmnnsrll19OOBzmzTff5MknnyQvL48RI0YY77tIMotH41TPX288NplMuAZmtlvWlu5g4KxRxuNoU5jiR77s8ja2Z9jlh2OybP0VXPzIfCItguqeWPXol616zwadPhbbdrY6GXDyga0WaZS9V0zd97vXc7etzR+upn7J1rrSh/Wiz1HdPzwaj8YpeXZRq2N5x+7eghiRfUWXLLJI9F4l5t8leroSq1EBI0AlFkkAxurUROjLy8sjIyPDCIybNm2irq6O1NRUnE4nHo+H7OxsPB6PMQzr8XhwOp3U19cbQSyxajXREwdb97ELhULGdaqrq41es0RPntVqxe/3EwqFjGHlxBCs3+83FkokVgMn2g/gdrs5+uijOfPMM8nIyODzzz+nrKzMqP/bb7/luOOOY9q0aSxdupRPP/2UWbNm8dprr7F69Wp8Ph/jx4/n008/5YMPPjC2TUnMM4zFYixfvpyVK1cSj8eprq42hpsPOOAACgsL+fzzz2lsbNzu90rz9vYPw66cRNFFE7r8Oj31/5O/vPX/47Z0R7vlek8tbLW33I4WD3QlRy8X2eO39rQ3LKug8r9rO63+YLWPDa/9QOGZzT13FoeV3lML211w0W/GcOPf0WCk03szVz2+gAkPzTQe5x03lIqP13TqNTqi/P1VDL3kcBw5zatyMw7ojaOXa5f26hPZl3RJwEtLSzOGGRMrTBOrRhM9YUCrIVDAGI6NRqNkZGQwbNgwysrKyMvLo6mpifLycuOOFHa7ndzcXAKBAFarlZycHKMuj8eD3W4nKyvLWOCQ2H/ParUaK3dTUlJIT083tj4JhUI0NDQYCzdMJhNer9cYyk3MH0wsCEnM00sMCyc2dk5NTeWss87imGOO4ZtvvuGRRx5hzJgxLFy4kLq6OnJycrDb7Xi9Xv7xj39wyimnsG7dOgYMGMDLL79MMBjE5XJRUlKC1WrlyCOPZMGCBUYPYk5ODgUFBdjtdr755hs2bdpEZmYmBx54IHV1dVRVVdHY2EivXr248sor+fDDD1m4cGG736vCwsJ2j0tysWc4YTs9OMkg2tR6UUTLnrGWtu092txiKLM75R0zpFUY3vhG52yS3NLmD1cbAQ+aX/u2AS91YCZpQ3KNx9Xz13d64KlfsplApddYSJI7YQCWVBtRf+fciafDYnFqF21qNUez99RCNr72Q/e2Q6SbdEnAa9krFwgEjA2Ig8GgMQ8usUI1sd9cYp5eYkWq3W5n48aNrF+/nqysLGO4NTFkmhjqTUtLw25v3owz0VOVmppqDJkCxgKFjIwMY/Pha4FIVgAAIABJREFURA9iYug2EAgYgS0xvy8xXzCxGCMRUhMrYq1Wq7FiNvHLOi8vj9tvv52srCyeeuopli1bhtVqJTs7mxtuuIHa2lq+++47o1cxEAiQlpbGYYcdxvvvv8/AgQPZuHEjAwcOZMWKFQQCAbxeL1OnTsXr9RIKhfD5fBQXF7Ny5UoyMjKMhRfFxcUUFRXhdDpZv349kUiEQw89lMsvv5ycnBzefffdVt8nm81GXV3n3uZJpCfEozuft2Z12ck6qL/x2LexHt+G+q5s1na1XMUZj8ao+mL9DkrvHu+aGvylDaT2b154lX1QP6xuOxFvyCiTt03grfy8a7ZbqvxsLQNnjQaa99rrNXHQLu1X2Flqvm4d8DIO6M3Gbm+FSPfosoAXiUTw+XyUl5cbQ5eJrUQSgSwcDuNwOFqtQrXb7cbtwVwuF4cffjgul4v169ezcuVKLBYLmZmZ9OvXD5fLZSwwSNxbNjEs7Ha7cTgcxlBrZmamEagS26i4XC4s/8/em0e3ed9nvh/sL4AXKwkQXMRdFKnVkiVZsiyvsdM4cbykHtfJpL1Nm860J/dOe9qe23bSTtszt7nTJU3bc5s2ybR1mjRJXTdJ5RwvcWx502JZkmVJliiS4k6CxL7vwP2D/v0E0PIiW5Bs5/2coyO+JID3BQhRD7/L8xgMhEIhKpWKtDU5c+YMer2enp4ezGaz9LoTlTsh+EQrVti6bNy4kZtuuonjx4/zyiuvUKvVuO222ygUCoyPj/Pkk08yOTnJ8vKyXEJRFIVYLCariYVCgZGREe644w6OHDnCj370I4rFIj6fT9q4WCwWzp8/T61Wo1QqYbfb5Qbx+fPnaW9vZ/PmzaiqitfrJZfL8cADDzA+Ps7Y2Jj8XpjNZnp7e5vxFtB4n7H41Nh7SjZ4p+iNetb+l11vf8OrgL3Xg954obIXfXnuqlyHzqjHufZC1Sx+eumyzd6tJnp0Tgo8nUGP2t/SsBnr2nhhq7VWqxE+dPmFJqwIKyHwAByDrVdF4CXONG7kWjsvHkunofFhoCkCr1arEYlEmJubk63QSqVCoVCQMWD1vnf1CxnCMNjjWbEOEBmx0WiUVCrF7OwsLpdLJlyIc4mFCLvdjqqq5HI5KX4MBgOxWIxUKkWtVkNVVRmNVq1WMRqNlMtlotEoi4uLOJ1O/H6/FKSiere6RSv+1Go1+vv7ufvuu8lms0xMTBAIBPD7/UxPTzMzMyOvsaenh7m5OWZmZuS17NmzR/r9nT17lqGhIcxmM2NjY3I28Pz585w9e5ZAIMCOHTsYHh4mHo9TKBSIxWJUKhXpG9jS0kJnZydTU1P8wz/8A0ajEYvFwjXXXMPMzAyFQgGfz8cNN9zAwIDmB/XTQOSlWRafPNf08+gtxvetwFudEvFet0Tfy3XUt5DT56NNO1d2vnE20b7G1SDw6pdRCqFMQ3XvcpJb9Vrb1lwdO6f8qvbzm+UOa2h8GGiKwEskEkxOTmI0GmX8VyaTkX52ok0qFhSESDIajdJzLh6PEwwGpQA0mUxs2rQJRVGYmZkhHA7T1taGoigoikI+n8dqtcpUinw+L4WeTqejtbWVaDRKrVYjnU5jtVqlgbLItM1kMkSjUbq6unC73eRyOSnoxJZtoVBouG6j0Uh/fz9/+Zd/STgc5pVXXuHaa6/FZrORSqU4efIkS0tLKIrC7t27sdlsrFmzRm7ClkolIpEIuVwOi8WC3++nr6+PEydO0NHRQTabJRaLkc1m2b59O6dPn+bAgQNce+21fOYzn+G5556Tc4ttbW3Y7XZyuRwPPfQQZrNZegIODw/jcrnYvXs3J06c4IYbbsDtdsvqqobGh53VAi+38ObLR81k9YZvM4XmaoFnq9uW1ZsNKG1q3W2beB2LyZWot9eTPlZ/L64U1XyZUqog4+UsXht6xUg1/w6NrTU0PkA0ReCJ2Czh0yZsTVRVlW3Yeo84o9Eos2NFYoXNZiMej+P3+1leXsZiseDxeBgeHqa7u5tIJEIwGKS/vx+r1SoNklOplGxZlstlOQsoTJeNRiO5XA69Xk8wGMRms0l7lkKhQHt7O2azWS5kmEwmOXNXKBRIpS447otlkC984QuMjo4Sj8ex2+20trZy/vx5ent7uf7663E4HGzYsIHu7m4ee+wxTp8+zSc+8Ql27dqFxWJhfHycgwcP0trais/nIxAIsH//flRVxWAwyOdnt9vlayeqozfeeCPFYpG5uTleeOEFTCYTHR0duFwu9Ho9LpcLq9VKPp+nUqmwe/du/H4/mUyGV199lW3btjXjLaCh0VQMVhNKm4riX/lTH2v1ZohWpSC3eOnpGZeDNwjNxeYJzVyw8bGt7RfyWW2droZFj9Vi8HJSK1UpRDIoPvX167h6lbNCKCMFHoDFY71q7wUNjWbStBk8q9Uqf3iI/FcR7SXasdVqVf4Riw/CuFdEcp07d4729nYp/mw2W0NcWDqdlvFii4uLtLS0SMsUi8VCoVCQ/nQ2m0165QFSOCWTSWnELKqAxWIRs9ksrVGEdYvBYCCfz8stWo/Hg9fr5fDhw0SjURRF4fTp0zzzzDN4PB5uvvlmPv/5z/PKK68wNjbGa6+9RjKZ5OTJk7S3t/PjH/+YHTt2SFEZiUTIZrMoikKhUMDhcDA3tzIrdODAAdxuN4qiYLPZ5Cze5s2b6enp4fTp0+RyOTlnKCqj9W1v4R84OTnJwsICDzzwwOXyEtXQuGyYXAq2Lhe2TieK34Hit2Pxq1j9Dix+Oyb14jYob4XRbm44rveJu5IYbauuo4nbpKsj1+oNoA2rX49sc6v51cKFlBDDWxhRN5tKcdXGtUlLtND4cNKUf2UWiwWn00mpVJIJDyJJQkSXCasTMeMmsmBFG1eIwEgkgtVqpVgsEolEZL6sEFewItRSqRRut5tkMimXL0SerLBKyWazMsPV6XRKgSgsXYxGIzabTV5P/QatmNcrl8uynSoE4unTp/H5fKTTabxeL5VKhYGBAbZs2cJ3vvMdHnroIbZv306xWCSZTHLLLbfI533DDTcwOjrKz/3cz/Hoo4/S398vl1Dcbjf33nsv4+PjfPnLX6atrU2KWavVKuf75ufneeCBB3jggQf4/ve/TyqVoqenh/7+fnK5HJFIhFKpRD6fZ2lpia1bt3Lu3Dn8fj/79u3jEyP/ZzPeBhoal4SlxUbHz6yj42PDTWnh6YyN1inV95gY8UG4jtWpGPVLJvpV11GrNPdXveqqTWedQf+Otp8vN294Td7EUkdD44NOUwSe2A6tVqukUim5xCCSKQwGgxQ44thiscgECLFpazAYUFWVo0ePsnXrVjweD9VqlUgkgqIopNNpfD4fJpMJr9fL0tKSFEci6ktsqQojYqPR2NC+dblcZLNZ7HY7LS0tDQJTtGaFR56oQArB5/f78Xq9OJ1OaQdz8803MzExwbXXXivn7r7yla/g8XhYWFjA4/GQz+flrFwikeBzn/scAJ/+9KdJpVIcOnRItoOnpqZwOBx0d3dz/vx5lpaWMBqNtLe3E41G2bFjBy6XS17HfffdRzAYRFEU/H4/1WqV4eFhrFarTOro6elh+/btTExMEAo1f7NSQ+OtUAdbGPylnbTuXPOm/nWCarlCIZylEEqTD2XIL6cphDI41/neNoNWzH9ddTRz8atLrVHI1rQehsaHlKYIPOFVl8/nyWazstplt9vJ5/OYzeaGbVrRrhUtXbH5ajKZpHVILpeTSxsWi4VcLidtQkQ6hliwEEkX4vE6OjrIZDINkWkAxWJRVhSF+BPpFmL5QlVVuSAiIs1EC3loaIhwOEw8HpdLIAaDgUAgwKlTp+SCiN1ulwbPFouFcDjM3NwcBoOBvr4+qtUqCwsL+P1+jhw5wrp161AUhWw2y+HDh2ltbWVkZITZ2VlyuRwLCwuEQiEURcHtdqPX6/nqV7/KRz/6UVpbV+wXfvSjH9Hd3S0j24aGhujr62PPnj243W6CwSDVapXjx4834y2gofGOaN3dzeY/uB2DtTFWrxDJEDowTWYmTm4x9bqgS1OM5i76ON33b35bgbe6QvV2YrJpVFdVspooPFc/x/pqYa26+vVorvCsf/xarXZVqncr17GqcnmVKrkaGs2mKQJPCLZ4PI7FYkFVVVwuF5lMRlavxJKFSK8Q7VmRHVur1XA4HGQyGdxut9xuFRm1VquVZDIpt0CNRqO0TRFbriL1IpVKydm/UqnUMJcmWr3CVgVWKnYiJzeXW/kPJZfLUSgUqFar8jrL5TKLi4vE43E++tGPMjAwwF//9V/LOb/f+I3f4J//+Z+p1Wpyq1j49Pn9fnp6euRCyeOPP85tt91GsVjEYDBgNBpJJpM4HA45o2g2m6XIzGaz9Pf343A4WFpawm63s27dOrq7u/mTP/kT2c4V1x+Px9m/fz/j4+Ps3r2bkZERHn744WZ8+zU03hH+vX1s/sPbG/7DXX5hktnvnyZ6bO6yBc0LquVKw7HefHVmr6rFVS1CU/OEpn7VfFn9TF611Ph6rG4dX24M5gv/3ayeDbySrJ65q58N1ND4MNG0Fm0ul8NsNkuDYVEBEybDRqNRCrn6lq7wmFMUBaPRiKqqUsR0dHRQKBRkuzWfz+PxeOScX7FYlD54IidWVBOFT56IKROi0W63y6zb+qxcQEasiZiyYrEoLUnEfOHQ0BBdXSsbfNVqFb/fL+PKTp8+zbZt26hUKgSDQVpbW/H7/SiKwvr163nqqadYXl7GaDTyla98hYMHDzI5OUkulyOTyZBOpzGbzVx//fV885vflNVEkfpx5swZduzYQXd3N0ePHiUcDtPV1SXtVFwuF6qqUigUsFqtcg5ydnaWEydOkM/npVmzhsaVxOyxMvJbNzWIu8l/Oc741w437ZyrzYSVVjvZq5BkUYg0erFZfOqb3PK9owQcDcfZOmuYQrjxOhSfvWnXoTPoZQYsQG7h6m2t1j/Parn6hu+HhsaHhab8ylYul2UEWLlclrN1ojUrorUURZEtUVGhUlVVtm1F9am9vZ1IJCLn+YLBIMlkko6ODtra2shkMpRKJRRlJWtTCEORkgErkWmi8iaqiUJ4CsSmrKj2wYp/Xyaz8gNAtIRhRcydPHmS/v5+stksX//61/m93/s9OQdosViYn59nYmKCn/3Zn+XGG2+Um8A6nY7l5WW8Xi8ej4elpSVyuZycFVxYWKBSqTAyMsLevXs5fPgwyWSSdevWSQ9B8ZqdOHECg8FAe3s7+/bto1KpMDQ0xNDQEO3t7TLdw2w2y9a1qqqEw2GMRqNsV2toXEnW3LNxJR/3dWZ/cKqp4g4gO9vo81ZvGXIlyc6tMv3tbJ4nnG1VUkN9NFshlKFSV0mzNvE6lIDaIOYzM1cnIlGvGDG7rfI4v5xu+nKJhsbVoikCT7QxARk5JqpeFotFLlgAcsNWtDzF/Jton1arVVRVxefzMTs7SyaTwev1YjKZcDgcWCwW+Zj17V3xR2yPVqtVYrEYxWKRbDYrhZrYyrVarbKKVy6XZQVQ5Ofmcjm5jSue3/z8PPv378dsNjM3N8drr73GsWPHeP7553nuueeoVqsMDg4SjUZxuVwEg0GOHj3K0tISBw8e5Pnnn6darfLggw/y+OOPk8/n2bZtG6FQiJ07d7Jz505mZ2eJRCKYzWZcLhcmk0navOh0OtLpNOl0msHBQTZu3IjH45Gv4cDAADfeeCOdnZ1yqUO0t8XcYT6fb8ZbQEPjLWn/mcZ5uZkrEPiemW2s1ilXyYtt9XWsFmGXkzekd6wSVvXmxraOJl7HKvF4tTKAV4v61QkbGhofJpq2ZFGpVKSYMJlMsv1psVhIJBLYbDa5dFCtVrFaV36rqp/DE5u0YiP02LFjtLe3EwwG8fl8nDp1ioGBAQYGBjAajXJpQ3jeieQJn88nK3PRaFRW7uLxOOl0Gqdz5QebzWaTVcNisSiXKcTWb71vn7BPyWazPPvss3z0ox/l1VdfZWFhgWPHjmEymXC73SwvL3PixAmOHz+O3W7H5/Nx4sQJZmZmaG9vZ8OGDYTDYQwGA06nk0AgwMDAAOPj4xQKBRYWFmhpaZGWLG1tbUxPT8tqYK1W49ChQ/zO7/wO8fjKD80nn3wSm83GM888g8lkYnBwkC1btnDu3DlmZ2dRFIVUKoXD4dAqeBpXHLPHirXtwn+0ibPLV6RVulpYuYb9TT/nxSiEMpSzJYy2lcUS14a2pp3LW2cAXS1VSE82CrzMdAxHfwsABsWEOthCejxy2a9jtRF18lz4sp/jneDe2N5wfLWEpobGlaApFTyxgSqElPCiE1uqouomKBQKchliddJFJpOhWq3icDikQbCY0wPkDFv9ecRSgrBBUdWVGZd4PC79+RRFwWq14vF4SKfTcm6uUqnItnK5XJbze3ChMikSMcxmM8FgUC4zdHV1sXfvXj71qU+xdetWQqEQU1NTZLNZhoaGuP/+++no6KCjo4PPfe5ztLS08Pjjj/Pwww/LSmdvby87duygWq0SCARkvJper+fkyZPs2rVLilVBMplkamqKyclJJicn8Xg89Pb2YrVaSSQS/OhHP+Kb3/wmJpOJLVu2EI1GsdlsWK3Whu+DhsaVYHVUV6oJguJiZGfiVHIXTIU9W9rfsL17pYi8NCM/VnwqzpHLLzbt3W7sddFkkSOzDc8fIHxopuG4bW//Zb8OAN8NffLjcrbU8PyvJL49PQ3H4cNX5zo0NK4ETRF4YglAxIeJuDKxKetyuWSLVtimwEq7VFTGxByfaJna7XZsNhvnzp1jYWGBarWKy+WSVSgx7ycqXWJxolqtks/nyeVysnWZTCZJp9OyfSsqYQ6HQ7Z4xeeEuTGsZM86HA5UVcVms8n5wZ/85CekUilyuRzpdJqnnnqKaDSKx+NBURQ2b97M1q1bmZmZIZfL0draKpc/du7cyY033ihzbI1GI4ODg+zevRur1cqePXtkJq+oUPb19cmEDb1ez44dO9i0aRMDAwMcOHCAtrY2ed3FYpHW1lbGxsbYt28fVquVM2fOcMcdd5BKpdi9e3cz3gIaGm+KwdYoqq7URmW1WGH5xSl5rDcZaL1uzRU592qW9p9vOG676fILq8BH1jYcB38y/obbhF6catgu9t98+a/Dtd7f0P4NvThJtXjlN1cNVhPerZ3yuJQuED02f8WvQ0PjStGUFq3X68Xr9TI1NYXZbKZWq5HJZGR8mRB6YqtWVOzsdru0QYEVaxKxXasoCp2dnSwsLDA7O0tbWxuKohAIBGS2rDAtFpuwwnxYxJUBpFIpKpUKU1NTqKoqBaXw0xPZs6IVC8hqmc1mQ6fTyfaoaNsmEgkeeeQRbrvtNsbGxgiHwzLnNpFIEAqFMJvNhEIhenp6qNVq3HnnnTz44IPs37+f5eVlNm/eTFdXF/v27WNpaYnPfOYz/NM//RObNm3iIx/5CGvWrJHX7/V6ee6551hcXGT9+vXcfvvtHD16lGAwyLp162T1NJlM4vF4iEQi+Hw+8vk8f/u3f4vX6yWXyxEIBOTroqFxpVjtO3Ylq2hLT4/TXid8en7umjeIrStB6NA0lUJZRnZ1fXI90987QTF2cZ+/S8XkUuj+2U3yuJwtNohb+fl0kejReVqv6wZA7fHQdvMAS/snLst1AAz+8nUNx4s/Hrtsj30p9D54TUNEWvjAtOaBp/GhpikCT0SGCaG0vLxMtVrFZDJhMBiw2WzSZkSkWIg2rbA8qc9/FZugbW1t6HQ6MpkMZ8+eJRAIMDQ0RKWy8tugMEQWaRHpdFpmzTocDrmskM/n5cYtrLQ4xRKIoigkEgm5UCG2Xq1WK0ajkVQqJZ+X0WiUVcF8Ps9//Md/oCgKIyMjtLS0oNfryeVyMv5saGhIPo+vfvWrDAwMoNfruf7661FVlUcffZQjR44AEA6HOXXqFKqqsrS0xIkTJ+ju7pYJFyKKLJlMUiqVuPXWWzl//jyhUIhYLIaqqlSrVTKZDC6XC71eTzwelxvIfr8fq9XK+fPn2dWMN4GGxptQb9UB4Fznu2LnDr80SzGek5uUrmE//pv6WX72yoq8ar7M7L+fovfBa4CVfNrBX97Ja3/27GV5/IFf3NGQeTv5z8eo5i9eKZ36l+NS4AGs/S/XETowdVmqbK27uvFuu1A1i51YIPLS7Ht+3EvF0mKj5z9tlse1Wo2ZR05e8evQ0LiSNKVFm0wm5XxXpVKhq6tLzsQBsv0pIsGE35vJZJJiTbR1Rau3Uqng9Xql3108HufMmTNEo1EpCMU56jdqhbAUWbfCvqVUKpHNZkkkEhSLRdkOFhu9omonhJzJZCKbzcrqY31smVgMgZXljJdffpnHHnuMffv2ce7cORRFoaenh/b2dgKBAMPDw9xwww0sLy/LRIkDBw7w7LPPkslkuPXWW9m/fz+hUIiZmRl5rrm5OSKRCBaLhfb2dtasWUN/f79MxRgYGKC3t5c9e/Zwzz33NBhCLy0tEY/HSaVSDA4OcvbsWVnd09C4kuTmk5TSFyrHjoEWPFva3+Iel49aucr4N15q+Nzw/3XDG/zi3i0mh/L2N3qd8/98tKFi13HnMO0ffes0jndCx8fWseaeDfI4Mxtn+uFX3/T2sROLLD13QeBa251s+L9vgfcYbGHrdrPxv98mj2uVKmf/+sX39qDvAr1iZPMffxSDcqFSvPjEOZKjWkyjxoebplTwhM+d1+slEokwPDyMx+MhFArhdq8M/VarVWnAK1qqtVpNJj0UCgWZYavX69Hr9dhsNin8ROVMr9djtVopl8syvkyg1+uJxWLyHO3t7TLnVixvlEqlBgPjSqUiq4lGo5Hu7m6KxSLJZBJFUSiVSrKtKRY66s8p2rcmk4mtW7cyODhIV1cXqqpy9uxZenp6ZJVtaGiIPXv28OSTT/KDH/wAk8nE3Xffzfr163niiScoFotMTEzgcDjYsGEDxWJRbtaK5IrFxUWKxSLf+c535NczmQwPPvgg11xzDT/+8Y+luDMajWzYsIH+/n5mZmbIZrNye1lD40qy9MwEXXetl8e9n95K7GQQqpfuSWZUzfhv6H3Ht59/9Ayddw7jWr+yvWppsbHtzz7Oy//th28ahfa26KDr7g0M/eo7n2mtZEuMfe3Qiphi5Rff9b99M9VC+V23jdtuGWDkN2+Ux9VylbN/+fzbtiLHvnqQlu1r5GZv4LZBypkCZ//qhXflE2fvdrP1f92JyXFhiWv64VdJT7zzXyitAQd6s+E9VRINVhOb/+gO3HWbyuVskbEmey5qaLwfaNoWbSQSweFY+a04Ho+zZs0aNm7cSF9fH0ajEUVRcDgc0gBZVOZE61ZU+Oq3b61WKy6XS1b1ACkIxf2TyaTMfRXVO71eTyaTYXl5mXg8LtMwRBvZ6XTK7Vm73S79+jZt2kRLS0tDtVGIUbFpK0SlSL2oVCpYrVauu+46NmzYwODgID6fD6fTSUtLCzabDZ/PR7FY5LHHHuPFF19kdnaWUqnEr/zKr9Db28u//uu/Mj8/T2trK4lEgpMnT/LCCy8wNTUlo8yuu+46RkZG6O/vp1KpyPQPkQqysLDA/Pw82WyWWCxGLpdjw4YNdHd38+ijj8rXzOv1NuMtoKHxlsw8/GpDLmrrdd1c8yc/c2nzeDro/Pgwe771IJ4tHZd0/tN/up9SXbKFfY2b3f/4AIHbBi/pcQC82zrZ+dX7GPn1vQ0zXu+EhcdGmfruK/JYb9Sz+Q/vYMPv3IJRNb/FPRsx2s2M/NZNbP4ft6M3riyw1Wo1XvvTZ97RIkFuMcWJ33+iIb6s65Mb2PnV+1D7L+FnhF5H5ydGuO5rn8Ja5zO4+NQYY3936J0/Diuv6/UPPUDg9rUYrJdei2jZuYbrH3qA1p0XFmmqxQonvvgExahmD6Xx4acpFbx0Oo3JZMLj8TA6OorRaCSfz0ufOZPJRDwel9Uug8EglzFEfJbZbJbzeMKoWKfT0dra2rBIkUgk5DJEoVBAURQMBoP03lMURRoNr24BWywW2e4FZJRXR0eHjB8rFos4HA65yCG2bIVHntgAhpWKYVdXF62trTgcDkqlEtFolFQqxfLyMmvXrpVCr1Qq0dXVRSwWo7e3l8nJSaxWK08//TSHDh3C7XbLCuLi4iJjY2MsLi5y0003cc0110gPPyEOi8UioVCI5eVlCoUCnZ2dBINB6adntVpZt24dr776KjMzM6xfv55oNCpFuIbGlSQzE2fiH4+w9vMXBvB9u3rY+Xf3Mfv9U4RenKIQemOElM6oR+330nbzAO23r0V5PeYrMxvHvsb9htu/6fmnYhz7rUfZ9hefwKSuVJnMLoVNv/8R+j6zjYUnRgkfnCY7n6RWaax+GVUzjsFW3BsDdHxsXYOJb/z0UkO16J0w9neHMLsUOj42LD/X8TPr8N/Yz/KzEyw+NUbyXPgNUWsGmwnn2lYCtw3SfvtQgziu1WqM/s2LLD75zhcaokfnOPUnT7Ppi7fJ1AnnkI9d37if6LF5Fh4fJX5ykfxSuuF+OoMee5+H1p1r6Lp7Q4PHIUDowDSnv/TMO76OeqztTjb999uoFMpEXpplaf8EyXMhcgvJN1QW9WYDti4XLTvX0H7HkPT3E1TLVV79wye1zVmNnxqaIvBEFSubzdLR0UEmk8Hv91Mul6XwEfmsolUaCAQApJCrn2sTxrwWi4WWlhYWFhaAlSra448/Ti6XY/fu3XIz12KxyMxZMZc3MTEhlygURaFQKMgkByHeKpUKBoOBTZs2kc/nicfjxGIxOYMn/PLEYoioEgqRCnDHHXewsLAgF0IKhQI2m01W2sLhMMvLy2SzWXK5HLfffjt+v59du3bxyCOPyEzZYrFIR0cHOp1OtnWnp6fZt28fuVyOVCqF3W4nEolI2xiR0rFz504mJyelL2Bvby+7d+8mlVrJf3S73bhcLk6dOkVfX99FvoPFgTzrAAAgAElEQVQaGs1n6tvHsXhtdH/qwran2uNh5Nf3MvLre0lNRCiEM1SLFXQmPdY2B7Y1bvTGxsbD7A9PM/nNo9z4yM9f0vmToyGO/eajbPr9jzQkPqj9XoZ+dTdDv7qbarlKfilFpVBGZ9BjtJpQ/G/Mjq0WK0x95xXOf/Nlbt73iw0LDu+E0/9rP4mzIYb+6y4p1Iw2Ex0fG5bCrxDNUkrkobYi7pQ2tcEPU5ALpjj9/z5D7JWFS7oGWGmd55fSbPi9W6SHnk6vo2V7lzQrLmdL5ENpapUqepNhpZVqemOmdbVYYezrh5l5i/m/t6J+y9hgMeLf24d/78rPq2q5Qn45s7I4oltpxSp+FZ3+4oOD6ekYr/3pfhKnl97VtWhofBBpisArl8uYTCZpUCyqXqLaJTJpRZVubm6OhYUFGT0mWrjFYlEKKTF719LSIgUgQDabxev10tfXx5EjR8jn8zKDtlarkUqliMViVKtVuV2byWQwm83o9Xq5ySsWKxRFkdu8hUKhYYnCbDZTKBTkAodY4oCV6t8f/MEfcO7cOTkTKOYGI5EImUxGtqA9Hg933HEHmzZtwmQysbCwgMFg4OWXX2Z8fFw+r3A4THt7O+l0mjVr1sjZwXA4TKlUYnJyknA4LH/Il8tlyuUyx44dY9euXWSzWXbt2kWxWOTxxx/H4XDQ1taGzbYS+i22gDU0rhajf/MiqfEwg5+/DovX1vA1x0ALjoGWN7knpMbCnPv7Q0RfngOgkitdsuVKcjTEwc/9K/0/fy09/2kLenOjUNEb9W+ZFVstVwkfnOLc3x0iN7+yHVwIZTD2XJrAA5j74WkiL88y9F930bq79w1C1uK1veE1qqeUKrDw2Fkm/ullKtnSm97u7Ui8tsShX/o3Bv6Pa+n8xPqGOTpYEZ5qj+dN71+rVAkdnGb8Gy+RmXr3mbPBn4wTfHqcgV+4FtfGQIOY1RsN7yharRjPMfv9U0x++7hmiaLxU0dTBF61WqW1tZVQKESlUiGXy8kqmMVikebCZrOZ5eVlOQsXjUalrYiqqvT29mKxWMhms5jNZhRFkWJLeNfpdDq6u7vp6+vjzJkzUrSUy2VplaKqKi6XS27iJpNJstksdrudaDSKXq8nm83i9/vp7u4mHo+Tz+fJZrPYbDbi8bhsCzudThn3ZbFYWF5exmw2c9ddd6HT6QiHw3g8HplCkclkMJlMqKrK+vXrMRgMbN26FYfDQTqdZv/+/fT393Pu3DnOnTsnF0dqtRqRSIRqtUpfXx8nT56kq6uL7u5uwuEwlUpFLocIEWqz2bBYLAwNDUkxfPToUXbu3Inf72d2dsWeoFKpEAgEGB0dZXFxsRlvAY2rTHoqylKd9Ud+KXVFzlurVC/5vAuPjRJ8ZoKOO4Zo3dWDd1tHw8Zj/WNnpuMkziwx/6OzJF5rrMbMP3YWS4sd4JJmrKrFCuPfeImp775C4NZBAh9Zi3Nt65uKxWI8R3oySujFKYI/GX+Dd13wmQnUvpW5tfT0pUVh5eaTnPj9JzF7bXR8bB2t13Wj9ntlG3k1hUiW1HiYpf0TBJ+euGym0dVCmbG/P8zEP76M/8Z+ArcO4hhsuWj1ElaqeunzESIvzzH/ozMXba+/G6IvzxF9eQ5Liw3fDSsVPOew701fj1q1Rm4xSfJsiMWnxoi8NPuGFruGxk8LTRF4VquVUChEKBSSRsRCuGQyGRRFkQLFZrPh9XpJJBIoikIkEqFYLDI1NcXi4qL0c1u7di21Wo3x8fGGzVeDwcCaNWsol8u4XC7y+TwTExOsX78em82G3W7HYrGg0+mIxWIyfkxU44SdSywWI5/P43Q6peATXxdbsyIdolKp4HK5CIVCUozt3LmTU6dO0dHRIbdWVVVl8+bN7NmzB51Ox+zsLMlkkoMHDzI+Ps7x48cplUp87GMf4+mnn5bVQHEugIWFBSKRCENDQ6iqKreHxW3Wrl2Lz+eTXn7idRQVyi1btjA6OsrY2Bh+v59UKiXTLQCCwWAz3gIaV5mlpydYevrymdW+U2rlKq/+jycv+X7VfJm5/3iNuf94DZ1Jj9rrxWgzobcYqVWqlNNF0pPRt9yoHH2PFhzldFFeA4AScGBtX2k/1io1KoUy2dn4Spv0LTj/Ty+/p+uAFYE69e3jTH37OAAWnx1bhxO9xQi1GpVChexs/LIZI78Z1WKF4FNjBJ9ameUzqmbs3R4MVhM6g45qqUJhOUN2PtHU6yhEssz98DRzPzwNgMmtYOt0rWz96nTUKlWK0RyZuTi1kiboNDSgSQKvra2N+fl56UkXjUalabGYG7Pb7XK2TixWRCIRaSws5tXm5uYolUqcPXtWtmVF9U4IPI/HQzweJxKJMDk5SSQSkakZJpOJTCZDNpuVLVuDwUCxWCSTychWbLFYZMOGDZTLZemZByvtZKfTKS1VxEydaNOKxQ+xzNHa2orf70dVVQKBlbbCE088wc6dO/nhD3/Ivn37UBSF7u5uKQDPnz/PCy+80DB/KGYCYWV55OTJk6iqSk9PD21tbZjNZjo6OohEIszOzlKtVrFYLAwODsrqYC6XY3l5mfn5edLpNCMjI8zNzZFOpzEYDLjdbsLhqxP6raHxZtRKVVJjV/99mQ+myAevTOXz7SiEMpetKvZeKKeLb6icXg1K8TyJ+FsLbQ2Nn3aaIvBSqRR6vZ6Ojg7y+Tx+vx+TySTzYIWwExuyoiIlYsoqlQpms1neBi5UtESLtl7sdXZ2ylm7l156Sd7X7XZLUSfizkSig8VikZVA0UIFZPXL4XBIHz5RLRS5uWKuUBxfc801PP/887S2tjI0NERfXx82m40zZ87wyCOP8Nxzz9HR0YHH46G9vZ2+vj7a29vZs2cP3/3ud/n3f/93KSiFwBPirp50Os3p06e555570Ol0PPPMM7I9azAY5OLEyZMnCQQChEIh/H4/GzZsQFEUNm3aRDabZd++fXImUJxXQ0NDQ0ND48NDUwQeIKtqQmwVi0WZCiE2XfV6PUajUVb1TCaTNBkWaRP1CxXCfFjYq+j1esxms/SkE4sSwWCQpaUlnE6nFEDLy8vABaGo0+nk9mw2m8XtdnP27Fmuv/56SqUSDocDs9lMNpuVJsodHR1MTU3J7Vm73c6nP/1pWlpamJmZYe3atXR2djIzM8PJkyf5wQ9+QCKRoFAo4HK5+NrXvsbExASPPPIIS0tL/O7v/i5jY2MNyxqiKiiucTXbt2+nu7ub8fHxhmWSSCQiZ/MGBwfleUVVMJvNEgqFcDgcDAwMyMqk2KzV0NDQ0NDQ+PDQFIFXKBSw2+3SPkRkzQpBIhIXhMGxmMmrT4UQbUoRCya2Uhsu3miUG7ei9aooCkajkampKdatW0cymcRoNEqDZbFRK/ztxOPDyuZqpVJBURTsdjt+v5+JiQk5z5bNZqlWq1I0tbe3Y7FYmJyc5Prrr+fhhx/m/PnzVCoVVFVl+/bteL1eJiYm+LVf+zU5c5fL5XjyySeluKoXp/U5t8Lrr55PfepTJBIJzpw5g9frlb5/2WxWzudZrVaCwaB8jGKxKF9fUbFraWlpmOfT0NDQ0NDQ+PDQtApeMpnE6XQSDAZpa2ujXC6jqqr0natWqySTSVnZs9vtsjInjI3rDYzFPJ0QgHq9vsEgWczGiceKRCJyg7ZYLJLL5WRurWitut1uYrEYOp1OzrMlEgkCgQCtra1MTU3Ja+zr6yORSEhBpKoqqVSKU6dOkc1mefTRR2ltbWXv3r3EYjGGh4fx+Xy4XC7uvPNOzp49SyKR4Bvf+IasJgrqs2+Fz54QZPUIy5Xx8XHa29tJJBLy8/VLHzqdrmGxRPjkAbIK2draKmcLNTQ0NDQ0ND5cNEXgCSsUt9uNoqyEb4vWarlclm1PIbLEooXT6SQcDmM0GmUEmBAgBoNBtlthJYlCiDvhuSfizGBlXi0Wi0mD4nw+j9VqJRaLyUpcoVCQQnF4eJilpSVZ4dPpdDgcDlwul2zlCvsVo9FIOp0mEAhw6tQp5ufnaWtrk3N9N910E6FQiEwmQ6FQ4OWXX+bxxx8nHA43LFLUU1+5FFW21bfZvn07zzzzDCMjI6iqislk4sSJE+h0Oik+RcqGy+UinU5jtVq599575euaTCbR6XRSFAqRqKGhoaGhofHhoSkCT1VVuXEqBBIgbVKsVivpdJpMJoPX65UzbkLUCWEjtmnFvF39bJrJZJIVvfpIM1VVZTasyMAV82jCmiWdTjM9PY2iKNI7rlarEQgEWF5eplqtotfr6enpkVu9xWIRr9dLJpORhsKRSIQ1a9bQ399POBwmGAyya9cucrkcZrOZRx55hHPnzpFKpeSc4MXE3Wrqvf4EYkP2yJEj3H333UxMTPC9731P2pzUvzbCv69UKtHT08PCwgLFYpF169Zx2223MTQ0RCKRwGq1vqHtraGhoaGhofHBpykCr1QqybQEg8FAIBCQbVEhtFRVbZgDczqdUuCJpQMhhurNf+uXK8xmsxRT27ZtY3R0lDNnzlAsFtHr9UQiEWlQbLPZyGQyGAwGucRht9uxWq0YjUZKpRKlUolsNks+n6ezsxOfz4fNZsPpdBIKhWQ+bDabxWRaMUE9ceIEHR0d+Hw+6dP39NNPMzc3RzabfYMwrVQqbyrw3koA3n///USjUbZt28bS0pKMLjObzbS0tBAMBhs2jru7u5mensZut6OqqqykVioVPB4Pk5OTbNy48W3FpoaGhoaGhsYHj6aUbxYXF8nlciSTSQwGA+l0mmq1KtuBpVJJtmWTySRWq1VW00QrF5DVJYPBIIWd+Lxoy5bLZVKpFFarFbPZjKqq2Gw2bDYb+XyeUCgk5+iEBUpvby9r167F5VqJIPL7/fh8PnQ6Hf39/UxPT2MwGFBVlTvvvJOpqSm5sCCqhYqikM/nKRaLTE5OcvLkSaanpzl69Cjj4+NyzlDk4QrBChffjhXU28AI8WWz2XjwwQdJpVLcf//96PV69u3bh8ViYffu3Xi9XlnpFHOJdrudbDbLyZMnOX78OK+88grHjx/n/Pnz0v7F4XCwZs2aZrwFNDQ0NDQ0NK4iTRF4FouFXC6HwWAglUrJqlUikZCbtJVKRVbPjEaj9KoTpsPCGFlQX8UTVTjRBhbRYiKvVlT4KpUKwWCQfD5PoVAgFAoRjUblHF6xWJSGx6FQSM6ojY+Po9PpqFarXHvttej1egqFgow4Exm2drsdk8kkjZOFcBXzgPWLIuI5rG43XwwhBsVthO/dnj17GBsb4+DBg6TTadxuN6qqMjMzQ61Ww2g0otfrCYVCHD16FKfTybXXXsuuXbsolUoEg0Gmp6dxOp14PB4OHDigLVloaGhoaGh8CGlKizaTyWA2m0kkEsTjcTweD263m2g0SkdHh9ycFYa+6XSaUqkklzCEABIVKb1eL9u24n4iyaJarXLy5EnWr19PIBDA6/VSKBSkxYhYkKgXXblcTlbWxEKIyWQiFosRj8eZmZkhGAzS3d2Nw+Fg7969HD58GJvNhtVqRVVVaYAsFkPq0zX0en3DzB0gxSnQMGO4ukUqnreYAzSbzfziL/4i58+fx263Mz4+jtPpRFVVwuEwr776qhSdJpNJ3t9kMtHd3U02m8XhcHDfffehqiqDg4O89tpr0gImFAphb8abQENDQ0NDQ+Oq0ZQK3pEjRwiHw0QiEWKxGDMzM4TDYbk9azQayefzZLMrgeCiaidEU70Zsdierbf/WLNmDW1tbdhsNtauXYvD4cDtdjM8PMzAwACKosi4sVqtRjabxWAwYDKZsNvtOBwOrFarbPPqdDoWFxdRFAWn00mhUODQoUOUy2WSySS33nqrvI+qqlLMiSUFsWFbKpUApLirF5byBX99a1dU/lZX8uorfDqdjuHhYebm5ujo6KBWq5FOp0kmk3I+MBaLyddHCGa3243NZpN+fkajUbacxTxiS0sLH//4x2lpaWnGW0BDQ0NDQ0PjKtKUCl4oFJJxY8Ky49y5c3g8HiKRCG63W27AGo1GrFar9MwTlTchdNra2qhUKni9XlwuF93d3Xi9XmKxGKVSiR07dhCNRkmn09RqNex2uxQ7er1ePm6tVpOVt3qBqdfrWV5eRq/Xs3btWkwmEw6Hg+npaZaXl/F4PAwPD9Pe3o7RaERVVZlrm8/nyWQyDabM9W3kYrEoXxNRzatvNdcbOQvqbwNw880387d/+7d8+ctfJh6P43K5iEQitLe3EwqFZFqFePz29nZGRkZ4+eWXWVxclNdQLBaJxWJkMhmmp6fp7Owkn89jsVia8RbQ0NDQuCSK0Swv/vx35XE5XbiKV6Oh8cGnaVu0Yq4uGo1SqVQYGBggn88TiURQVRWz2Sw3aEVLsz4lolaryZzXtrY2Kbay2SzRaJR8Ps/y8jILCwsMDw9LexOx6VoqldDr9XJOTiRIGI1GCoWCTIAoFovS9Pf06dMkk0laW1vJ5XI89thjfOELXyCdTrNr1y6ee+45ubBRLpeBCxW5+jg1WKlKwhvn7upbtfUtWvGxqAgK8+W+vj5+/OMfMzo6yvDwMF/96lfJ5XL4fD65qKIoCh0dHfj9fsrlMqOjo8RiMZLJJLt376atrY1jx44xODhIIBDg+PHj+P1+bDbbyhZyM94EGhoaGpdArVIjOxO/2pehofGhoSkCz2AwkM/nG8ROT08Pr732mtyorVQqMplBVNSEvYnFYpGRYcLPrb29nWQyKc2Mi8UiPp+P559/nlKpxMDAAD6fjy1btnDw4EFSqZScxRNt3kqlIhMvstmsnPubmpoikUgQDodxuVzMz8+Tz+dZWFjg4MGD7Nixg127dvHDH/4QuLAEIVrKoiUrZvBMJpMUakLAiS3X1Zu09fFhQuCJz997771s3LgRq9XKt7/9bRKJBPPz85hMJmmaXKvVZGVzbm6O2dlZPB6PtI5pb28H4LOf/SxbtmyRm8Szs7OMj4/T2dnZjLeAhoaGhoaGxlWkKTN4bW1tsjUo5swqlYr0jjMajZhMJjKZDLAiZtLptKywCfHkdrtZWFhgcXFRRp8BBINBent7sdlsjIyMMDc3x0svvUS1WsVsNrN79265QCEsU3Q6nRRg+XxeCjBRLROtVgCn04miKJRKJfbt2wdAd3c3N910EyaTSXr81adniIqj2WxuWHYQiI/rK3b1t6mf0xMfb9q0iS9/+ct0dnYSDoelh52qqtx0003ydvPz8xw+fFhuyIrt4NHRUenjZ7PZCIfDhEIhDAYDN998M8Vikb17917ub7+GxgcSi8+Orcu18qfTdbUvR+N9gLXTKd8TFp+2jqbxwaIpAs/hcKDT6eQ8nclkkqIpn8/LtqIwOBbJE6JFK6pYfX19BAIB+vv7pUABZMaqwWBgcXERv99PLBbDbDbT1dXFli1bpMgymUyyEiiWL4QIE3FpYrvUZrNJE+ZCoYDBYODVV1/l9OnT1Go17rjjDhRFIZfLYbPZZIWyvmUrqnviHELMiqUKoGGJAhord+Jjt9uN0+nk9ttvx+fz4fP5pMBMJpMEg0HZ4haPY7VacTgc0qj55ptvlj6D4nWr1WpkMhmZVatFlWlorLDx925lz7ceZM+3HmT3Qw9c7cvReB9w/T89IN8Tm75429W+HA2NS6JpPniiTSm2OsWcnajElctl8vm8rIIVCgVyuZwUZgaDAZ/PJ5MoVFXF5XJhNpvR6/VMT0/LODGr1crc3BwnTpzAZDIxPDzM9u3bZcVQmCCLmTuRTSvmAF0uF3a7nUKhQCAQkFmzovX6ta99jWAwiKIo3HnnndIoOJPJSBErhJzwohNGxavn7y4WDbZ60QJg7969sirY3t5OR0cH4XCYtrY2arUao6Oj8jUWolVVVdLptDRWfvHFF5mdneX06dNMT09z4MAB/u3f/o2JiQny+TxtbW288MILzXgLaGhoaGhoaFxFmiLwfD4fVquVSqWCy+Wis7NTzteJSLByuSyXH7LZrIwwE4gWrsPhoFAosLS0hE6nk/m2gUBAtnZnZ2fR6/UcOnSISCSC2Wzms5/9LHa7Xebgijat0+nE6XRKoWU2m4lEIszNzeF0OmUUmaqq0nB5dHSUH/zgB5RKJW655RZ6e3splUpYLBZKpZKsOorNYNEqXi3uVlugCHEr7ieWNXQ6Hbt27eJLX/oSjz76KJlMRi6GLC0tyc1ZkeQhhGP94oiiKNx777188pOf5LOf/Sz33HMPmUyGubk5EokEer2ebdu2NWz6amhoaGhoaHw4aMqShcvlwuv1ym3PtWvXNsyr5XK5BisQk8lEpVKR1ShR/ZqdncXv98u2ZSqVktYqqVSKZDKJqqpym9RsNvOtb32LX/mVX8HtdnPTTTdx+PDhhsiwSqUihZto4YrriUQipNNpOjs78Xg8OBwOEokEdrudp59+mv7+ftavX8/999/Pb//2b6Moipzds1qtsjWbyWSoVCoN1bx6SqVSw2yiQCyDAHR0dEibk1tuuQVVVYlGo9KCRiylmM1mNm7cyOTkJLVajWAwKJMqDh8+zN69exkZGSEej3PXXXcxNjbG7bffTiKRYGFhQXr3aWhofDDZ9ucfx3NNx6XdqQa1SpVqqUo+lCYfTJFbTJEaDxM+PEMxmmvOxWpoaFwxmiLwTpw4AYDdbueLX/wiy8vLsqUqfOhKpRLFYpFarSZnyUTVS7RqOzo6KJfLxONxOacnormMRqNsa/p8Pubn5zEajUxMTPBnf/Zn3HLLLbS2tmIymTCbzaTTacxmM4VCocGAuFwuk81myeVylMtlyuUysViMWCwmlylUVaVWq/Gtb32LX/7lXyYQCODz+bBYLFitVpaWllBVVc60Wa1WadMitmfrPe9Wp15cbMFiaWkJi8VCIBDA4/Hw0EMPMTc315CGUa1W8fv9UtyK57Zlyxa2bt1KV1cXvb29uFwustks2WyW1tZWlpeXZU6tFlWm8X5C7fey/a/ulsehA1Oc/tIzV/GK3v/oDHr0RsOl39FkwKCAyWHB0X/B8LxWq5EcDbHw+Cjz+85Qq2g/IzQ0Pog0ReDZ7XaCwSB79uzhzJkzsj2q0+nIZrNkMhmZJStmxoT1iZjHc7vd0uJjYmKCSCTC2rVrG8yQi8UihUKBbDYr59/K5TKJRILvf//7FItF2trapB+eWPKIRqMAsi1qtVpJpVIA+P1+gsGgFKDivplMhlQqxV/91V8xMjKCwWBAURSZs6vX60mn0wDSkkV45ImKoWi/ispetVqlWCw2PB8hBjs7O9myZQstLS3s37+fhYUFGT82NjYmBaKiKJw7d47e3l7y+Ty7d++mv7+fbDZLW1sbHo+HaDRKMplEr9cTCAR47rnnmJ2dpbW1VYpYDY33AzqDHpPjgvm20Wa6ilfz04lOp8M17Mc17Kfn/s2M/f0hlp+bvNqXpaGhcYk0zQfPZDKRSCRwOBxks1lisZj0xnM4HCSTSZk9m06n5RxZoVCgVqvR3d3NunXrmJmZYdu2bRw4cIB0Ok1LS4sUh2IGTZxPCCqxCZvNZmULNJfLSVFksVgoFotks1mq1ar0w1MURV6L0+mUqRuRSES2iCuVCs8++yyqqhKJRGSOrRB6AmHLIiLTKpWKjBQDZBWzfvlDVDFFXu6tt97K2bNnOXfunBR94jUzGAx4vV4MBgNGo5HNmzdz11130dfXRzKZxGaz8dRTT5FIJOjt7aWvr498Po9OpyMajeJyuWhtbeXpp5/m1u3NeBdoaGhcDUb/5kWK8bdvseoMesxuBYtfxdrmwL0pgNltbbiNrdPFlj/+KOcfOsrEPx5p1iVraGg0gaYIPJ1OR29vL9lslrNnz9LX1yfblUKcidk2MU8m5tbE0oDFYmF8fJzR0VFCoRAtLS10d3ejqiqTk5N0dXXJJAsxuyZm98R2rJjnE3NtQuzpdDoURZHZrQAtLS3SdBlgcXERk8kkRVGhUCCfz5NOp2VahtgC1ul05PN5aawMNJxTVOXEMka9PYq4nbgucZtarcahQ4dwOBx4PB56enpk9bJWq+F2u+np6ZHP32g04nQ6+cY3vsF9991HPB5ny5YtfP3rX+eee+5haGiIP//zP6e1tRW9Xs/nP/95Dh8+TDyuOcdrfLBxbWhDrWsxLj0zTjn907s8FDowRW4x9a7u61zno/Pjw3TcOYLeeGEHr/8XrsVgM3Hu/ztwuS6zqfhu6MPsWRGr1VKFxcdHr/IVaWhceZq2ZNHX19cw+wUriRaipSosPUSkl2hVCqPjXC5HoVBgYGCA3bt3U61WmZqaAlaE0Llz52htbcXtdmO322V7VMzmCesQIfbE/WDFhy4ej1MoFDCbzVJ0Cn89k8mExWJBr9fL1rGotsGKGMzlclIcCVsSIRbFAoUQfkajUVbwRItWzAAK4bfaA3B0dJTnnnuOu+66S1YB8/m89LTLZrOcP39eZv4CxGIxRkdHOXToEDqdjhdeeIGWlhba29t57bXX6OnpQVEUbr/9diqVCvv27ZOvv4bG+4HcYpKT//Mn8ji/9PZCJXDrIN2f2iSP4ycWfqoF3nshORoiORpi+nuvsvmP78AxcEE499y/mciRWSIvzV7FK3xn9P3nrbiG/QCUUgVN4Gn8VNIUgfeFxMfgldWfbeETjIADeK7+88MrfxkA6+t/AOLAscZH2MaW1z/qW/kruuoUS291VX0X/3T59b9zrLwa3ovcxlz3ed/rfzte/9MsDsAtvb8DJ18/tt8Em1//eO1Fbj8KjIb4be6DJ1Y+dS2fgDTU/uc4XUAXIwDUDo+TAn6Le8F5kW+VhsZVopwuEnxq7Gpfxk892fkEL/+3H3LtX9yFc51Pfn7kN2/kwM9/j2qh/Bb31tDQeD/QFB88DQ0NDY0PNuV0kVNfeppq+cIWrbXNgX/vm/yyrKGh8b5CE3gaGhoaGhclMxVj8clzDZ9rv2PoKl2NhobGpaAJPJZixFgAAB7VSURBVA0NDQ2NNyV0YKrhuOXaTvTmd+G7p6GhcUW5ogJPZ9TTfsda+n/hWnw39IKu8euerR2ogy0Xv3MdRtVM989uouuT6zE5LQ1f05n0BD6yFnuPB1uXa6WdoHuTB9LQ0NDQeEuix+Yb2rQ6gx5bl+sqXpGGhsY7oSlLFm9GrVwl+JNxuu7egMFipOuTG6gWyxSjOdR+L7VaDVuni9RYmEIki73XQ2Y6jr3HTT6YIjUewdrhIDuXwORUyC+n8d3Qh95koFosEz8VXBF3XW78N/SSHAsD4L+xH51eh7XDycJjZ7UYHg0NDY13SCVbIjUellupAPZuN+nzq7fcNDQ03k9cUYEH4FrfhkExEvzJHL7re/Bu7SQXTDH9vRP49vSQnUviWNtCMZbD1uHEaDURPb6ATg8dP7OOzEyMzHQctW+lQjf1L8dxrG3FvakdvdlI7Ng8OnSgh/R4hK67N1CM5cgvpWnZ7sS+xq0JPI0PHQabCZN6oZpdzhQpZ967VYjJpWCwrPyYqORLlJLv3VbHqJox2szyOB9Kg/AI1+tQWu3ya+VsscHyxORWMJgbf2wZrI1pF+YWG5X8W295VgplSon8u3wGK8/Buc6PvceNvduN4negN+upVaFaKFOM54i9ukjs+AKFcOZdn+f9Qjnd+H23+NS6j+0N3p6FUHOeb/17sf489ecX6E11LWQdKH6Vt6OUKlDJvftsbovPjnNtK7ZuD/ZuN2avFb3RQK1SpVIok1tMEXtlgfiri5fl32bDuVvtONf5cAy2oPZ5MdjM6PRQLVUphDOkJ6Okz0dJjobe9XPUmfRYPBeSj4qJ/FtuU6t9XtR+L7ZuN/YuN0bVjM6gp1qqUC2USZ2PEDu+QOLMMrWyFofXDK6owDPazay5byOleJ6Oj63D1umiWlpJgOi6ZwPVQplyNoXeZKBl5xrqgiFIjobouHOY4DPjAKQnY2TnEvj29mHx2qiVKxSjWXw39GG0m8mH0jjWtZKZjqL2enCtb2t4PA2NDxMtO9aw5Y/ukMfBp8c5+cdPvefHve5rn8LatuIHlD4f5eDn/vU9P+bmP7yDlu1dABRjOZ699yH5NcWvsve7n5HHc/te48xfXPBV2vw/bse7tfMtH3/7X37yba9h+YVJTnzxiUu6bsWv4r+pH9+eXtwbAw1GwBej6671AMRPBxn/+kvEXlm4pPO9n6gUKg3H9c990xdvw7OlQx4f/KWHSU9ELu8F6GDXN34W5XVhGX1lgaO//h8A3PAvn24UdKswqRb2/ut/fttTnPu7Q0x/99JMo9TBFtpu7Md3Q29Dnu+b0fvAFmrVGkvPTjDxv4+QnUtc0vnq0Rl0+Pb00nX3BrzbOt8gci9GJVdiaf8Ecz86S+JU8JLO5xr2s+Nv7pHHJ/+fnxD88QVLI51BR8v2Nfhu6KV1d0/DL2oXo+3mAQDK2RKz3z/F1HeOa/6Vl5krKvDKmSIn/6juPx0dDb+5U105CL0wdWFu7vWve6/tJD0ZJTMdp1ooM/EPRy76OMsvTF54zHpWPZ6GxoeJyJFZquWq/I+3ZXtX47+vd4E62CLFHYDa70UJOMgH311KAoDeYsSzuV0ehw/PvPsLvEKo/V56P72VtpsH3lbUXQz3hgDbv/JJxv/3S0z+87G3v8P7kWpjhaVWvfDGmtt3pkHgdX1ihLN/9cJlPb13W6cUdwCLT1xd4+KWnWvo/fRWvNd0vP2NV6HT6wjcMohvdw+v/tGPCR/8/9u7z+i2zvMO4H9cTO4BENwURZEitfekFSey7HhmOE7SjBOfJCe148YZx0nb+DRpmpz0JG1zmqYZde0mjU9cO3FGHdm1ZXlpD4uSLFlb4hJJiCAJcAAg1sXtB4gX94IkCJDguvz/PvGCFy8uSYB48L7v8zypvwZyl9mx8vGdyKrMT+l++gwjyu5qQNldDeg91o7z/7xvyjPMgsWAinuWoepjq1X/L5JlyDRi8afWofjWGpz865cw3DU4peuhmBlfojUXZaFoezXcZ7rgbXEju6YQRY3V8F3vR8/hNkSCNz8pxr0xuZo6IYkSshblY+hyLwrXlyM44AckCRklOehr6kRR4yKEPUEMOwbhux73yYiBHWmY6Auh/6xDnt0y5lqQW2/H4EXnpMe0b68efdst1Wj//dkxzk5OwZpSVQZmz5G2SY813Sz2bNQ/uh32HTWjvhf2BqPbRdr7EXQNQxIj0Bn1MOaYkb+qZMw33trPb0bQ5UPnSxdn4vLTSp9hUh0rl/m6911Dw5cbYcy1AABKdtXh8i+OxP6Xp4GyNIvoD6H7rea0jZ2KvOV2NHx1B3KXFo36XsDlg7e9H77r/Qh7ApAigGAUYLZmoWBtGczWTNX5eosRa753J449/Ad4riY/47nks5uw+NProNOrP2z4e70YvOCM7mF3+QBJgj7DiMyKfGQvLkDeimIIhthrz7alCtt+9TFc+NG+Sf0+dYIOVR9ZhZoHN8h/+xFSRIK/ewieNjeGOwch+sPQCYDOqEdWZT7yV5XCkKneWpFZkYf1/3Ivjnzud4hMsMWCkjMre/Byaq0Qh0PwtriRVV2A4a5BGPMyULKrDoJRD8Gkh+96P3Ib7Ai6fHLCRdgbRKDXh/yVJcitt8Px6iUY8ywoe389wr4Qyu9uQPdbzZDCEdh3LIbOIMB9qgsFq0sxdK0PZltWtC/h3ivybCGRVvQebVctX9o2V04pwCu6ZXSAV9Q4tQDPurlS/joSFtH3dmptr5q+tntUVnz9lxpVrcoOP/hbeNvdiQea4OUvGAQ0PvMJ1dLf0LU+OA+0wHmgZcIlSLM1E8U7a1H30BbVm+rSR7aje1/zvFuKis+a9bbFfr9SKIKuPZex6KPRVjvGHDOK31sDx6vp6UgiWAyqINt5oEUVYL5++5OjnhObf3G/qlXZWx/41cQPNMFzIm9FCTb97MOx/YZiBO4zDjgPtKDnYCv8Tk/C+2dV5aPy/lWo/NCK2M9mELD8sffg+Bf/NPH1Aaj/ciOq7l+lus11qhPtz5+JflhK8DMY8ywo3VWH6k+uhdkaXT415pix6tu3Q5L2wrkvtSBv2Vd3qPa/hn0h9B1vh/NAC3qPtifcZ6jTC8htKELdQ1tVM/qZZbmo+fR6XH3qeErXQmOb0QBPZxSQWZ4LfYYRZlsmzEVZgARExAiGuwZg3VwFT4sLoj+EwvXlcJ+5oUq4CLh80Jv0CA+H4TrVCUjRfy6BXi9s2xZhuGsQZlsWdHodJFFC2ONHya46SGIEBbkWREIirv/xLIM70qTeo+1Y+sVt8rF1cyWan26a1FjmoqwxZynyV5XCkG2adIBi2xQL8PrP3oDom8SG74levpKUlhl7wahHaCiA9ufPwLH3MoYdyS9NB/p8aH/+DDzNLqz57h0wZEVnwAxZJhQ1VsOx5/IEI8wd+gzDqCQFT4s6g7Zz93k5wAOA8nuWpS3As+9YrJrt6XpljN/dhM+JqV/HyPK8r2MArc+dhnN/c0pJR972flz88QH4Ogew9JFtcqCYt6wYmeV58HUm3o9X8+AGVXAnBsK4/PMj6HjhXFKPHxrwo/0PZ9G15xLqv9SIsjvrAURn4lb93W045QnA1dSZ9M8zEty5TnWi7XfvoO9EB6RQcskSkhjBwLlunPz6i1j5+E55Px4Qna1lgJceM1sHTxBgyDQh6PKhYE0ZBIMAnV5A8XtqYNu2CO7TXciptSJvWXF0+RXSqISL0FAA2dUFyF9ZIn9q87S6YcrPgL9b/QlKEiPRTCsJGDjfDYjp+cdPNBd529wYdsT2r+Qts8OQbUpwj/EVNcZm70JDAUg3X4CCQYBt26JJjWmxZyNrUYF83DuHl2clScK1X76NAx//DZqfbkopuFNyNXWgOW7f3Xxr9VV0y2LohNgUma9rcFRg423vh/uMQz4uWFOWtlp5ZYrlWb/TA9fJjrSMm6rggB/nfvgmDj/4HDpfvDDpjPL2589E95krFE3wnChYW4Yln90kH4uBMJoeezHp4E4p7Ani3A/eRNvv3pFvE4x6rHz8tlEZ6YkMXe3Fia+8gKav7UbvkfakgzulSFDE2e+9htBgLKPdYs9W9T+myZvRGbxIIIyrTx2HziDIadHDjiFVc3G5avrNQGyshAvoLqUWqN1M4Eh1Cppovuk92o7KD68EEF0GKVxfDuf+lpTHsSuWZx17LyNvebG85GVvrFZlzyVLuTwLAD1H526ChSRKk579jOfcdw1LH94qHxdMYmP+bCq/u0F17Hhl7ASHzhfPq5bbyu9ZhitPHJ3SY5sKM1G4PrbtwLH3yqx9SPe2utD1cnqSO7r3NasC/cJ1ZeNn8Ao61H+5UT6UJAnnfvBmylmw8S7//AjMtiyU7KwFEN1WUPOZ9bjyxLGk7u880AL3O46JT5yAJEpwHmxVPc8K1pZh8FLPlMde6GalVVnCmjcSRr+A429L9QXOJVlaIHrjgibrpspxzhyfPtOoyorsOdiqmnGwbq6EbhLZpMpr8XUNwtfen/IY89GwYwhDij17yhqAc13JbbWqfZ1SRELny2MniXS/1YzQUGxWq+zO+lGJAKkqvb1ONUbXLGfPpkvP4VZIYux9cGQJfywV9y1XlWC58fpVdL95LS3XcemnhxBWbJOoemA1LCWpZ8JOlfOA+kPofHqNzGXsRUukIa5TnRAVxUfjZ82SYdtSJScXhAb9cL/TBeeh2D9gQ6ZJNauSFEGnus9cXp6dDspSFDpBB8E84/ltKRvJGFW6/qd3xy1kHAmKcLwa2x9nKshAUePklvNHKLNnBy50a+ZDgegLqYpx6y3jPx8q718pfx0JiWndnxZ0DaP12VPysWDUo3RXXdrGT1agT/2c0mfM/dfHfMAAj0hDIkExmoB0U0ZxDrKqUquVpdx/13OkHZIowdvihk9Rn6pojBIqieQts8OYE+u00Xt0YQV48SVDlHva5hwdUPr+pdjwo/tUfzPv9f4Jl1w7dp9XHZffu3zSl5FdU4icJbGZqzGTK+Yx5QcxnTD2W3H2EiuyFftWu9+8NqU6lGPpfOmivMcWAIrfO7os0HQbVVJnLr8+5hEGeEQaE184NZVZPJ1egG1LlXysXDrpORRbpk11ZkZ5DeJwCK553NVhcub+NhFTYSbK72nA1icfwMpv7lRtuA/0+fDOt/dMWNvO2+pGv2JvmHVjBSzFE7cJG4ty9i4SEnHjjauTGmfOSuIpMbI/bkT8UmY6BF2+aBLiTTm1trQlyCRt7r885iXOgxJpTHR2LLa0Zt1UmXTtuoI1pfKsjRgIq+rU9RxqlUthWIqimW7JboRWlkfpO9k5qYw7Sk7VA6sR8kyc4anTCzBmm5BRmouMkhxkVuWP2e7K1zGApq+/mPTMUcfu89EqB4jOVJbd3YDmX51I7YcQdCi9PbZU2HOkDeGhqfdBnm8KN8S2NYiBMHqPp1Y3Mlk9h9uQv6JEPs5bWTKlNmo0NzDAI9IYf7cHnlYXsqsLAUQz0gSTPqnOAsrl2b4THapm4v1nHQgN+uWq9UXbq5MK8Aw5ZuTezMAFFt7+u5mmLPo8FZGgiLbfn0HLb06mVK+w+81rqP9So/xBofyuBjT/94mUZmkK15fLxXiB8TN3tU65vcLb5la9HtPJ26be25hqCzSam7hES6RBymVavdmA/FWlCc6OUXaviF8OkkRJlaU7VqeLsVg3Vqj2nMVn+tLc4u3oR8szp3DoM8/h6n8eS7kYdSQowrE3tl/OYs+GbXNVgnuMpqx9F+wfRu+x6Zm5msvMtixVNulEhZCnYjhu7MzKGV6ipWnBGTwiDeo92obqT6yVj21bKuFqSlwgNrvWKjcLl8QIeg+3jjrHeahV3huVs8QKS0nOhEt3yvIoQ1d6p9zcnBIbuNCd1GytFJEgiRGEBgLwdQzA19mPwSu98LZM0OYtCZ27L6i6LpTfG21unwx9hkFVI87x2hVVSZGFIj7I8nUOjnPm1CkTqIDRrelofmKAR6RB/e/eQMgTgDE7ukwWDbKOJLyPXbE86z7jGLNSf9/xdkSCIgRTtIxK0fZFuP7HdxOOa91UIX/ds8CyZ2fD2e++NunOG+niaXGh/9wNeV+XbVs1TAUZCLqHJ7yvfUeNKsFjoS7PmvIzVMehAf84Z05dJBBGJByR27GxDp02cImWSIMkUYLrRGzGLntxYbT3cwKq8igHR8/eAYA40gf6JvstiVssZS0ugKUolkUZn+FL2tWx+4L8tWAQ5N6nE1Fmzw4192Hoal+Cs7VLMKrfnhM2CEgD5SzpZAqZ09zDvyKRRsW3ArNurBjnTMBclIXcpbH+j86D45djUJZLyV9dmrDfrTJ7Ntg/jIEL3eOeS9rS/cZVVWeL8nuWTXgfsy1L3Zpsgc7eAQDiauMpa9VNC8X4Y2VT0/zDAI9Io/qOtaveFBLVw1PO3g1e6YW/2zPuuT2H2+RxBYO6bl485WP2Hb/OelcLSCQoqvqMZ1bkTdiHt2RXnZyQI4kROF5LveexZkTUM3bTHnQpxl+Iex61iAEekUYF3cOqMibWDRXAOO8RdlX2bHPCcQO9XtW442XTCia9KnuX++8WntGdLRLP4imzZ/tOdCDomnjPnlZF4pZkp3vZVFCMHwlNnKRDcx8DPCINU5YkMeZakLfMPuocfaZRNbPSc2Ds/XdKymVa2+aqMd98CtaWQX+z56okRqIzeLSgeJpdqi4J9h2Lx13Sz661IrumUD7uWsjLswBCA+okJ1OeZdoey5hvgU4few37x+k3TPMLAzwiDYsvKqwsWTLCtqUKgiGaFevrHICnxTXhuMoAz5BlGnPpTflY/ee6EfYEk75u0g7lLJ7ebFAlUSgpZ+9CQwHVc2whiq97N52lSzLL4kqytE+9VA7NPgZ4RBo2eKlHVZpirH14yv13znGyZ+N5ml0YdsRqZ9nHWKZVPlbPYS7PLlQ33riGsDcW3I+5TCvoUHJbrDVZ91vXkqrlp2X+7iHV7yCjfPoCvIzyXNWxt71/nDNpPpmWOninv/HZ6RiWiCah91i7XKIir8EOQ7ZJnk3T6QXYtsaSJHoSZM/Gcx5qxaIHor1pi7ZX4+KPD8rfMxdlIXtRQewauP9uwYoEwnDsvYLKD60AAOTUWJHbYMfgRad8jnVjBczWTPl4oS/PAgCk6Cxe9uLosnVWZV7SLQdTNdI7eIQnDcWuafZxBo9I45TBlU4voHBDrFxKwdpSuRhy0D2M/ndvJD2ucgnNYs9GTp1NPrYpZu+GbwzB28o3jIVsomQL5bKtt6MfA+dYTgcA3Ke75K/1FmPCUkdToZzFDw0F4H6nK8HZNF8wwCPSuL63O1QZecrgS7U8e6g1pTIm/WccqjpnyrGU++84e0eea30YUMzYleyshT4juoCkzzCqlvgdey6Puv9C1b1PndFuf09N2h8jb7kdFlusCLrzQMu0F1WmmcEAj0jjwt6gamZOGXypulccSH55Foh2y1AGb3KrM0GnmiVk9woCgE7FLJ4h04iSnbUAAPutNdBboq3JJEmC41UGeCPc73Sp9tAWv7cGZlvijjSpqnlwo+r4xhtX0zo+zR4GeEQLgDIQs9izkbWoANm1VmQU5wAAwr4g+k52jHf3cfUcio2bU2eDxZ6NvAY7jDnRZV8xoG5tNiP0rMI/Fzlev4qwT5FscbOzhTJ71n26K2GR7cnQzefngxSXhWwxovYLm9M2fMGaUlWh8oGLTlWLQ5rfGOARLQC98W3LNlfGZtwQTcSQQqkvy/Qea1cVRS1qrFZlz7pOdk57NqToD6uO45u009wQ8YdVnS3ylhfDurlSVWInXckVyueE3myAYJmWfMIZ0frsKQT6YnXpSu9Yqpp5nyxTYQZWfHOnfCxJEi7+28EE96D5ZkrP+ue++750XQcRTSNvqxvDN4aQURKdsbNtqYQxLxYI9SRZHiWeOByC61SXvK+v6JZqGDKM8vdnYv9dsF/d7cC6sRLuU9wkPhd1/Pk8Kj6wQj5e9a1dcmsycTgE5/7EXVSSFVI8J3R6AYXrykfVhJwvxOEwrjx5HCv/Nvp+q9PpsOrbu3Dqb/5PlYSRCkOWCWv/8S75/wEAdL18CYMXnAnuRfMNZ/CIFgjlLJ51YyVyb2a9RkIieqbw5qfMprVuqEDe8uLYY87A/jvnvmZIkVh2SOntdTAXpXefEqXH0FV1ssXIUj4AdO9vgTgcHutuKet+Sx0oLvrYaggmfVrGng2OVy6h86UL8rHebMD6f7oH1Z9cCwipLUHnLS/G1qceQF5DrKuN63QXLv74QNqul+YGBnhEC8R4s2muU10QfaFJj9tzeOzZP0+zC35nevdTjcXv9MB1MrbPz2LPxqaffBDF71sC4xjtnQxZJti2VCG3YXTbNpp+nS9eGPN2x5701b5zHmpRZXgXrivHuh/eDevmSgjm0QtXZmsmincugcWenbZrSLfzP9oPp6JOpWDSo+4vt2LrUw+g4oMrxm0BN6JgbRlW/8Md2PTvH0RGaayw8eCVXpx+/OUFX1hai+bvxgQiSonrZCfEQFjuDzsileLGYwn0eDF4qQe59UXqcWdwSaz1f06hYHWpPEuTUZqL1X9/OyRJgv/GEMSgCL1JD0OWCYZsM3SCDpf/46iq2C7NjBuvX8HSR7bBkBkLSPxOT1qTcaRQBC3PnMLSh7fKtxWuK0fhunJEgiL8PR5EQiL0GUYYskxyLci3H/3fGflQMikRCWf+YS/qHtqKqo+sgk4XnbnLqbFi2dd2oP7R7fBdH4C3zQ1/jxdSRILebEBWdQFyaq3yz6jUtecyLv3k4JQ+4NHcxQCPaIGIBEW4T3epsuYkSUq6PVkiPYdaRwV4M1n/znWyE02P7cba798JY25s1k6n06lmK2j2icNh3Hj9KiruWy7f1vXq5ZRqMCaj7bnTEH1BNHzlFuj0scUqwaRH5jS2/ZpOUiiCyz89jJ6DrVj+jVtVP4dg0CN7caHc+SIRf68Xl35yEM79U/twR3MbAzyiBcR5sFXVlmjwUg+CLl8axm3Boo+vkY/D3iD6J9ONQJJUfUvFQPJ7svrP3sCxh/+I8rsbYNtahZxa26hzIkER/ee70ff2ddWeJiAaeIw8diTNhV6VY0elL5qJH1tKc6A0HXwdA6pjxzS1Juv483kMNbtQensdbFuqVEkFI0JDAfSfdcB5oAUDcUkGYW8QgjE6KxweTu8sV9gXhP5mdm94ODjB2Wru01049OlnYd1YgfL7lqNo+yIIhsR7DCUxAtfJTlx/4Tx6j7RCElN7okhiRPU8S+eSrhSJGzvA5eJ00K3fvG0e/Dsgmllv7n1lymN86sHPIRQMIhAMIBgI4DvCX6ThyihZZmsmLKW50Jv1kEQJYV8Q3lY39xrNAVt/+VHk1FgBAP3nuvH2X/1pRh43syIPpoIMCCYDIsEwQkMBeNvcaZ89nGk6g4Csqnxk11iRVZkPwWKATgeIQRF+xyCGrvbB0+Licz9NvhN5DiazGWaTGUaTCc/8+pdTHlMUo3+bgoIC1e1NTU3YsGHDpMbkDB4RaVKgz4dA39RnJym9cpba5OAOSG9yxUR8HQOjZg+1QApH4Gl2wdPsmu1LoTmEAV5CZdh02x3Yee92NC5fCsu1J3DHI8/O9kUREc1b5Xc1yF9HgiJbYxFNEwZ4iXzim/j+I/XwXziLPtGExbN9PURE85jOKKDktlr5uOdwK8Ke1PafEVFyGOAl8uyjuOPmhN23fnuYAR4R0RTYG6tVWc5dM7g8S7TQsNAxERHNiHJFaZSAy4e+49dn8WqItI0BHhERTbu85XYUri+Xjx17LqVcqoOIkscAj4iIppVOr8Oyx26Vuy9EQiKuv3B+lq+KSNsY4BER0fTRAfWPNiJnSaw0SvsfzsJ/Y2gWL4pI+5hkQURE0yKjNAf1j96Cou2L5NuC/cNofrppFq+KaGFggEdERJMmmPTY/LMPw9PmRtgTRCQYhmAyIH9FMXLq1O3iIuEILvzrATa3J5oBDPCS9L2Pb8f3ZvsiiIjmGp0OOXW2UcFcPNEfwpnv7EXv0fYZujCihY0BHhERTZ4kQQyEoTeP/XYSCUfgaupA869PYOC8c4YvjmjhYoBHRESTFgmK2P+Rp5G/sgS59UUwF2VHG937w/C0uODc34zQYGC2L5NowWGAR0REUxL2BNF7tJ3Lr0RzCMukEBEREWkMAzwiIiIijWGAR0RERKQxDPCIiIiINIYBHhEREZHGMMAjIiIi0hgGeEREREQawwCPiIiISGMY4BERERFpDAM8IiIiIo1hgEdERESkMQzwiIiIiDSGAR4RERGRxjDAIyIiItIYBnhEREREGsMAj4iIiEhjGOARERERaQwDPCIiIiKNYYBHREREpDEM8IiIiIg0hgEeERERkcYwwCMiIiLSGMN0DPrQFz4/HcPSNHniyf+a7UsgIiKiNOIMHhEREZHGMMAjIiIi0hgGeEREREQawwCPiIiISGMY4BERERFpDAM8IiIiIo1hgEdERESkMdNSB28ikjQbj7ow6XSzfQVEREQ00/4fWJuU0sCZ0+AAAAAASUVORK5CYII=" alt="" /></p>\r\n<p><img src="data:image/png;base64,iVBORw0KGgoAAAANSUhEUgAAAZsAAADxCAYAAAAdgBpwAAAgAElEQVR4nOy9eXBc93Xn+7ndt/e9GztArCS4rxJpUhS12aJtObItK3qO5DgzdjJLbFfNTE2cSVLz8jJ579XUTPLsTE3GysTOYsUpe8aRY4tyRMuyRMmyJEriCnEBCIDY0UCj0fu+3PcHeH5skLQsy7JI0/dTxbpooJcLoHkPzjnf8z3ax//wFQMMQKPx+P/9yzVYLBasVitWqxWLxaL+aZoGoI5XYhjGjz2+2ceGYVCv12ltbb3m875dqtXq2z6ffD7/jp/Pl7/8ZQD+4it/844+r8nPxq/94XPX/PyOP/nxv6emfT30/fouTv9fT1NayoEGA/98N7rXjrc/zOiXj5I6uwhA23vX0nrXAEP/7w/oODhI5D3dnP6jp7E6dLb90UFm/+kcC8+OAWBx6mz7o3tZfH6cuaeGV72mf30zG//9HQz938+Qn05d/oIGa39zD45mL2f+y3NQX3k/Y9Foub2Xtf/yPVx87BjzT1/AOxBh8+/exbkvvEB6OKaeoveRHbg7A5z7wgsYNYO+39iFuzPAmf9yRD1f969uJbitnaH/9H2MmqEea3XZ2P7HB4k+O0r0B6Ns/r27yU0lGf/q6yuXlobzXPev9mIPOBn+85fY8n++96f7Pn8CJz//qWt+/ht/fPdbfo6bjee+f/hnfo5P/LNPUymXKZVLlEsl/sjyaz/V4/XL7wKJOcab3d/ExKSB7HgcTQNPT4jSUg7dY8c7EGbqH4aw2K0ENretBBsNglvaSJ1boF6s/kyvWa/VL/1fvcYfe5pG03vW8J5HP7Zy26JhDzqp5spcfOw488+MApCbSpCbStB0Ww/pkRgYoPschHZ0MvPEmVVB5K1i1A3q1TpoGvaQC1e7j5lDZ1cHGgADkkNRej6+HZvf8fa+T5NfOHQN7XI+oxnIbRMTk59MKZ4nP5MisLmF5WMzeLqDaBaN7MVllk/M0nrnADNPnMXq0nF1Blg4MvbzPSHDIPlGlLG/eR0MA6NuUEkXKS8XVt+tUmfh+Yv0/B/bmPnOGcrLBXxrI1h0C6mzCz/zaegeO5rVQiVVvObXK+kiVoeOxan/zK9l8ouBxTCMlTflpcxGbpuYmPxkjGqdxOl5Ahtasbp0ApvbyE4kqKSLZEaWsPkduNp9uDsDYBjkppI/93Oq5ipkLy6THV8mN5G4KtAIyTfmMWp1glvbQYOmvT0kzy5QTlz7/j8Vcgn5MVmJZtFWrjX1n/2lTH4xsGiaBhpoXDpqrKQ5JiYmb4nU+UXsQSfuNUECG1pInJwDAwoLGUrxPIGNLQQ2tpCfSVFOvgMX8neISrLI8rFZWg704Wz14V/XRPzo1NVlr7dBNV/GqNWxB53X/Lo95KZWqFArVH72FzP5hcCiMhp15B15s5mY/LJQnM9QyZRo3teD1WUjOxYHVkpVyaF5wrd0EdjUSuL0/Jv+3/pxgpufJ7GXJ3F3+Gk/uI5qvkxmNH6tM/upn7e0nCc/mya8qwssqx+v2Sw0vWcN6eEYlUzpbZ65yS8aFg0N7VJm03g0MTF5a1TzZVLnF+n80EaKCxlKDWWo5JkFfOuacHcGyFxYuubja6UqtUIZd3fwqgvzz5vcVIL8bIqeX93G8vHZqzKN8nIBZ4sHm9f+Uz2vUakz++Q5mm/vpf1969T3pdksdH9sK56+MLP/dF4pQE1ufvTLv+wrjyYmJm8JA5Kno3T9yiaWT85dlhwDhdk0pViOaq5MMZa99sMrdaa/fYYN//YA7fcOUi9WufDlo+/OqVfqxH40gX+wmeVjs1d9fenlSZpv62XvXz1ErVhl4bkxKulrN/2vJHFyjpE//xEDv7mHgd/cTTlRwBF2kxmPc/a/HCE/lTQFAr9E6GYWY2Lys7N8bIYXHnzsqs/XChWO/86TV31+5omzzDxxtuHxs7z0G99A99ipl2vUyzWWXp685mtlR+Mc/VePX/0FA0a/8upPfe6OZi+p84vkZ6+eZSnF85z8g6ewunQ0i4VqrgzA1D8MXXXfeqnKyd9/atXn4q/NEH99BkeTB5vfSSmeo5K8HKzqxSonf++pK58KeJPv0+QXEl2N17D6aHLz4PV6efCBj76txz7+j98mm732X+Qm7zAGVLPld/UldZ+Dpj1rmHnyHEb1x0vDaoWfYTbIgFIsRymWe/vPYfILj35JhAYNEzZmsnNz8asf+yj/7JO//rYeq2nwt4997R0+I5PrjgYWh073g1tBg8SJq0toJibvJA2ZjWFmNjc5/+PR/8no2FsbKlw7MMBnf/tf/ZzPyOR6oHvsbPz3dxDc1k52fJmRR1+hkjZVYSY/X1Yym0tRZtXR5KZjdGyM0bFxBvr7WFhYJLqwwNqBATwe96r7jY1fvE5naPJuUM2VGfrjZ673aZj8kqFfJUIzA81NzdqBfr74p/+Vr/7d1/jbx77G5z7zr9m+beuq+/y73/nd63R2JiYmNyv6VcoAs452UxONLvDVv/saJ0+dBuDw957m5KlTV92nre2ddbo2MTH55UZXlgGGtvpoclMSXVhY1fA//PT3r3k/M9iYmJi8k1yaqNLE9hl12+SmRBr/33v6+xx++vt87jP/moH+/lX3+R+P/s/rdHYmJiY3K5fHd5Upmhlobnau9OC6Hp5cJiYmv1zomrayUWDlqCG3TW5ORsfG+Lf//vPq9p9/6S+ueb8d27e9W6dkYmLyS4BuXMpojEu9GjPQ3Ny0tbby/oP3cur0aU6eOs0HDt571drr7/2YPo6JiYnJ20VfCTEaq48mNyttba3889/4daVI+8D7D14lfT51+vR1OjsTE5ObFX0lsBgYl8KMYYabm5rRsXH+3e/8LtHoyurfP//SX+D1eq66z9qB/ms9/JeSPyx9FafTidVqxW63Uy6XqdVqlMtlrFYrNpuNarWKYRjqn8fjoVQq4XK52LVrF/V6HYvFQjKZJBAI4PP5iEQieL1eXC4XbvfKYG0ul2NhYYFCoaC+5vV6sVqtWCwWcrkcmUwGh8NBtVolm83icDjIZrMUi0WSyST1ep3W1lZqtRpnz55lamqKYrFIrVZD13XK5TJ2ux1N06jVatRqNQB17tVqlUqlQrlcplqtqvsYhkG9XqdaXfFJk3OyWq0A1Ot1Dhw4wJYtW/j617/O+vXryefz5HI59Zh77rmHkZERYrEYhmGwZs0alpaWeP7556lU3plFav/18596R57H5J3FsrKYcyWjaTya3HwM9Pcz0N+HYRi0trawfdtWPB73qoukYRgM9PddpVD7ZcbtdqNpGhaLhVqthtPpxGKxqM9J0LFardTrdSqVCvPz8xSLRUqlEpVKhUwmw+zsLHa7HZ/PR1dXF06nE7vdTr1exzAMvF4vpVKJUqlEOp1WF/1qtUqhUCCZTFKpVAgEAgDk83nq9TqFQkEFD7/fj91ux2azUalUqNVqaJqG0+lUQc3n8+H1erHb7ei6jtVqRdd19Q9WAo+maeqfBBWLxYKu62iaRr1ep15fMe+Un0c2myUej7Nnzx7S6TS7d++mUqlgt9vxeDwcOXKEO+64g6amJmq1GrFYjFtuuYUPfehDplDlJkc3GrMYU4x2U/O5z/zr630Kv5BIMKjX69jtdnVhdblcKquRi7vFYlFZTLlcJp1OMzc3h8PhIJPJEIlE8Hg8OJ1OlTVI9lIqlchms2SzWQqFAplMBovFAqCWjC0vL6vgIOdSLBapVqsqKEiwc7vd6kIvgUSyFIfDQaFQwGKx4HK5MAyDQqGggoe8nnzvwKoMp/FrNptNvfbc3By7du0iHA7zgx/8gM2bN+NyuVQ25fF4OHr0KPv37+fQoUNUKhWGhoYYHBzkgx/8IP/0T//0bv96Td4l9FVZjBlobkr+4Vvfvi6PvVmQv+6lXFStVtUFVNd1FRDkolsul3E4HBiGgcViYXl5mXq9TrFYxOFw4PP58Pv9OJ1OHA4HkUiEarXK3Nwck5MrO2zsdjvFYhGn00mpVMJms1Gr1bBYLJRKJRYWFtB1nWAwiM1mU+dSLpfRNI1cLofHs1IerVQqOJ1OdZT7+nw+CoWCKqM1lgZ1XVfZjWQwVwYiyYTl+wJYWFgpzyaTSXp7e3niiSdobW3F5/ORz+ex2+2sX78er9ernqNerzMyMsLu3buZn5/nxIkT78av1eRdRke5PWtmx+YmJZvNmmsCfgacTif1eh2bzYau69TrddWT0TSNYrGIYRg4HA5yuRy1Wk1dsGu1Grlcjnq9Tj6fp1AoqMdGIhGam5sBmJiYYGJiglqtpoKWruvqolypVFSZKZVK4XA4qNfrpNNpnE4nNpsNr9dLMpnE7XZTKpWYnZ3F7/eTyWRUUJQek9VqRdM0HA4HtVpNlf+kZyMlPPleJOBKWe7KjEeyOYC5uTlqtRq7du0iFosRjUYpl8uEQiHS6TQXLlzAbreTz+fx+/0qI5QSWyKRYGJi4jr8pk1+nlgud2q4onNjYmICqIxG0zRsNptq1EufRoJApVLB7Xav6udYrVZyuRxut5u2tjb6+vrw+XzqQl8ulxkeHmZ8fJxkMkm1WqVcLquAI30YTdNUk91ut5PJZMhkMipbsVqtlMtlvF4vLS0tOBwOrFYrkUgEn8+nxAGGYagelJTA4HKGIUFO0zTVLyqVSpTLZXW7sZQm2Y0EIU3T+NGPfsTOnTt5+umn2b9/Pz09PdRqNWZnZ7HZbJw4cYJvfOMb+P1+qtUqDoeDYrGoSmrNzc10d3ebPZybDMvKbI3B1UcTExNAZTVWqxWHw4HdbsftduNyuahWq6px3tiDkSzIYrFgs9nweDz4/X7VH5EANjU1xeLiIrVaTd3H7V4RbQQCATKZDOVyGbfbTVdXFy6Xi1KphNPpxO/3EwwGVVZyZRO/paUFXdfp6upS96nVahSLRaWoKxQK5HI5KpWKUppJsJTzl0xGkMDUeFsyIKvVSiaT4fDhwwSDQWKxGC0tLfT399PU1MTi4iJOpxPDMEgkEng8HqrVqgrS+Xwel8vFBz7wAT71qU8pMYTJLz4rmY12KaPRaDiamJjAShnN4/HgcrkAVCBp7IGIbLder6u/8uW+VquV+fn5Vc14TdOIxWIkEgmSySTpdJpcLkc+n1fBRqTTInGemZkhlUphs9lwuVwqwIiqrfF1JSil02kVuBozsFqtpkQFIk8uFosUCgWy2awq20nwEuEDXO5hNWYecj/J/ubn51m3bh2pVEqVHh0OB8lkUvVuUqkUMzMzxGIx9X2I0MLv97Njxw7+w3/4D3R1db1rv2uTnx86l1d1XjoaZtPGxKQBkQcDqmxWrVbJ5/OrLrr1eh2r1aqCiciabTYbhUIBm82G0+kEVoJQJpNRMyi1Wo18Po/D4SAUClEulykWi9hsNqLRKB6Ph2w2q0QH2WxWlegymYy62JdKJRUYcrkcqVQKl8ulZNlOp1NJskVYYBgG6XRa9WykbAYrkmb5fhoJBoO0t7fT3t6Orus4HA76+voYHx9ncnKSixcvEgwGmZ2dZXFxEU3TWLduHcPDw8TjcbZs2cLJkyfJZDJomkapVGLt2rV86EMfIhKJcOzYMZ544gnGx8dpa2vD5/MxOjr6js3imLz76MrxGRpWdV7PUzIxubGQi7f0ayQDEFUXoC7m0uAHlMpLAkFbWxuBQEAFr5mZGRKJBG63G6fTSSaTIRwOk8lkVKksk8ngdDpJJpMqKIj6SzIUQPVgyuWyep2lpSWVTUiGo+s6+XyecrmsSn9SJsvn86rJL6o6OX8Ar9fL3XffzSOPPEIgEODFF19kbm5OPf+JEyd43/vex8GDBzlz5gzPP/88Dz74IN/61rcYHR0ll8txyy238Pzzz/PMM88oKbT0per1OufOnWN4eBjDMFhaWlIlwQ0bNtDX18eLL75IOp3+sb8rs89z46JfbYZmpjUmJo34fD5VChKllqivSqXSqgs+oP76lpJZrVYjEAgwODjI3NwcbW1tFAoF5ufnlROA3W6nqamJYrGIrutEIhH1XJlMBrvdTigUUs15me/RdV0p4FwuF36/X8mZy+UyqVRKiQ5k6FLKbdJvEjGD9HWkdCdDrG63m0984hPcc889HD9+nEcffZRt27bx6quvkkgkiEQi2O12stksjz32GA888AATExOsWbOGb37zm5RKJTweD+Pj4+i6zp133snRo0dV/ygSidDb24vdbuf48ePMzMwQDAbZvHkziUSCWCxGOp2mubmZz372s/zgBz/g1Vdfvebvqq+v7114R5i8HfSVBo25qtPE5MfRmK0Ui0U1bCnuAPLXt2EYap5F+jqi7LLb7UxPTzM5OUkoFCKVSmEYhpr8l5Kcz+fDbrcDqL/g3W43+XyeUqkEoJrrgUBADVpKZpXNZpUcW4KH9IOkvyRCAgmYIgjSdV2V0CRwtrW18cd//MeEQiH+6q/+irNnz6LrOuFwmN/93d9leXmZkydPqmyrWCzi8/l4z3vew/e//326u7uZnp6mu7ub8+fPUywWyWazHDhwgGw2S7lcJpfLMTIywvDwMIFAQIkGRkZGGBgYwOl0Mjk5SbVaZc+ePfz2b/82kUiEp556atXvyWazkUgk3pX3hMlPz+XMRvVqzEBjYtKINNNzuRzz8/OqvCTyYAkOlUoFh8OxSs0l1jEOhwOPx8PevXvxeDxMTk4yPDyM1WolGAzS0dGBx+NRzXHxOpPSndfrxeFwqHJYMBhUF3eRRns8HqxWK7FYjFqtpqTK586dw2Kx0NPTg91uV7M0ktFI8JFymUi1t2zZwp133smJEyc4efIkhmHw3ve+l1KpxOjoKE8//TQXL15kcXFRCSicTieJREJlWaVSiY0bN3Lw4EFee+01vvvd71Iul2lublbSbIfDwfj4OIZhUKlU8Hg8Sok3Pj5Oe3s727Ztw+v1Eg6HKRQKfPzjH2d0dJQLFy6o34Xdbqe3t/f6vElMfiK6pskwp4ahGWq408TEZAXDMIjH48zMzKhyVa1Wo1QqKSuYxrkaKU1ZrVY1HBkKhYCVv76LxSLLy8tkMhmmp6cJBALKWUBeS6xxPB4PXq+XQqGgLsRWq5VEIkEmk1GeamKPU6/X0XWdarXK8vIy8/Pz+P1+WlpaVHCUrObKMpr8MwyD/v5+PvKRj5DP5xkbG6OtrY2WlhYmJyeZmppS59jT08PMzAxTU1PqXPbv36/mic6fP8/g4CB2u50LFy6oXtL4+Djnz5+nra2N3bt3s2HDBpLJJKVSiUQiQa1WU3NJkUiEzs5OJiYm+Ou//mslSNixYwdTU1OUSiWam5u5/fbbGRgYuM7vFpMfh66Gs1h9NDExWSGVSnHx4kV0XVcWMLlcTs3LSClLmutywdZ1Xc20JJNJotGoCkY2m42tW7fidDqZmppiaWmJ1tZWnE6nUoyJcWapVKJYLKqgo2kaTU1NLC8vYxgG2WwWl8ulhkXFYy2Xy7G8vExXVxfBYJBCoaCCi6jVRL0m563rOv39/Xzxi19kaWmJkydPcsstt+B2u8lkMgwNDbGwsIDT6WTfvn243W7WrFlDMplkcnKSSqVCPB6nUCjgcDhoaWmhr6+PU6dO0dHRQT6fJ5FIkM/nufXWWzlz5gwvvfQSt9xyC5/4xCd44YUXVJ+rtbUVj8dDoVDgq1/9qnLcdrvdbNiwgUAgwL59+zh16hS33347wWBQZZ0mNx5XbOq8fDQxMVlBrFNkDkSkyl6vV5XKGmdQdF1XXmbiFOB2u0kmk7S0tLC4uKgkzhs2bKC7u5t4PE40GqW/vx+Xy6WGQTOZjCorieEnoAZMdV1XhprRaBS3243dbsdqtVIqlWhvb8dutysxgc1mUz2aUqlEJpNR36cIGT73uc8xPDxMMpnE4/HQ1NTE+Pg4vb293Hbbbfh8PjZv3kx3dzdPPfUUZ86c4Vd+5VfYu3cvDoeD0dFRXn75ZZqammhubqatrY0jR46oVQny/Xk8HvWzk6zxjjvuoFwuMzMzw4svvojNZqOjo4NAIIDFYiEQCOByudTKhH379tHS0kIul+P06dPs2rXrXX53mLxVLBJYrjyamJisIC7J0jQXPzKxd5GSWaNppQQaCQ6i7hoZGVGeaZqm4Xa7CQQCRCIRlaVYrVZ8Ph/xeBy73U6pVMJqteLxeJThpdjO1Ot1SqWSMge1WCyk02k1dGqz2dT9pP8jszpS9hMJdb1eJxQKEQ6HuXDhAsPDw0xPT/P888/z2GOP8d//+38nlUrxL/7Fv8DtdnPhwgXOnj1LOp1maGiICxcu8MUvfpFoNKoCXDweJ5/PK0NRn8+n1HEvvfQSdrsdr9eL2+1WvZtwOMz+/ftVWVGyPJfLpUqElUoFr9dLrVYjm80yPj7OhQsXWLdu3XV7n5i8ORZNW8lmNO2SM9ql2yYmJis4HA78fr+6MMt6AYvFouxrZAJebF8k67BarTidThWQxDGgXC4zPz9PNBolHo8rXzO4PP0fDAaVIKBSqVAqlVYp3PL5PPl8XgkTRNosMmZd13G73SoLqlQqSj0n/R3ZldMYrM6cOUNzczN2u51wOIzH42FgYIC7776bb3zjGzzyyCM8++yzHD16lHQ6zd13300gEMBqtXL77bczMTHBgw8+SK1Wo7+/XwkogsEgn/nMZ/g3/+bfqDJZR0cHPT09hEIhJicnefXVV3nqqafQNI2Pf/zjSijgcrnYuHGj6gWJbHphYYGdO3dSqVRoaWnh0KFD1/OtYvIm6JczGWPVwcTEZAVRWdXrdeWgLCUtMcGUxrvclhUDjYo1q9WK1+vl2LFj7Ny5k1AoRL1eJx6P43Q6yWazNDc3Y7PZCIfDLCwsqAu1BDBRe8nQpa7rq0psgUCAfD6Px+NR2ZJkXY0uzRJsJAiWy2VaWloIh8P4/X4l8b7rrrsYGxvjlltuUX2aP/uzPyMUCjE3N0coFKJYLKreSiqV4tOf/jQAjzzyCJlMhldeeUWV7CYmJvD5fHR3dzM+Pq5WJbS3t7O8vMzu3bsJBALqPD72sY8RjUZxOp20tLRQr9fZsGEDLpdLOST09PRw6623MjY2RiwWu27vE5M3RzfHbExM3hyZhSkWi8pSxuVy4fF4KBaL2O32Vao0UXtJ2U0UZDabTcmBC4WCEhzIIjPJYMSVQMQB4jAgz9fR0UEul1Mlunw+D6D26EgjXWZ/ZG6mVCrh9XqVuEE2fYpEenBwkKWlJZLJpBIwWK1W2traeOONN5S4QVYkSHlxaWmJmZkZrFYrfX191Ot15ubmaGlp4bXXXmP9+vU4nU7y+TxHjx6lqamJjRs3Mj09TaFQYG5ujlgshtPpJBgMYrFYePTRR3n/+99PU1MTAN/97nfp7u6mWCySSqUYHBykr6+P/fv3EwwGiUaj1Ot1cxfODYyFhvGaVUcTExPgshVNMplUPYZAIECpVCKfz6uLPqB8yBqzCemT+Hw+HA4HwWCQ5eVlFRSkaS69DEAtN5MSHaDcBhKJhCrnVatVFaQqlQqFQkGVziSIyJoAq9VKoVAAoFAoUCqV1F4amb2Zn58nmUyya9cuPvrRj/Lcc8/xox/9iMXFRX7t135N7e65ePGi8lezWCy0tLSwa9cu2tracLvdHD58mNnZ2VXL2MRqR3paMvMjVjkdHR34fD4WFhbweDysX7+enTt38uqrr9La2kokEiEcDhMIBEgmkxw5coS/+7u/4/XXX2fjxo2cO3fu3X9zmLxldLQGS7TGo4mJCbASQAqFAna7XQ1TSmYgA5Vix28Yxqqym8ywOJ1OtQxNLqgdHR1qAZsYb4ZCIRVIyuWymrMR3zLJsmQOR6xqJIB5PB7VK2r0bgOUzY4EKTHhlAHQSqXC4OCgclmu1+u0tLQoy5ozZ86wa9cuarUa0WiUpqYmWlpacDqdbNq0iWeeeYbFxUV0XefP/uzPePnll7l48aJaY5DNZrHb7dx222089thjKssSt4Vz586xe/duuru7OXbsGEtLS3R1dSmJdCAQUOuzRTBQqVSYnp7m1KlTFItFNZhqcuNxKbMxuOpoYmICoCz+GzMJmViXwctqtar2tMiuGMmCpLQmWUV7ezvxeFz1f6LRKOl0mo6ODlpbW9V+GXGIliAl7gSAyjBkfUAul1NBUGi0/ZcSXC6XI5fLAaiMCFYCy9DQEP39/eTzeb785S/zB3/wB6pv5HA4mJ2dZWxsjF/91V/ljjvuWLUwbXFxkXA4TCgUYmFhgUKhoHpLsrlz48aNHDhwQAkL1q9fr2aU5Gd26tQprFYr7e3tHDp0iFqtxuDgIIODg7S3tytXBdkp5HQ68Xq9LC0tKZNRkxsTC3DFpk7MTZ0mJg00rkAW2xnJBkTl1bjNUww4Gw0wRaVWr9fxer00NzczPT1NLpcjHA5js9lUmU2es7EEJ/8qlYoqRSUSCcrlslKkAWqbp5TzyuWyWofQ6OcmZp1SxjIMg9nZWY4cOYLdbmdmZoazZ89y/PhxfvjDH/LCCy9Qr9dZu3Yty8vLBAIBotEox44dY2FhgZdffpkf/vCH1Ot1Hn74YQ4fPkyxWFSroffs2cOePXuYnp5Wku5AIIDNZlOeb6Kmy2azrF27li1btqh1C5qmMTAwwB133EFnZ6cSJMhuHylJFovF6/AOMXkr6I03xLbGxMTkMrKYTC5ssgdGbFNSqRRut1s1zOv1ulq0JkFCSmCiWGtpaeH48eO0t7cTjUZpbm7mjTfeYGBggIGBgVUSZ5mpkYn/5uZmlbEsLy+rjCaZTJLNZvH7/cCKwECyqca1ztLPkeAnhpxWq5V8Ps/zzz/P+9//fk6fPs3c3BzHjx/HZrMRDAZZXFzk1KlTnDhxAo/HQ3NzM6dOnWJqaor29nY2b97M0tISVqsVv99PW1sbAwMDjI6OUiqVmJubIxKJKJl1a2srk5OTKksyDINXXnmF3/u93yOZTALw9NNP43a7ee6557DZbKxdu5bt27czMjLC9PS0WsXg83IyOR4AACAASURBVPnMzOYGxtJ4www0JiZXI0ouuajLUKaovSQbEWTIUspkjQ4DuVyOer2Oz+dTw5DS1wFUz6PxdRr35EjfAiCZTOL3+1XJzeVyEQqF1BoBCYBS+mvcXQOXMzaZCbLb7USjUSKRCIVCga6uLg4cOMCDDz7Izp07icViTExMkM/nGRwc5KGHHqKjo4OOjg4+/elPE4lEOHz4MN/85jdVBtjb28vu3bup1+u0tbUpix2LxcLQ0BB79+5VgVNIp9NMTExw8eJFLl68SCgUore3F5fLRSqV4rvf/S6PPfYYNpuN7du3s7y8rNZ0N/4eTG4sLgUbqfNeeTQxMZEGtljIiGWNbOWUgUZASaHhsmuAGHKKpX61WsXj8eB2uxkZGWFubo56vU4gEFB/nUt/SDIAafrX6/VVy9s0TSOdTqtVzsViUWUIPp9v1aZNKZlJqc1iseDz+dQEv/SbfvCDH5DJZNSK6GeeeYbl5WVCoRBOp5Nt27axc+dOpqamKBQKNDU1KeHCnj17uOOOO5Svmq7rrF27ln379uFyudi/f7/yiJPMra+vTy1ys1gs7N69m61btzIwMMBLL71Ea2urOu9yuUxTUxMXLlzg0KFDuFwuzp07x8GDB8lkMuzbt++6vU9M3pxLZTS1qvOKo4mJSTgcJhwOMzExoeS6uVwOl8ulmv+N6jTJZDweD+VyWUmjC4WCUqk5nU46OzuZm5tjenpamXDKYjXxAcvn80pRJoOWpVJJ9TkymQy1Wo2JiQnl/ixlskYvNCmXweUlb263G03TVAlLSmupVIrHH3+c9773vVy4cIGlpSXlu5ZKpYjFYtjtdmKxGD09PRiGwX333cfDDz/MkSNHWFxcZNu2bXR1dXHo0CEWFhb4xCc+wd/+7d+ydetW3ve+97FmzRp1/uFwmBdeeIH5+Xk2bdrEvffey7Fjx4hGo6xfv15llel0mlAoRDwep7m5mWKxyJe+9CW1dqCtrU39XExuPC4FG3Oq08Tkx9FoG1Ov11lcXFReY1arFbfbraTD4h4gpbTGeRhRh4miqrW1FU3TyOVyym5/cHBQbf6U4U+Z0hcrmnQ6vco7rVgsKuUarJShRMDgdDpJpVJKDCDqMfEZkzUFYm8j2VKxWOSJJ57A6XSyceNGIpEIFotl1RzP4OCg+j4effRRBgYGsFgs3HbbbXi9Xp588klee+01AJaWlnjjjTfwer0sLCxw6tQpuru7lbNAT08P/f39pNNpKpUK99xzD+Pj48RiMRKJBF6vVzlViymnOGmn02laWlpwuVyMj4+z97q8S0x+EvpKaNG48mhiYrJCOp1W/YBarUZXVxdLS0sqY5ESlQxyZrNZPB6PyhpgpRSXy+WUTLpWqxEOh9U8TTKZJJFIsGXLFmVWKX0a8TOTNc2yjM1qtSpJdqVSUfJhTdPUKgJRxkk2I7Y3cj6NYgHJ0uScYUVY8Prrr6vMKBKJsGbNGjo6OpSIYcOGDTgcDk6dOqVe46WXXuL555/HMAzuv/9+jhw5QiwWY2pqisHBQXRdZ2ZmRpXyZH6pUCgwMzNDf38/AwMDarizr6+Pr3/966pvI4E4k8mwfft2zp8/TygU4uTJk+/yu8PkraKr2ZpLCY1hJjYmJquQABEOh4nH42zYsIFQKEQsFiMYDAIo92XJGGBFiSYT9mKiKX0Ji8WC2+1W/R/JKCwWi3ITEAsbwWKxqC2Y4icmvmsiPJCgI8OasuRNVgx0d3dTLpeVc7UYfAJKjND4mo3u1Tt37mTt2rV0dXXh9Xo5f/48PT09KvsYHBxk//79PP3003z729/GZrPxkY98hE2bNvG9732PcrnM2NiYWlFQLpeVQk2CimxC/frXv66+nsvlePjhh9mxYwff//73WVhYIJlMous6mzdvpr+/n6mpKfL5vFIBmtx46CsbOi8VzxqOJiYmK2iaRjweJxAIEI/HSSaTrFmzhtbWVmw2m5LfSnYgzXKRRzdmPpKZyMbPQCBAKpVSjXwJTvJ46d/our5qTUAulyOTyajnFqGA0+nE7/erXo6smpZyGMDc3JwSLUhgFMWaOCVIkJHe044dO1i3bh1r1qzB5/Nhs9mIRCK43W4sFgsLCws89dRTAExPT1OpVPjsZz+Ly+Xif//v/83s7CxNTU0kEgmGhoZIJBK0tLQQiUSwWq285z3vob29HU3TOHPmjHJdkGxubm5OzQslEgmKxSJ79+6lq6uLJ598Ujk5hMPh6/Y+MXlzGjKbla1pZmZjYrKabDaLzWYjFAoxPDysNnDKHIvNZiOZTKoLtNVqVUICsVCx2+2qfyNDmbJxs1EEkEqlVCO/VCopF2mZ7XE6nWqoUoIWoEprUpIDlJ1LR0eHsqApl8v4fD4VxCTIyQyOKOlgJZPq6uqiqakJn89HpVJR66wXFxdZt24dfr+fSCRCpVKhq6uLRCJBb28vFy9exOVy8eyzz/LKK68QDAZVZjU/P8+FCxeYn5/nzjvvZMeOHWpGSAJVuVwmFouxuLhIqVSis7OTaDSq5nVcLhfr16/n9OnTTE1NsWnTJpaXl/H5fO/mW8Pkp0DX0BpEaJc+MDMbExOFZCFiFpnL5WhpaaFaraqLsPiFSTmrra0NQAUVGe4E1BCiw+EgEokwNzcHrGQXhw8fplAosG/fPqVwczgcygNNMqOxsTGVschiMpmgl0BSq9WwWq1s3bqVYrGo+kKiUpN5HBE1SBlNAibAwYMHmZubU2IGcaHu7++nVquxtLTE4uIi+XyeQqHAvffeS0tLC3v37uXxxx9XHmflcpmOjg40TVOlt8nJSQ4dOqR6Lx6Ph3g8rqTg4o6wZ88etZa7VqvR29vLvn371JbRYDBIIBDgjTfeoK+v7zq8Q0zeCrqqz5oZjYnJNZFdMTKMKdmAZAHikSbZy8zMDHNzc8p+Rtd1nE6nWgEgAaNarRKJRFbtmsnn84TDYfr6+njttdcoFovKE80wDDKZDIlEQm3VLBaL5HI55Q4tijgprTmdTqWKE+dnCXyyBbRxc6dkVS6Xiz/8wz9kZGRE9ZCkzxSPx8nlcsqVIBQKcfDgQbZu3YrNZlNlutdff53R0VH1fS0tLdHe3k42m2XNmjWq17S0tESlUuHixYssLS0pMYM4Vh8/fpy9e/eSz+fZu3cv5XKZw4cP4/P5aG1txe12Ayg1ncmNid44uatsn01MTBT1ep2mpiZisRi1Wk3topHSlQxS2u12FhcXlUx6eXlZSYW9Xi+9vb04HA7y+Tx2u10Zd0o/R8ps3d3d9PX1ce7cOXUBrVarSv4sKw5E0ZZOp9XCtOXlZSwWC/l8npaWFrq7u0kmk2oXj9vtJplMqtKd3+9XPSeHw8Hi4iJ2u537778fTdNYWloiFAqp6X9xafZ6vWzatAmr1crOnTvx+Xxks1mOHDlCf38/IyMjjIyMKNGDYRjE43Hq9Tp9fX0MDQ3R1dVFd3c3S0tLyoxTfhZi0eNwOBgcHFSB+dixY+zZs4eWlhamp6eBlcyzra2N4eFh5ufnr/O7xeTHoYOBYaxU0FaOK7dNTExWcLlcxGIxYrGYGrqUi2gul8PpdKqLpdvtJhwOk0qlcDqdauXzxMQE8/Pzal5k3bp1GIbB6OjoKgWZ1WplzZo1VKtVAoEAxWKRsbExNm3ahNvtVsvWNE0jkUgoCxrJUkSiLU10v9+vgo98XdRnMpVfq9UIBALEYjEVGPbs2cMbb7xBR0eHUn95vV62bdvG/v370TSN6elp0uk0L7/8MqOjo5w4cYJKpcIHP/hBnn32WZUlyWvBijghHo8zODiI1+tVKjy5z7p162hublazQvJzlMxt+/btDA8Pc+HCBVpaWshkMspVACAajb7L7w6Tt4oO2uVWzRVHExMTaG1tZXZ2Vs28LC8vqwFN6TN4PB7VixFRQDweV0OU0t+YmZmhUqlw/vx5VTqTrEaCTSgUIplMEo/HuXjxIvF4XLkVyHxMPp9XZTVxd5bVBNK/2bx5M9VqVc3kwErJz+/3K5m09GCklCaiBREiyM4ar9dLW1sbmqbxve99jz179vCd73yHQ4cO4XQ66e7uVsFofHycF198cVW/SnpIsCJ8GBoawuv10tPTQ2trK3a7nY6ODuLxONPT02oeaO3atSprKhQKLC4uMjs7SzabZePGjczMzJDNZrFarQSDQZaWlq7b+8TkzdExDNM3wMTkTchkMlgsFjo6OigWi7S0tGCz2ZQ/mQQZUZrJX+piVSO7beQ+cPkv/cb1AbASeDo7O1Vv5tVXX1WPDQaDKsCI5Y1M0staAnlNMeuUrMDn86k5H8mixMdN+lBye8eOHfzwhz+kqalJrV92u92cO3eOxx9/nBdeeIGOjg5CoRDt7e309fXR3t7O/v37+cY3vsG3vvWtVSsXZObnSrLZLGfOnOGjH/0omqbx3HPPqRKa1WpVTf+hoSHa2tqIxWK0tLSwefNmnE4nW7duJZ/Pc+jQIdVDMpen3bjoaBrapXCjST3NDDsmJquQbEMu/OVyWVm8iGJM5mEk25FdLVLqkp6MBBaZcxHJtKwhkJkXafJHo1EWFhbw+/3qYry4uAhcDlriGiAls2AwyPnz57ntttuoVCpqxXQ+n1cDox0dHUxMTCgVmsfj4ZFHHiESiTA1NcW6devo7OxkamqKoaEhvv3tb6vp/UAgwF/+5V8yNjbG448/zsLCAr//+7/PhQsXVgkNGh2dtWuUTG699Va6u7sZHR1dJYSIx+Oql7N27Vr1upIt5fN5YrEYPp+PgYEBlbGJQs3kxkO/3KC5lOGYDRsTk1WUSiVlP9PofSYXR5l0l2FO6eE0TuM3LkKTXomsFRDE/kUyJdl9o+s6ExMTrF+/nnQ6ja7r9PX1oeu6UqbJ/Iw8P6wowGq1Gk6nE4/HQ0tLC2NjY6r/kc/nlQ2Npmm0t7fjcDi4ePEit912G9/85jcZHx+nVqvh9Xq59dZbCYfDjI2N8ZnPfEb1aAqFAk8//bS60DcGykbftcYV1cKDDz5IKpXi3LlzhMNhNVeUz+dVP8flchGNRtVziC1PvV5XmUwkElnV/zG58dAvZzKXMxwzszExWU06ncbv9xONRmltbaVareL1etVcS71eJ51Oq4xHtnk2DnE2DmtK/0WCkbg1yzCo9FLkueLxuFKiibPA8vKyen673U4wGFSrmKX/kUqlaGtro6mpiYmJCXWOfX19pFIpdXH2er1kMhneeOMN8vk8Tz75JE1NTRw4cIBEIsGGDRtobm4mEAhw3333cf78eVKpFF/5yldUliU0erHJHI8Eh0ZERj06Okp7ezupVEp9vlGwoGnaKlGEzOEAKjtrampSvSiTG5NVmc3qo4mJCaDkzcFgULkrS/lLLFRk+j4YDCqRgN/vZ2lpCV3Xlc+ZXAytVqsqicGKA4AEGpnpMQxDeX1ls1kSiYQaxiwWi7hcLhKJhMpQSqWSClobNmxgYWFBZT6apuHz+QgEAqrcJpJqXdfJZrO0tbXxxhtvMDs7S2trq+oD3XnnncRiMbUp9PXXX+fw4cMsLS2tEgE00pjRSfZx5X1uvfVWnnvuOTZu3IjX68Vms3Hq1Ck0TVOBUNwNAoEA2WwWl8vFAw88oH6u6XQaTdNUgJKAZXLjoV/eLCDaZ8x4Y2LSgNfrVcotuVgDSvrscrnIZrPkcjnC4bDqiUiAkYts4+6YK3sZspRNLq6SsXi9XrVlUzzZpH8hcutsNsvk5CROp1PNphiGQVtbm1qHYLFY6OnpUeq4crlMOBwml8up4cl4PM6aNWvo7+9XO2z27t2r/NIef/xxRkZGyGQyqq90rUBzJY2zRIIozV577TU+8pGPMDY2xv/6X/9LSZcbfzYyH1SpVOjp6WFubo5yucz69et573vfy+DgIKlUSi2aM7kx0S8nNJc+MAONickqKpWKmlK3Wq20tbWp0pVc9L1e76q+gd/vV8FGGuaNppmNGzRFGGC329WFfdeuXQwPD3Pu3DnK5TIWi4V4PK6GMd1ut1oRIAIEj8ejHKFlv04+n6dYLNLZ2UlzczNutxu/368cq0XgIOsSTp06RUdHB83NzWoO6Nlnn2VmZoZ8Pn9VkJQ9OdfizYLRQw89xPLyMrt27WJhYUHZ19jtdiKRCNFodJVyr7u7m8nJSTweD16vV2WYtVqNUCjExYsX2bJly08MfCbXD8uVShGzwWZispr5+XkKhQLpdFrtkJGNlrASjKR0JrtvJMuQchug/uqWvTdyW9ZNi3Agk8ngcrmw2+1qZbPb7aZYLBKLxVTfRWTNvb29rFu3jkAgAEBLSwvNzc1omkZ/fz+Tk5NYrVa8Xi/33XcfExMTqtkuWZTT6aRYLFIul7l48SJDQ0NMTk5y7NgxRkdHVV9K/NkkeMKbXzMapd0SCNxuNw8//DCZTIaHHnoIi8XCoUOHcDgc7Nu3j3A4fJWpqcfjIZ/PMzQ0xIkTJzh58iQnTpxgfHxcSbp9Pp/aAGpy42FprK02Hk1MTFaQpV5Wq1VZ9xuGQSqVUoo0MeuUi7jMwsiApQyBCo3ZjWQnUqoTexnxT5PMR8w+i8UipVKJWCzG8vKy6tuUy2U13BmLxVRPY3R0VK0LuOWWW9R+HbG5EU81j8ejto+K75l8H1eulpbv4cqS4LWQwCT3kbma/fv3c+HCBV5++WWy2SzBYBCv18vU1BSGYaDrOhaLhVgsxrFjx/D7/dxyyy3s3buXSqVCNBplcnISv99PKBTipZdeMgUCNzD6lcugzZaNiclqxOgylUqRTCYJhUIEg0GWl5fp6OhQCjQZXsxms8oJWoKFXGwl6EhpTR4nDgL1ep2hoSE2bdpEW1sb4XBYLV4DVHO/MQAUCgWVcYiYwWazkUgkSCaTTE1NEY1G6e7uxufzceDAAY4ePYrb7cblcuH1etWwp4gaGl0NLBbLqh4NoAIlXP4D9VolM/m+pW9kt9v51Kc+xfj4OB6Ph9HRUfx+P16vl6WlJU6fPq0CoM1mU4+32Wx0d3eTz+fx+Xx87GMfw+v1snbtWs6ePatk3bFYDM+7+N4weetYTC2aicmb89prr7G0tEQ8HieRSDA1NcXS0pJSocl+m3w+D6CyGbmANw5eigqtUdIri9jcbjfr1q1Ta5I3bNjAwMCAMskU9Vo+n1c7bjweDz6fD5fLpUpxmqYxPz+vFqmVSiVeeeUVqtUq6XSae+65Rz3G6/WqwCINdlGqVSoV4PJitcYgJ4j6TTKiKzOcxsxH0zQ2bNjAzMwMHR0dGIZBNpslnU6rflIikVA/HwnewWAQt9ut5oV0XVdlQelfRSIRPvShDxGJRN6ld4XJT4uu3hpmSmNick3E7VlWCAQCAUZGRgiFQsTjcYLBoFKS6bqOy+VSMzmSkchFt7W1Vbk1BwIBuru7CYfDJBIJKpUKu3fvZnl5mWw2i2EYeDwedeG1WCzqeQ3DUBlJY7CzWCwsLi5isVhYt24dNpsNn8/H5OQki4uLhEIhNmzYQHt7O7qu4/V6lc+arCtoHEBtLPU12vdLltNYDmwcWhUa7wNw11138aUvfYkvfOELJJNJtf20vb2dWCymXALk+dvb29m4cSOvv/66WhkNK1ZAiUSCXC7H5OQknZ2dah2DyY2JxWAlxhjGioeA3DYxMVmhUqmoPszc3BzLy8tqoDMej6/acCkX1mq1umo6X/bH7Nixg/vuu4/+/n7Wrl1LtVpVqwjm5uaYm5ujqamJxcVFNduj67q6mEtfRSb3pUfjdDrVumYZcDxz5gynT5+mqamJYrHIU089RTgcVnth8vm86ttIz0gyFQkSktXI3pvG4CH2PFd+Tp6j8bYMmvb19ZHNZhkeHmbDhg0cPXpUrYkWkYWUzLZv304kEmF4eJhEIsHZs2dpbm5my5YtHD9+nNHRUWq1GidOnGB4eJhYLKZk6SY3HvoVSe91Og0TkxsXq9VKsVikWq0CK2Wynp4ezp49q5RptVpNTcRLpiGSZVmYJgq1SqVCe3u72nvjcrkol8s0Nzfzwx/+kEqlwsDAAM3NzWzfvp2XX36ZTCajejdSiqvVasppIJ/Pqz7RxMQEqVSKpaUlAoEAs7OzFItF5ubmePnll9m9ezd79+7lO9/5DnC5gS9lPwkw0rOx2WyrVkgDSi12pSKt0UJGAqR8/oEHHmDLli24XC7+/u//nlQqpdy0ZUDUMAyV8c3MzDA9PU0oFFJy8Pb2dgA++clPsn37dqXIm56eZnR0lM7OznfvjWHyU2GBq/s1ZmZjYnKZ1tZWVb6Rv/pl2yagFqnlcjlg5cIqlvjyl3+1WiUYDDI3N8f8/Lyyv4GVHSy9vb243W5lm//qq69Sr9ex2+3s27dPNf9FBi3GnlL+ujKLkHIYgN/vx+l0UqlUOHToEADd3d3ceeed2Gw2NUPU6FogmZjdbl/VqBfk40ZxQON9Gvs68vHWrVv5whe+QGdnpzLZDIVCeL1e7rzzTnW/2dlZjh49qpRmorIbHh5Wc0Jut5ulpSVisRhWq5W77rqLcrnMgQMH3ulfv8k7hAUu5zNXHk1MTMDn86Fpmuq/2Gw2dQEvFosUi0WcTqca5pSJfymjyV/3fX19tLW10d/fry6WgPL8slqtzM/P09LSQiKRwG6309XVxfbt29UF32azqQxJhAMSEKScJyott9utBk5lJfTp06c5c+YMhmFw8OBBnE6n2iYqmZtkN3A565HXkMAqggBglQAAVmc08nEwGMTv93PvvffS3NxMc3OzCnbpdJpoNKoGYuV5XC4XPp9PDaXeddddao5Jfm6GYZDL5ZR3mmlXc+Oyktk0SBgNzFkbE5NGHA6HKiWJOkr6MpKhyNpmyQ5KpRKFQkEFCavVSnNzs3IAkNXO4sA8OTmpLGVcLhczMzOcOnUKm83Ghg0buPXWW1UmJQOf0rQXrzS73U65XCYQCODxeCiVSrS1tSnvMymP/eVf/iXRaBSn08l9992nhiJzuZwKqBJUZNal0clZgotkUldypUgA4MCBAypbam9vp6Ojg6WlJVpbWzEMg+HhYfUzlgDq9XrJZrNqiPRHP/oR09PTnDlzhsnJSV566SX+4R/+gbGxMYrFIq2trbz44os//zeEydtiJbNpqLtqmC4CJiaNNDc343K51Prkzs5O1Y8RW5hqtaoa97KCuXFhmJTZfD4fpVKJhYUFNE1TfmttbW2q/DY9PY3FYuGVV14hHo9jt9v55Cc/icfjUQ1wKaX5/X61+hlWNnHG43FmZmbw+/3Kjkbcoq1WK8PDw3z729+mUqlw991309vbS6VSUcabko2Jwk7KeVcGmitlzRJo5XEi1dY0jb179/Kf//N/5sknn1SGnk6nk4WFBaVAa1y9YLFY1LoBcUt44IEH+PCHP8wnP/lJPvrRj5LL5ZiZmSGVSmGxWNi1a9cqxZzJjcWlP0uudA8wMxsTEyEQCBAOh9F1nc7OTtatW7eqv1EoFFbJe2U7p/yVLpmBrDuW0lImk1Fy6WKxSDQaVVP7os762te+RjKZJBgMcueddwKolc5ixFksFoHLhp5S+hL7frfbTSgUUts1m5ubefbZZzl79iwWi4WHHnqIVCqF0+lU2Y+soRa/NnmNa7kFSICSXpYEWbGakS2n8/PzRKNR2tvbWb9+PU6nU8nKZVWDxWJhy5YtKmBFo1HlEHD06FG1MC2ZTHL//ffz4Q9/mM9//vM4nU7m5ubUbJDJjcelbUZXehyZmY2JiXDq1CkAPB4P//E//kcWFxdV2UvmXGQls2EYqvcg2YCU0zo6OpR7s/R1xJ5F13VVempubmZ2dhZd1xkbG+NP/uRPuPvuu2lqalKrCLLZrDICbRy2lJUHhUJBuTknEgkSiYQSAoiT9Ne+9jV+67d+i7a2Npqbm3E4HLhcLhYWFvB6vaoH4nK5lCy60bVasp4r3QauJQ5YWFjA4XDQ1tZGKBTiq1/9KjMzM6tK+PV6nZaWllUmpxaLhe3bt7Nz5066urro7e0lEAiQz+fJ5/NKJi6+aaZdzY2LDoa5YsDE5E3weDxEo1H279/PuXPnVAlL7O/Fpr9Sqageg8iZpX8TDAaVbHdsbIx4PM66detWDX7Kxk9xYZZeSiqV4h//8R8pl8u0traqeRsRKCwvLwOXd8e4XC61NbOlpUVlTFL683g85HI5MpkM/+2//Tc2btyotoKK75vFYiGbzQIombXMz0g5Tkpk0teRjaGN348Eps7OTjU3c+TIEebm5tQ8zYULF1SwcjqdjIyM0NvbS7FYZN++ffT395PP52ltbSUUCrG8vEw6ncZisdDW1sYLL7zA9PQ0TU1NKqCa3HjooDXI0C59YCY2JiYKsWNJpVL4fD7y+TyJRELN3vh8PtLptPJCy2azqu8gw5Dd3d2sX7+eqakpdu3axUsvvUQ2myUSiahAJT0LeT25uIuiTNY8w4pHmlygHQ4H5XJZLVGTEpvT6VTn4vf7ldtBPB5XZbxarcbzzz+P1+slHo+rocorVweI1Fpsc2QDp5QOJbtrFC5Idif+bffccw/nz59nZGREBSD5mVmtVsLhMFarFV3X2bZtG/fffz99fX2k02ncbjfPPPMMqVSK3t5e+vr6KBaLaJrG8vIygUCApqYmnn32We659bq8TUx+AqJP5JpHExMTNE2jt7eXfD7P+fPn1UVWLpSVSoVUKoXH48Hj8ah1zo1GnA6Hg9HRUYaGhjh8+LD6q35gYAC73U5fXx+dnZ0qO5EFaKLgKpfL6nMiOW60+hffMLn4RyIRNVgKK2sSZCYHVgZTi8WiWiMtLgXyfOIsLTTOF0m20uj5Bqu3csrnRWxgGAavvPKKmq3p6ekhFouRSCQwDINgMEhPTw/JZFIFHL/fz1e+8hVVety+fTtPPvkkMzMz1Go1/vRP/5S/+Zu/oVgs8vDDD+NyuUgmkz//N4TJ22LF9fmSCq3xaGJiskIgEKCvNDoinQAAIABJREFUr29VrwBWLthS9hKZrlygpZwkQ52FQoFSqcTAwAD79u2jXq8zMTEBrFyUR0ZGaGpqIhgM4vF4VAlLejkiB5bAI4+DlaZ9MpmkVCpht9tVAJT5HZvNpoQKUt6TLARWAlOhUFAXaglijY1+KRsWi0W1o0c+L+fYaNZ55YzR8PAwL7zwAvfff7/KjmS1NUA+n2d8fFx50AEkEgmGh4d55ZVX0DSNF198kUgkQnt7O2fPnqWnpwen08m9995LrVbj0KFDqwKkyY2Frhp0lz5h5jQmJqv5XOqDcPLKz0b4FTaCD3ih8fMbVg5WwHXpH0ASOL76GXax/dJHfSuH5SteYuHNzqrv2p+uXjoWWJH/hK9xH3vD55svHX2X/v28eAnu7v09GLp023MnbLv08bpr3H8YGI7xeT4G31v51C38CmTB+H9G6QK62AiAcXSUDPA7PAD+a/yqTG4IdE3TGvbYGGhoZsAxMTExMXlHuUZmY4YaExMTE5N3Ft10CzAxMTEx+XmjG6byzMTkbaHpFtruGcDV7iczFif2o4lVTc/Qzg4qmRLZ0fibPo/utdPxgfXUyzUWjoxRSV9ucms2C613DpC5sIRRq+PtC7P44kWzuWryC8dKZmMYDUOdmil9NjF5CxjVOtEfjNL1kc1YHTpdH95MvVylvFzA2x/GMAzcnQEyF5YoxfN4ekPkJpN4eoIUoxkyo3FcHT7yMylsfifFxSzNt/dhsVmpl6sk34jS9r51eLqCtNzeS/rCikt0yx39aBYNV4efuafOU142F4aZ3PhYuOT0fNXRxMTkJxLY1IrVqRN/fYZ6uUp4ZyeBza3MPHGW8nKepaPT2CNuNIuGu8NPYEMz6fMxKukiHR9Yjz3owqgZePtChHd1khmJUS9XCW5tJ7yri8TxWfIzKXLTSbKjcYKb29A9dirpEu4OP541wev9IzAxeUtYkP0Rl2Zs1G0TE5M3RffYWfOxLTibvXR8cD2BTa3UKyuT910f3YzN7wQMLDYrkT1rVhUM0sMxnG1eMmMrJbbsxQRLr0zRfKCPwKZWjGqN8nKe5tv7cDR7MOoGvvVN5CaX8faGaL17wCxAmPxCoUsmoyzRzHewiclboporM/Sfnrn8iUZfQYsG9ZUbsRcnLltAXfp6+JZOsheXyU0mqZeqjP31a9d8nh/bn7ni+UxMbnR04HJGYwYaE5OfCkezh+b/v707+ZHryPMD/o148bZcat/I4k6WSFFLi90t9eb2jNWDNmD4PhjfDMMwPICPPvhgGPDA/4MHti++tH31yR4bhj0NtHuZHkktURQlLioWWWTtWbm8fHv4EPleZlYVlyKzVCL5/QCFVy8zK/NxqYz8Rfzi9/vxOez8YRWduzuoXZjC7E/OIVhpYONXy8jjXk+bPb9a279/AJ1pVM9OoPXlJqa+u4h4NwS0hr9Qx9bvH2D2J2eRtmN0HzYRrOzpQMlfVXrJqPK7gQiHiJ7N+NV51C9NI+sm6NzdQfXcJLqrTdjjPhb+ZAnStiAdC8FKA2NX5hBvB2WyQNqJEW0GmHh7AWOX5/Dwr27CHvdw8u9fRhokWPwHV7D2f+5ApznmfnoeQknsfLSKyXdPoHV7C+5MFXmS4eH//KqMooi+rWS/0nN/zYaInk7YEpXFMVi+DXemAne2CmggT3N0V3dROz+FPMmQNEOz+H9rayhZwJ2uoHKyjjzJsf3RA9PtI8kRbXYw86Oz6K424c5UUTk9Dp1pJI0QC3+yBGe6gslri/AW6tj63QoHGnopSFZ8Jno+QkqoioN4O8Dkd05CKglhScz/3QuY+dFZ7Hy8ivqlaYy/OW+myA5IFkhaEWrnJjHx9kI5rdD+egfOhI9wrT30ejrLEW10AA3sfr4GZJrTafTSUE9/CBEdJI9S3PqPv4VQEjo15fa7D1t49L++Kh+z8StT2bkYFA5KFoC4ebhBo5d8sP5/77zQ9RN9kzjYEL2gYqA5+M5nuO2w0QmnzeglJMsmnXuOREREoyKH+tiwegARER2B4cimyEgjIiIaoeHIBkxuISKi0VOMZIiI6Kipsh4aWwwQEdERUUNVA/YeiYiIRkACg8UD9NCRiIhoFCQwGNCIoSMREdEoDPSzEeAuGyIiOgpqcG8Nd9kQEdFRkNAoF2207lWR5ZoNERGNkOqVDgAwuFbDCIeIiEZHMYohIqKjpob21LAvNBERHYH9kQ0DHaIhH//Lf3zcl0D00lNCiDKgGTwSERGNiiqrBvRu4EBDRESjJvdWDWD1ACIiGjW5tx4a66IREdGoKSHEwGJN0WLguC+LiIheJeWaTX/RhiMNvZ7+y7/9e8d9CUSvLCX25aExH42IiEZLoqz1vPdIREQ0GrKs9VxWf2btZyIiGi1VRDJC9yMbIiKiUVIAwFrPRER0lOTgCWMaIiI6CgODDddqiIjoaCgAvYxnzcxnolfaSbz/s5/jw3/4Y/zk6hvwbv8lfv7nvzjui6LXhBls9i7aMMQhevX82b/Cv/vzywhvfIqtzMH5474eeq2ooTM2TyN6df3iX+DnvUDmX//XX3GwoW+UHApmBMcaIiIaPak1gGKPjdYozomIiEZFCoF+9QAhUJwTERGNijQRDfqRTe9IREQ0KqpYqwHQj2gY2RAR0QgpXYQ2bDFARERHRInh0GbPkYheRX/xpz/GXxz3RdBrRZn1Gg0BMXQkIiIaFWX21gx3smGVNCIiGiVVZKBxpYaIiI6KghAQvdFGcNQhIqIjoMo9Nbpf/JmIiGiUFIQoM54Z2RAR0VEYimyGjkRERCOiyj01Ar0yNcxEIyKi0VJlKFNGNAxtiIhotKQwZZ6x90hERDQqSvfWbMqlGwY2REQ0YpLVA4iI6KjJog7a3iMREdGoKLGvtQA32hAR0WgpPbjBhiUEiIjoCKj+Co3gQENEREdCAti3WsMhh4iIRkkelIfGfDQiIholCeje3hpz1OBeGyIiGi0FAKIoj8bQhoiIjoAE0C+PxkUbIiI6AmawYWRDRERHSA1HMWwxQEREo6eGxxYONERENHr9yIbN04iI6IgoIQYqognBymhEe/yzf/pPjvsS6BD+8j/8p+O+BDqAKvfY9IYZzeGGiIhGTJoMNIG9RyIiolGRg9UDBo9ERESjooYiGS163zKyISKi0VF6byE0BjVERDRiSgylo4GNOomIaOQktDadbHSvo01xTkRENCIKQpgGnQIQvTUbNuwkenZsyfHNEVxOfmmVazai18uGQQ3R4eRZjl/8+189/xMIwRHrGUhL4h/98x8f92XQc1JiIPNMsBAn0XNbensBlrLgempo6bPbiWE7FsIgwe0ba7j45jyyPIdfcbC90cbUbA03PnpwnJdOdGj/Jv7PAIAsywAAjuPA8zzkeY4kSQAAUko4jgPbtk2nzuLL/HIU50R0GLZj4avPHiIMYmgNjE34SGLziyiEgKVMRw9LSXz95SakFFh7sIuvv9w4zssmei71eh2WZSHLMvP/27KgtUaWZbAsC0KIciCybRsKQ5ENET2vlbvbuHBlDne+WEe17iKOMoxPVVAf97C51gIAXLgyhzhKcfLMBFbubgPaRD5EL5s4jpFlGTzPg5QSSZJACAEpJYrlGa018jyHEAKKUQzRixFS4K3vnSrP33jnxL7HTM/Vhs6rdReTM1Xg/NSRX9+rQjA74FtFKQWlFLTWCMOwHFiUUkMRjWVZSNO0iGy40YboeUkpcO1H5477Moi+UZZlldNotVoNQgjEcYw8zyGlhGVZAEx00xtsioFl75GIiOhgUpo1yCIZIMsy2LYN27aRpimq1SqSJOlPrxXZaHuPREREjxMEQRnZRFEEwAw4nU4HSil0Oh10Oh1YlgUpJVRZPUAMH4mIiB4nyzLEsUluUUqVA4/WGp1Op4x8isfIosizQK96QO+ciIjoScIwLL9PkgR7CzsrpeA4DpIkgSyqBvTro4GRDRERPVGxr8bzvDKqKW4vps48zwNg1nek6HXn7B9Zf4iIiJ5MCFFWC0iSBHmel6nPxUAUhmF/n00Z9nCthoiInlGapiZikRK+75dVBACUmzuLvTgAIIXAUERTfBHR0Wvtdh97XxJnCLvJN3g1w4J2hDTNj+316dstz3PYtl0OLMXU2eBttm2X6zYS6Bec3XskosPL0hxfff7omR67fGvzsfe1myF2NtvQGkiTg9/0szRHnh/NL+yj+7uIwuMb7OjbrVinsW0bnueVUUwxhQaY6KdYy5FAP5LZeySiw3uwvI3NR82yCOeLyrIcWxumtlrYTdDYCsr7mo0uBwQ6Fr7vo16vQ0pZ7rMBTMTjui5c14Vt2yaqkRJS614ko01ZgfKciJ7L7k6At66dxsrdrZE8n1IS8yfHAQBJlKLV7E+9Tc5U4VeckbwO0WFIKZFlGbIsK5MAzBhiBpAsy0zKc6/NgBqMYopOnUT0fIJ2DL/qYmzSx52ba0P3FdNrWuuyMm6z0R84Vu/toLHVgaUsQGtEYYrZE3UkSYaHKzuYmqnh7pfr6AYJgnaE6bk6sixHte6iVvfQbHSxcmcLyragcw3XUzj3xhyEAG59/giWspDEKQATIZ04PYnZhTp2NjvYeNQENBDHKabn6zhxauIb/Xujl48QAkKIsjxNUSg1TdOyRE1xHwCowQw0DbaEJnoRK3c2ce7yHACgNuaj2ehibMIHAFz/6D6W3loYikQ++c0yAGB9tYk4SnH1Wr969OajFpIkhc5NG4LaBQ/n35hDYyfA6fPTAIB7t7fg+TaiMMXdL9fx7vtny2nw7fU27txcw8Ur82hsB3j3g7NwnKI4IvDJb77G7EIdkzNVU4G656P/9zUHG3qqYj2mmCorBpU4juG6LgBT9TnLMjONZtLQzJcY+J6IDkf3IgPXNameZy5OY+WOmUqLQnP73imvoqHa2moDZy/NHnjfs7h3ewNvvH1iaL11aq6GoG3m0j3fLgcawPyuK9va+zQATBM4omchpYTrulBKlWnQReJAHMfodruwLMtMo/VLBrDFANGL2HzUhF9x0BqYGmu3QuS5Rns3RL0X4RzETEk8/2tHYXrg2o2U8pmy1TqtCM1GF91OjJ3N9vNfCL02ihTnYtqs2FcTxzHiOIbWGkop5HmObreLXrP03lrN4JGIDmVtdRczC2PoDHTenJyuYu1BA7ajjvHKnuzzj+5jbLKCyekq5hfHEXSip/8QvfbyPC9bQOe5Sc0XQpS10GzbLqfT8jwfiGy0GD4S0TNLkwyWJbGwOD50+/yJMXzy22VceXcR9zYev6fmRffKKNtCFPWn8PrPm0PKx394DLsJlG3h1Dl2DKXDEULAdV3EcVzWQyuqCtTr9bJ0TZEKLUWvzPPeIxE9u5W72zh1QItnIQVsR0FIgaAdIUn6e2+0RrlHZmqmhocrjaGfjQ6qHiAEsgN29Z+5MIOvrj8c2rawvdFGte498botSyLuZagV0nQ0+4Po1VZELkVraM/zypI1lUqljHgqlQoqlUq/NpruRTTcY0N0eGmSoT5+8JrMmYsz2HjUxJvvLeKLTx7AthWkJaBzDc836yynzk/h9hdr+Pyj+yZ1WWsIITA5U4UQgOvZAIBa3cXdm+u4+elDjE/6cFwL0pKo1BwsLE7g+t+uwHYUdJ7D8Wycf8Nkxnm+ve+6PN+G7VgYG/dxo3dd5v3AfNh0PPXEqIheb1LKMgPNdV1YllVWEihSn4uqAnEcQwmIgbQAwfQAouew9NbCY++rj3uoj5sI453vn3ns4y5emX/sfeeWTKaakALvfnDwc8zM1zEzXz/wvktX919fcduZizMH/gyn1uhJiqKbcRwjTdMyuonjGFEUwbbtsnSNZVmQGqZ8QC++QXFORET0OEVLgSK1uZg6K/bVpGkKy7LKqs9KFOszzEIjIqJnVK/XyzbQxR4b27aR5zmiKEKWZWUJmyRJoIqYhsEM0Yv5/KP75UZMrQG/4uD0hWmue9ArKQhMQdhiOq3ZbJZ7b4pSNYCJgNI0HYhsiOjFCIHL75wsTxvbAT79m3v4zgdnj/GiiI5Gt2s2LxdZaZZlIUkSuK5blq8pBhqtNeTgOs3wkYhexMRUBUpZiKP06Q8mesnUajWzf2YgK00IgTiOy+k1IQQqlQp834cC+rHN3iMRvRhlW2ZfjGv63DR3upBSIEkynLk4g7EJH5trLayt7kJZEhrA7MIYpudqiKMUt26sDU3DXbq6AKUk7nyxhgt7steWb21i8ewUtjdaSNMczYZ5rTfePoHlW5sI2hGkFNAamJ6vYXZhDPdub6LTjiCFQBJnOH95DtW6i7UHu9hab8HqXdPCqQlMTFW+2b88+lZrt9tlRBPHMTzPQ5Ik6G+n0eUajta6t2ajTWE+zdJoRCOjNdBuduFVHKw92EWWabz53mJ538e//hrv/fAsHq408M73T+/72et/ex9vf+90WRgz6ib4/KP7ePf9MwgGSuIUuh1TjyoKUyRJhivvmim95VubcD2Fs5dmhp7//t0t2I6FN79jrinPND757TLe++E5rD9s7rsmokFFdYCiekAxsKRpWn5ZllVu9DRrNsKMMqJ3ZJ8BosNr7gS4fcP0sMlzjSROsXTVVGJef7g7tMdGCGB2oY7GdlB+Ehy0s9nG7EJ9qAKz69vwfBth8PTOnFOztfL73Z0A774/vDdHCGBns4N3Bm6XlsD4VAVBOzrwmogGaa3LyMZxnF5ppH5GmuM4sCwLrusiyzKofhhjqgcIDjREz6U25pUbJG99/ghnLs6gNmY2czYbXdz8dHXo8UE7hnIU5k+O4w+/XcbEdBUnTk/Cdizs7gSYXRjb9xrjkxU0d7v7bn+Sx2XDNbY7+66ptRtifLKCmbk6/vC7e5icqWLh1ATsx7QjoNdXkfJctH1O07RsNdDtduF5HrTWCIIA1WrVrNkUrQXKyIbzaESHJi1ZRiJvvHMCn/x2Gdd+eB5CmEFiMFNtr7mT42g2Anz52UPUJ3wMVI0ZovXo1lQnpqtPvKYTZyaxu93BF588wPRsHSfPTo7olelVYNs2lFLwPK/czOl5XtnTphiIgiDoNU/rrdnsPxLR87IsiVNnp3Hvjqn0/LSqzsWA9NZ3T6Gx2UZ93BtqGV1oNoKy8+ezetxrP22mTAgzIL3z/TPYXGse6jXp1SeEQBiGSNMUjuPAcZyyM2ex16aoDJ3nOaRZowH2H4noRcydHENjq4M4SjE5XcXqvZ19j9F6+E1f9z7rzczV8WilgSzr3xl2E0RhCs+3IS0xlFKtNR7bh6Zad7G13hq6Lc81amMeNh7uH0T2DkL6Bdsf0KvLcUwh2SAIkKZpmfbsuu5QUU6lVG/NRsMkBQweiehQXG9/g7Qr75zE8u1NLF1dwPKtTVz/6D6UJYFeZ86LV+Zx6/NHZTpoHGc4e2kWQgpc+c4ibnx8v9++WaPMZrtweR43Pn4A17chZe8TpGd2b9uOBcvqf2K8cHket288wtpqE5Y0hXcnpis4/8Yc7t5cx8ajJixLmk+ilsD5pVncurHWLzUSpzh/+fFFQun1ND8/jzRN4XleucEzjmNUKhV0Op3y/09RScBUfRam3vPgkYgO56Cqza5vY6lXXXkw9XjQ5XcPXjepVB28/b2D048938Z3fnBwZYKFUxND50IcXPUZAC5cmTvw9iuPuSaigm3b0Fqj0+mUbaAnJibKzZxRZLIafd836za6F7fvPRIRET1Oo9EoW0PneY44jhGGIYTpwAkhBPI8R7vdRrfbhRKiyEUbPhIRET1OkiRlcoDv+2VyQBiGyPMcSZKUj8uyDKpYDOzvtiEiInqyNE2RZf0W4kopVKvVsp+N1hpKqTLSUYKZZ0REdEie55WL/3Ecw3XdcqNnkiRll85Wq4VOp9OPbIiIBmVZDsDsGSLaq6gWEARBmSxQbOAEUK7XbG1tIQzDXmTDRRuiF5JlOX75y1/ij//4j3D9s+uAEDhz5jSktFCpVNANAjiuAynNp73r169jfHwcyrLQbDZx5uzZXrl2YeqqJQlc18H6+gZ8z4NfqUBKAaUUPv30M7zzztuI44FinBoQUiLPM0AD0rJgWRL/47//FT782Yf45V//NT782YeI46RXQNFMf2gNuK6Dbjfs1bTKkOcajuNgZeUePM9Ds9lCkiSYnZkBhMDY2FhZYBEAlLLw+7/5PfxKBUtLlyClRJblZVZSkZlUqfhI4gTSklheXsb58xc4kL3EtNZI0xRSSiil0O12y+ZpYRii2Wyi2WyWXTsVt9kQvbhbt27Bc00dtDhJ4DimlMdnn11HlqZwXBeA6QFy4sQJ5FmGdruNOI7hOA7u319BY6eBsbExtNptBJ0O3v/gA+zsbKPreVi/eRPQGj/44Q/KQebXv/4NpJBYemMJN27cQLVSwdT0NHZ2diCEwLVr7yFJYtz66iv4vo9PPv4EgPn9Hhur4+HqI0AAP/3p38Ha2hrW1tYQxzGklL1+8tJMlSiFZrOJVtsMOkkc4+uvl+H55r633n4LWZ7j6tU38fHHn2B6egpra+uoVivY3t7B2NgYut1u+YkXWqMTBDh9+gwsy/nG/61oNIpMNNd1y0oCgGmqFgQB2u02gsAUmjXN04TJwx8qIMB1HKJD0Vqj2Wpid9fsyJ+fX8Cd23eg8xxT01MIOh3MzMzg3vIy6vUapqanEXQ6aPVa6e7uNuG4LtbX13Hq1CnMzc3h4eoqfL8C2zbVc0XvzTqOIuzu7iJJEiyeWsTtW7cghYDtOJiamsTs7EzZqndxcREPHjyA5/vIsgx+xRzn5+eRJAlOLS4iSRLcX1mB1hr1et0s8qYpKpUqAGB2bg61Wg3dbgjXdXH7zh1AAK7jQNk2pLQQdkPsNnaRZxlarXbv72Ae1WoVruvC931MTU1hdnYGyrZRq1bLa6SXUxSZihXFv2OWZUiSBJubm9jd3UUURWU69EA2Wm8zJzSgOY9GdFhXrlzG4uIi6vUalpYuod1u48zZs+h2u3BdF+PjE7BthRMnTgAATp48genpaeR5hkqliq2tTTiOiy+++ALz83MQQmB2dhaAWWC9dPEilG0qFFxaWkKSJPjgg/eRJCkmJyd6Jd3d3ht7BdPTMxBC4sqbbyLPzdqLbSu0222cPXsOtm3j/Q/eR5LEsG0bl69chud5EMIMaEopNJu7mJiYQBhGGB8fx9zcHBqNHbz11lUopbC8fA+nTp6EEMB3v/dd7O7u4sqbVxB0ArieB8/zcOnSJVQqFayvr2NsrA4pLUxPzyBL095UHgecl1XRhbNoKRCGIdrtNsIwLNOii0KdQgio3vabXhsb9uokel71uukhU6vVUKvVhm4bHx9DGEa4+tZVAObNXKl+eZu5uTnkeY5r196DZVk4caK/439ycrja8uzswZUICratAJhpu2p1uLum53n7rtc85+y+5/E8U13AcRyMjdUBANPT0+X9S0tL8H2v92euolYzkVCl0n9NuzdALiwMVldwn3j99HIoetZkWYadnR3s7u6i1WoNrdUVbaJd10Xvf7uJaHQvwmFkQzR6nvfkN1kpJVz35XkjLgYaej35vo/t7W10Oh3s7OwgTVN0u92yc6fjOOVAI4QwazZlZDO4cENERPQYlUoFUkq0220kSVKWqnEcpyxV4zgOlFLwfd9ko2FwrYZBDRERPUUQBNjc3EQQBAiCoFwbzPMcvu/DsiwopcoBpzeNxrUaIiJ6dqurqwjDEK1WC1EUmXWZ3kbPLMtMUWeg7OLZX7Phrk6iAx3U9IzodRfHMVqtVr85Wm+6rNh/A5g2BEmSII5jk43WTwvoH4nI+N//7fpxXwIdxsuTY/FS63a7ZS00y7IgpSw3dhZdOuM4Rp7nJurRvShmaOmGiIjoCba3t8s9NkW1Z9u2y0GmOC+qQJtOnehNnglOohER0dN5ngetNfI8L6OcYoABMHTcH9mAAw0RET1dnudlerPjOLBte2g6rShjUxRtVYLrM0REdEha67LKc5IkEELAdd2yqkDRbsCyLJMgoMuyz2AyGhERPTMhRBm52LYN27YhpSzXcbQ27TK01pACvRo2EBC9KgKs+kx0OJW6C0sdrjeL69tD50II2K6CcvYXp7RdBWWzaCV9exQN04ropdjICZj/y0VrgSiKTHo0oKG1aStgjuaciJ7d1WuLyDONjUdN+BUHUZhC2WbwCYMEjqeglETYTVAbM1VwO+0IUgBCCni+g6+/2sC1H51DY6uDLM3R2A5QrbuwLIkwTOC6CmGQYHK2CikFdjY7ULaF7Y02djY6x/w3QK+bLMvKFGelVNkG2rIseJ5XDjKO45jGgOhFNigjmuKciJ5V2E1w54s1ZFmOat3F7EIdftVBnuU4c3Easwt1pEkGpaTpuGlbqNZM47DxyQomZ8yUQ2Org0rNxeRsDZMzVczM1xGFCWbn6xib8OFVbMRRirCbYH5xAtWai04rOuY/Pb2OinI0eZ5DCIE0TZEkCaSU0FpDKVVmq0VRBFWUFOgv1TCsITqsz363AgBobAVY/XoHk7NVuJ6NRysN3L258cSfrdSbmJ6rIQwSXP/9/QMfs/zV5sivmehFFHtsbNsui28WFZ+L9gIAyjbRytxgMgMEMwSInovtKuRZjiw1xQgPM63VbcdYaW0N3WYpWT7Xk247yGEfZymJPNNlLaunPU+xNvUsr1HM3T/rNdHLQ0qJOI7L/jVFI7Vi0AmCoKwgkOc5VLlA01urERxoiA6tUnOQZTksy0yTpWkOx7EQRxmULZFlGsXvmldx0A1i+BUH3U4E17eRZxp5liOOM9iOBc+z0e0mUEpCCCAdeKMuXiMKUziuhcZWgOqYB2gNpSxAmGk9aQnYtgWtAcsSkJZE1E1QrbvYeNjCzEId3SCG7Vjm9XNdJgdpDfhVBzsbbdiOSU4w67oatmOmR5qNLio1B0mcIYkzeJ6NPNewLIEs14ijFLW6izjKUKmyuCIGAAAB4ElEQVQ5CIMEUgqEYYJuOz6OfyYaIa01vF5HVt/3y2aASZIgCAIIIeD7PjqdDuI4huyloKFcsynPiehZaa1RrbnI0hxpYgYaKSU0NFzPhm1bcFwF17ORpTnyzHxlmalEKKSA65nsNCkFoijF+KSPJM4grX4kkcQZXE8hClNUe2/kXsXB+KSPNM2hHIk0zWBZEpaUUMpCmmRIkhwCZtDK0hzSEsiyHEpZiKMU0hKQUkD3xkSte4NflPaSFMzHUJ2bBwSdGLW6iyTOysHPdi0IKeC4Cp5nI0tySGleJ8s0LFtCWAK2o8CU15dfkQwwGBEXiQJFP5swDBFFETqdzkBkwxoCRM+tud1Fc7tbnivbvMkDQNhJYDsWup3hT/OdplnYD1oRLCXhejaCdoSgt+Df2DRTca1Gd+jnivsHb+80w6H7DrzGPT+/sdp87GMBYLd3fLTS2HeftCTCTjw0NZYlZnAafNaNh62nXhe9nIo+NVEUlckAUsrytiiK0Gw2y+ZqplNn8YU93xPRoQkhMDVbRX3CBwCkSbZvoIEQqNT75YmzNEfQfvIbst/LXitUxw5uy+xVHTPtJQWUY0HK0f9CD65PFeIoHfnr0LdXkYnmOOb/ZVGEs9vtIkmScsAp0p//P0bJl9W5SCHRAAAAAElFTkSuQmCC" alt="" /></p>');
/*!40000 ALTER TABLE `dal_messageinfo` ENABLE KEYS */;

-- 导出  表 wordtext.detectinfo 结构
CREATE TABLE IF NOT EXISTS `detectinfo` (
  `id` int(11) NOT NULL AUTO_INCREMENT,
  `detectcontent` varchar(50) NOT NULL DEFAULT '',
  `detectresult` varchar(1200) DEFAULT NULL,
  PRIMARY KEY (`id`)
) ENGINE=InnoDB AUTO_INCREMENT=54 DEFAULT CHARSET=utf8;

-- 正在导出表  wordtext.detectinfo 的数据：~13 rows (大约)
/*!40000 ALTER TABLE `detectinfo` DISABLE KEYS */;
INSERT INTO `detectinfo` (`id`, `detectcontent`, `detectresult`) VALUES
	(40, '正常的交流不会被过滤', '正常的交流不会被过滤'),
	(41, '	你好，很高兴认识你！', '	你好，很高兴认识你！'),
	(42, '你好，SB很高兴认ooxx识你情色sbSB。', '你好，***很高兴认***识你*********。'),
	(43, '你好，很高兴认识你！', '你好，很高兴认识你！'),
	(44, '你好，SB很高兴认ooxx识你情色sbSB。', '你好，***很高兴认***识你*********。'),
	(45, 'data:image/jpeg;base64,/9j/4AAQS', '你好，  ***\n\n***内容\n\n'),
	(46, ' <img src="data:image/jpeg;base6', '你好，  ***\n\n***内容\n\n'),
	(47, ' <img src="data:image/jpeg;base64,/9j/4AAQSkZJRgAB', '你好，  ***\n\n***内容\n\n'),
	(48, 'data:image/jpeg;base64,/9j/4AAQSkZJRgABAQEAYABgAAD', '你好，  ***\n\n***内容\n\n'),
	(49, 'data:image/jpeg;base64,/9j/4AAQSkZJRgABAQEAYABgAAD', '你好，  ***\n\n***内容\n\n'),
	(51, 'data:image/jpeg;base64,/9j/4AAQSkZJRgABAQEAYABgAAD', '你好，  【Sb】\n\n【情色】内容\n\n'),
	(52, 'data:image/jpeg;base64,/9j/4AAQSkZJRgABAQEAYABgAAD', '你好，  【Sb】\n\n【情色】内容\n\n'),
	(53, 'data:image/jpeg;base64,/9j/4AAQSkZJRgABAQEAYABgAAD', '【你好】，  【Sb】\n\n【情色】内容\n\n');
/*!40000 ALTER TABLE `detectinfo` ENABLE KEYS */;

-- 导出  表 wordtext.detectjpginfo 结构
CREATE TABLE IF NOT EXISTS `detectjpginfo` (
  `id` int(11) NOT NULL AUTO_INCREMENT,
  `detectcontent` varchar(32) NOT NULL,
  `detectresult` varchar(32) NOT NULL,
  PRIMARY KEY (`id`)
) ENGINE=InnoDB AUTO_INCREMENT=13 DEFAULT CHARSET=utf8;

-- 正在导出表  wordtext.detectjpginfo 的数据：~3 rows (大约)
/*!40000 ALTER TABLE `detectjpginfo` DISABLE KEYS */;
INSERT INTO `detectjpginfo` (`id`, `detectcontent`, `detectresult`) VALUES
	(10, 'static\\outputjpg\\10\\upload.jpg', 'static\\outputjpg\\10\\output.jpg'),
	(11, 'static\\outputjpg\\11\\upload.jpg', 'static\\outputjpg\\11\\output.jpg'),
	(12, 'static\\outputjpg\\12\\upload.jpg', 'static\\outputjpg\\12\\output.jpg');
/*!40000 ALTER TABLE `detectjpginfo` ENABLE KEYS */;

-- 导出  表 wordtext.django_admin_log 结构
CREATE TABLE IF NOT EXISTS `django_admin_log` (
  `id` int(11) NOT NULL AUTO_INCREMENT,
  `action_time` datetime NOT NULL,
  `object_id` longtext,
  `object_repr` varchar(200) NOT NULL,
  `action_flag` smallint(5) unsigned NOT NULL,
  `change_message` longtext NOT NULL,
  `content_type_id` int(11) DEFAULT NULL,
  `user_id` int(11) NOT NULL,
  PRIMARY KEY (`id`),
  KEY `django_admin_log_content_type_id_c4bce8eb_fk_django_co` (`content_type_id`),
  KEY `django_admin_log_user_id_c564eba6_fk` (`user_id`),
  CONSTRAINT `django_admin_log_content_type_id_c4bce8eb_fk_django_co` FOREIGN KEY (`content_type_id`) REFERENCES `django_content_type` (`id`),
  CONSTRAINT `django_admin_log_user_id_c564eba6_fk` FOREIGN KEY (`user_id`) REFERENCES `auth_user` (`id`)
) ENGINE=InnoDB AUTO_INCREMENT=103 DEFAULT CHARSET=utf8;

-- 正在导出表  wordtext.django_admin_log 的数据：~102 rows (大约)
/*!40000 ALTER TABLE `django_admin_log` DISABLE KEYS */;
INSERT INTO `django_admin_log` (`id`, `action_time`, `object_id`, `object_repr`, `action_flag`, `change_message`, `content_type_id`, `user_id`) VALUES
	(1, '2020-05-06 06:10:18', '1', 'student1', 1, '[{"added": {}}]', 10, 1),
	(2, '2020-05-06 06:10:46', '1', 'Java', 1, '[{"added": {}}]', 8, 1),
	(3, '2020-05-06 06:10:55', '1', '302', 1, '[{"added": {}}]', 7, 1),
	(4, '2020-05-06 06:11:18', '1', '李老师', 1, '[{"added": {}}]', 9, 1),
	(5, '2020-05-06 07:58:11', '1', 'Java', 2, '[{"changed": {"fields": ["class_name"]}}]', 8, 1),
	(6, '2020-05-08 13:14:42', '1', 'Java', 2, '[{"changed": {"fields": ["startime"]}}]', 8, 1),
	(7, '2020-05-08 14:26:17', '2', '305', 1, '[{"added": {}}]', 7, 1),
	(8, '2020-05-08 14:26:57', '2', '高数', 1, '[{"added": {}}]', 8, 1),
	(9, '2020-05-08 14:29:33', '2', 'student2', 1, '[{"added": {}}]', 10, 1),
	(10, '2020-05-08 14:38:58', '2', 'teacher2', 1, '[{"added": {}}]', 9, 1),
	(11, '2020-05-08 14:44:01', '1', 'admin', 2, '[{"changed": {"fields": ["user_permissions", "last_login"]}}]', 4, 1),
	(12, '2020-05-08 14:49:44', '3', 'teacher3', 1, '[{"added": {}}]', 9, 1),
	(13, '2020-05-09 05:17:35', '4', 'teacher4', 1, '[{"added": {}}]', 9, 1),
	(14, '2023-05-02 23:28:15', '2', '305', 2, '[]', 7, 1),
	(15, '2023-05-02 23:28:18', '1', '302', 2, '[]', 7, 1),
	(16, '2023-05-02 23:28:41', '1', '李老师', 2, '[{"changed": {"fields": ["phone"]}}]', 9, 1),
	(17, '2023-05-02 23:28:50', '2', 'teacher2', 2, '[{"changed": {"fields": ["phone"]}}]', 9, 1),
	(18, '2023-05-02 23:29:02', '3', 'teacher3', 2, '[{"changed": {"fields": ["phone"]}}]', 9, 1),
	(19, '2023-05-02 23:29:11', '4', 'teacher4', 2, '[{"changed": {"fields": ["phone"]}}]', 9, 1),
	(20, '2023-05-02 23:29:25', '2', '高数', 2, '[]', 8, 1),
	(21, '2023-05-02 23:29:27', '1', 'Java', 2, '[]', 8, 1),
	(22, '2023-05-02 23:29:47', '1', 'admin', 2, '[{"changed": {"fields": ["email", "last_login"]}}]', 4, 1),
	(23, '2023-05-02 23:35:03', '3', 'hadoop搭建', 1, '[{"added": {}}]', 8, 1),
	(24, '2023-05-02 23:35:16', '2', 'teacher2', 2, '[{"changed": {"fields": ["subject_title"]}}]', 9, 1),
	(25, '2023-05-02 23:35:36', '2', 'teacher2', 2, '[]', 9, 1),
	(26, '2023-05-02 23:37:08', '3', 'hadoop搭建', 2, '[]', 8, 1),
	(27, '2023-05-02 23:39:21', '3', 'hadoop搭建', 2, '[{"changed": {"fields": ["teacher"]}}]', 8, 1),
	(28, '2023-05-02 23:47:04', '3', 'hadoop搭建', 2, '[{"changed": {"fields": ["subject_student"]}}]', 8, 1),
	(29, '2023-05-02 23:47:39', '3', 'hadoop搭建', 2, '[]', 8, 1),
	(30, '2023-05-03 00:25:46', '4', 'centos启动2', 1, '[{"added": {}}]', 8, 1),
	(31, '2023-05-03 00:27:40', '3', 'hadoop搭建2', 2, '[{"changed": {"fields": ["subject_title", "introduction", "subject_student"]}}]', 8, 1),
	(32, '2023-11-27 12:51:54', '4', 'centos启动2', 3, '', 8, 1),
	(33, '2023-11-27 14:44:42', '1', '新闻1', 1, '[{"added": {}}]', 12, 1),
	(34, '2023-11-27 15:31:04', '1', '三个纸箱', 1, '[{"added": {}}]', 13, 1),
	(35, '2023-11-28 05:07:25', '2', 'recycler1', 1, '[{"added": {}}]', 4, 1),
	(36, '2023-11-28 05:08:34', '1', '垃圾分类员', 1, '[{"added": {}}]', 3, 1),
	(37, '2023-11-28 05:09:16', '2', 'recycler1', 2, '[{"changed": {"fields": ["is_staff", "groups"]}}]', 4, 1),
	(38, '2023-11-28 05:09:53', '4', '96[已完成]', 2, '[{"changed": {"fields": ["ordercaptain"]}}]', 13, 2),
	(39, '2023-11-28 06:24:45', '2', 'demo', 1, '[{"added": {}}]', 14, 1),
	(40, '2023-11-28 07:34:49', '6', 'static\\output\\6\\upload.mp4', 3, '', 14, 1),
	(41, '2023-11-28 07:34:49', '5', 'static\\output\\5\\upload.mp4', 3, '', 14, 1),
	(42, '2023-11-28 07:34:49', '4', 'static\\output\\4\\upload.mp4', 3, '', 14, 1),
	(43, '2023-11-28 07:34:49', '3', 'static\\output\\3\\upload.mp4', 3, '', 14, 1),
	(44, '2023-11-28 07:37:13', '2', 'demo', 3, '', 14, 1),
	(45, '2023-11-28 07:56:14', '1', 'demo', 1, '[{"added": {}}]', 15, 1),
	(46, '2023-11-28 08:11:37', '3', 'static\\outputjpg\\3\\upload.jpg', 3, '', 15, 1),
	(47, '2023-11-28 08:11:37', '2', 'static\\outputjpg\\2\\upload.jpg', 3, '', 15, 1),
	(48, '2023-11-28 08:15:47', '6', 'static\\outputjpg\\6\\upload.jpg', 3, '', 15, 1),
	(49, '2023-11-28 08:15:47', '5', 'static\\outputjpg\\5\\upload.jpg', 3, '', 15, 1),
	(50, '2023-11-28 08:15:47', '4', 'static\\outputjpg\\4\\upload.jpg', 3, '', 15, 1),
	(51, '2023-11-28 08:16:28', '10', 'static\\output\\10\\upload.mp4', 3, '', 14, 1),
	(52, '2023-11-28 08:16:28', '9', 'static\\output\\9\\upload.mp4', 3, '', 14, 1),
	(53, '2023-11-28 08:16:28', '8', 'static\\output\\8\\upload.mp4', 3, '', 14, 1),
	(54, '2023-11-28 08:16:28', '7', 'static\\output\\3\\upload.mp4', 3, '', 14, 1),
	(55, '2023-11-28 08:16:30', '7', 'static\\outputjpg\\7\\upload.jpg', 3, '', 15, 1),
	(56, '2023-11-28 08:16:30', '1', 'demo', 3, '', 15, 1),
	(57, '2023-11-28 08:17:39', '11', 'static\\output\\11\\upload.mp4', 3, '', 14, 1),
	(58, '2023-11-28 13:03:57', '6', '三个废纸箱[已完成]', 2, '[{"changed": {"fields": ["ordercaptain"]}}]', 13, 2),
	(59, '2023-11-28 13:16:12', '12', 'static\\output\\12\\upload.mp4', 3, '', 14, 1),
	(60, '2023-11-28 13:24:27', '15', 'static\\output\\15\\upload.mp4', 3, '', 14, 1),
	(61, '2023-11-28 13:24:27', '14', 'static\\output\\14\\upload.mp4', 3, '', 14, 1),
	(62, '2023-11-28 13:29:09', '17', 'static\\output\\17\\upload.mp4', 3, '', 14, 1),
	(63, '2023-11-28 13:29:09', '16', 'static\\output\\14\\upload.mp4', 3, '', 14, 1),
	(64, '2023-11-28 13:29:09', '13', 'static\\output\\13\\upload.mp4', 3, '', 14, 1),
	(65, '2023-11-28 13:29:51', '18', 'demo', 1, '[{"added": {}}]', 14, 1),
	(66, '2023-11-28 13:30:58', '18', 'demo', 3, '', 14, 1),
	(67, '2023-11-28 13:50:00', '2', '新闻2', 1, '[{"added": {}}]', 12, 1),
	(68, '2023-11-28 13:50:35', '7', '五个易拉罐[已完成]', 2, '[{"changed": {"fields": ["ordercaptain"]}}]', 13, 2),
	(69, '2023-11-28 13:53:18', '3', '新闻3', 1, '[{"added": {}}]', 12, 1),
	(70, '2023-11-28 13:53:55', '4', '96[已完成]', 3, '', 13, 2),
	(71, '2023-11-28 13:54:02', '8', '七个易拉罐[已完成]', 2, '[{"changed": {"fields": ["ordercaptain"]}}]', 13, 2),
	(72, '2023-11-28 14:07:05', '19', 'static\\output\\19\\upload.mp4', 3, '', 14, 1),
	(73, '2023-11-28 14:07:20', '8', 'static\\outputjpg\\8\\upload.jpg', 3, '', 15, 1),
	(74, '2023-11-28 14:10:01', '4', '新闻4', 1, '[{"added": {}}]', 12, 1),
	(75, '2023-11-28 14:10:42', '2', '0484', 3, '', 13, 2),
	(76, '2023-11-28 14:10:49', '9', '一个易拉罐[已完成]', 2, '[{"changed": {"fields": ["ordercaptain"]}}]', 13, 2),
	(77, '2023-11-28 14:15:07', '20', 'static\\output\\20\\upload.mp4', 3, '', 14, 1),
	(78, '2023-11-28 14:15:09', '9', 'static\\outputjpg\\9\\upload.jpg', 3, '', 15, 1),
	(79, '2023-11-28 14:18:56', '5', '新闻5', 1, '[{"added": {}}]', 12, 1),
	(80, '2023-11-28 14:19:29', '6', '三个废纸箱[已完成]', 3, '', 13, 2),
	(81, '2023-11-28 14:19:29', '5', '1654', 3, '', 13, 2),
	(82, '2023-11-28 14:19:37', '10', '三个易拉罐[已完成]', 2, '[{"changed": {"fields": ["ordercaptain"]}}]', 13, 2),
	(83, '2023-12-22 10:15:54', '27', '我刚刚吃了一斤答辩，真的是绝绝子', 3, '', 14, 1),
	(84, '2023-12-22 10:15:54', '26', '你怎么回事？', 3, '', 14, 1),
	(85, '2023-12-22 10:15:54', '23', '浣犲ソ锛屽緢楂樺叴璁よ瘑浣狅紒', 3, '', 14, 1),
	(86, '2023-12-22 10:15:54', '22', 'static\\output\\22\\upload.mp4', 3, '', 14, 1),
	(87, '2023-12-22 10:15:54', '21', 'static\\output\\21\\upload.mp4', 3, '', 14, 1),
	(88, '2023-12-22 10:24:37', '32', '今天我很不开心', 3, '', 14, 1),
	(89, '2023-12-22 10:25:30', '33', '今天考试的题目好难', 3, '', 14, 1),
	(90, '2024-01-18 12:21:18', '37', '你好，很高兴认识你！', 3, '', 14, 1),
	(91, '2024-01-18 12:21:18', '36', '这部小说太差了', 3, '', 14, 1),
	(92, '2024-01-18 12:21:18', '35', '你好，很高兴今天认识你', 3, '', 14, 1),
	(93, '2024-01-18 12:21:18', '34', '这部电影太差了', 3, '', 14, 1),
	(94, '2024-01-18 12:21:18', '31', '你好，我今天看了一场电影很开心', 3, '', 14, 1),
	(95, '2024-01-18 12:21:18', '30', '你好！', 3, '', 14, 1),
	(96, '2024-01-18 12:21:18', '29', '今天的电影太好看了吧', 3, '', 14, 1),
	(97, '2024-01-18 12:21:18', '28', '你好，我今天认识你很高兴', 3, '', 14, 1),
	(98, '2024-01-18 12:21:18', '25', '你好，很高兴认识你的一天！', 3, '', 14, 1),
	(99, '2024-01-18 12:21:18', '24', '你好，很高兴认识你！', 3, '', 14, 1),
	(100, '2024-01-18 13:24:13', '39', '你好，很高兴认识你！', 3, '', 14, 1),
	(101, '2024-01-18 13:24:13', '38', '你好，SB很高兴认ooxx识你情色sbSB。', 3, '', 14, 1),
	(102, '2024-01-23 18:20:16', '50', 'data:image/jpeg;base64,/9j/4AAQSkZJRgABAQEAYABgAAD', 3, '', 14, 1);
/*!40000 ALTER TABLE `django_admin_log` ENABLE KEYS */;

-- 导出  表 wordtext.django_content_type 结构
CREATE TABLE IF NOT EXISTS `django_content_type` (
  `id` int(11) NOT NULL AUTO_INCREMENT,
  `app_label` varchar(100) NOT NULL,
  `model` varchar(100) NOT NULL,
  PRIMARY KEY (`id`),
  UNIQUE KEY `django_content_type_app_label_model_76bd3d3b_uniq` (`app_label`,`model`)
) ENGINE=InnoDB AUTO_INCREMENT=16 DEFAULT CHARSET=utf8;

-- 正在导出表  wordtext.django_content_type 的数据：~15 rows (大约)
/*!40000 ALTER TABLE `django_content_type` DISABLE KEYS */;
INSERT INTO `django_content_type` (`id`, `app_label`, `model`) VALUES
	(1, 'admin', 'logentry'),
	(3, 'auth', 'group'),
	(2, 'auth', 'permission'),
	(4, 'auth', 'user'),
	(5, 'contenttypes', 'contenttype'),
	(7, 'dal', 'classnames'),
	(14, 'dal', 'detects'),
	(15, 'dal', 'detectsjpg'),
	(13, 'dal', 'garorder'),
	(11, 'dal', 'messageinfo'),
	(12, 'dal', 'news'),
	(8, 'dal', 'subject'),
	(9, 'dal', 'tecinfo'),
	(10, 'dal', 'userinfo'),
	(6, 'sessions', 'session');
/*!40000 ALTER TABLE `django_content_type` ENABLE KEYS */;

-- 导出  表 wordtext.django_migrations 结构
CREATE TABLE IF NOT EXISTS `django_migrations` (
  `id` int(11) NOT NULL AUTO_INCREMENT,
  `app` varchar(255) NOT NULL,
  `name` varchar(255) NOT NULL,
  `applied` datetime NOT NULL,
  PRIMARY KEY (`id`)
) ENGINE=InnoDB AUTO_INCREMENT=31 DEFAULT CHARSET=utf8;

-- 正在导出表  wordtext.django_migrations 的数据：~30 rows (大约)
/*!40000 ALTER TABLE `django_migrations` DISABLE KEYS */;
INSERT INTO `django_migrations` (`id`, `app`, `name`, `applied`) VALUES
	(1, 'contenttypes', '0001_initial', '2020-05-06 06:06:56'),
	(2, 'auth', '0001_initial', '2020-05-06 06:06:56'),
	(3, 'admin', '0001_initial', '2020-05-06 06:06:56'),
	(4, 'admin', '0002_logentry_remove_auto_add', '2020-05-06 06:06:56'),
	(5, 'contenttypes', '0002_remove_content_type_name', '2020-05-06 06:06:56'),
	(6, 'auth', '0002_alter_permission_name_max_length', '2020-05-06 06:06:56'),
	(7, 'auth', '0003_alter_user_email_max_length', '2020-05-06 06:06:57'),
	(8, 'auth', '0004_alter_user_username_opts', '2020-05-06 06:06:57'),
	(9, 'auth', '0005_alter_user_last_login_null', '2020-05-06 06:06:57'),
	(10, 'auth', '0006_require_contenttypes_0002', '2020-05-06 06:06:57'),
	(11, 'auth', '0007_alter_validators_add_error_messages', '2020-05-06 06:06:57'),
	(12, 'auth', '0008_alter_user_username_max_length', '2020-05-06 06:06:57'),
	(13, 'auth', '0009_alter_user_last_name_max_length', '2020-05-06 06:06:57'),
	(14, 'dal', '0001_initial', '2020-05-06 06:06:57'),
	(15, 'dal', '0002_auto_20200506_1406', '2020-05-06 06:06:57'),
	(16, 'sessions', '0001_initial', '2020-05-06 06:06:57'),
	(17, 'dal', '0003_auto_20200506_1551', '2020-05-06 07:51:47'),
	(18, 'admin', '0003_logentry_add_action_flag_choices', '2023-02-19 08:53:40'),
	(19, 'auth', '0010_alter_group_name_max_length', '2023-02-19 08:53:40'),
	(20, 'auth', '0011_update_proxy_permissions', '2023-02-19 08:53:40'),
	(21, 'auth', '0012_alter_user_first_name_max_length', '2023-02-19 08:53:40'),
	(22, 'dal', '0002_auto_20230503_0931', '2023-05-03 01:31:27'),
	(23, 'dal', '0003_messageinfo', '2023-05-03 01:34:13'),
	(24, 'dal', '0002_news', '2023-11-27 12:43:19'),
	(25, 'dal', '0002_auto_20231127_2328', '2023-11-27 15:30:23'),
	(26, 'dal', '0003_auto_20231128_0000', '2023-11-27 16:01:25'),
	(27, 'dal', '0004_auto_20231128_1358', '2023-11-28 05:59:39'),
	(28, 'dal', '0005_auto_20231128_1529', '2023-11-28 07:32:55'),
	(29, 'dal', '0006_auto_20231128_1530', '2023-11-28 07:32:55'),
	(30, 'dal', '0007_auto_20231128_1548', '2023-11-28 07:49:37');
/*!40000 ALTER TABLE `django_migrations` ENABLE KEYS */;

-- 导出  表 wordtext.django_session 结构
CREATE TABLE IF NOT EXISTS `django_session` (
  `session_key` varchar(40) NOT NULL,
  `session_data` longtext NOT NULL,
  `expire_date` datetime NOT NULL,
  PRIMARY KEY (`session_key`),
  KEY `django_session_expire_date_a5c62663` (`expire_date`)
) ENGINE=InnoDB DEFAULT CHARSET=utf8;

-- 正在导出表  wordtext.django_session 的数据：~27 rows (大约)
/*!40000 ALTER TABLE `django_session` DISABLE KEYS */;
INSERT INTO `django_session` (`session_key`, `session_data`, `expire_date`) VALUES
	('07019rjmpwuseig0283g2cjqoiysl41n', 'eyJ1c2VybmFtZSI6InRlYWNoZXIyIn0:1prsGn:tlXuOzBrUsEpSqK2AyS7T1-gC8g9ZQGNGNKC_0YezqY', '2023-05-11 03:26:09'),
	('0e2r85hxtx3pyb10cogrlc8ack59cu32', 'eyJ1c2VybmFtZSI6ImRlbW9kZW1vIn0:1pWtSt:TLDKiSCpu2kyEqqTgjSPbqafmw3gSPLvAKu9ZtqBpP4', '2023-03-14 06:27:55'),
	('23irdjga1zx41g4xhxykog78pxf9ktwa', 'NDY4YjNiYzRiZDNmODU2Zjg1MTY2MjU1Njg0OTEyOGRiMDhjYWVmYjp7InVzZXJuYW1lIjoidGVhY2hlcjIifQ==', '2023-05-17 02:18:26'),
	('2c7frmr4j3oy8jgz422s62l6r0mcw7qe', 'ODIyMzI0ZWIzNTljMDUxNzYzNjRkZGMzOTE2MzZmZDM0NTZkYWI4MDp7InVzZXJuYW1lIjoiaXA0In0=', '2023-06-12 10:52:08'),
	('2lq9u7ksnnxyjaq7semj89r15n6p94gt', 'MzU5Yzk0YTExYzhlN2ExODlmMmUxZmM2OTZkMGJhMmIyZmMyZGJmZDp7InVzZXJuYW1lIjoidXNlcjgyMzQiLCJfYXV0aF91c2VyX2lkIjoiMSIsIl9hdXRoX3VzZXJfYmFja2VuZCI6ImRqYW5nby5jb250cmliLmF1dGguYmFja2VuZHMuTW9kZWxCYWNrZW5kIiwiX2F1dGhfdXNlcl9oYXNoIjoiNTcwY2JiMmUzYzAxMmUxZTkzOWExMmIwOTI3NmY1NDBjZDAyZDhjOSIsIl9tZW51cyI6Ilt7XCJuYW1lXCI6IFwiRGFsXCIsIFwiaWNvblwiOiBcImZhciBmYS1jaXJjbGVcIiwgXCJtb2RlbHNcIjogW3tcIm5hbWVcIjogXCJcXHU2MGM1XFx1NjExZlxcdTUyMDZcXHU2NzkwXFx1N2JhMVxcdTc0MDZcIiwgXCJpY29uXCI6IFwiZmFyIGZhLWNpcmNsZVwiLCBcInVybFwiOiBcIi9hZG1pbi9kYWwvZGV0ZWN0cy9cIiwgXCJhZGRVcmxcIjogXCIvYWRtaW4vZGFsL2RldGVjdHMvYWRkL1wiLCBcImJyZWFkY3J1bWJzXCI6IFt7XCJuYW1lXCI6IFwiRGFsXCIsIFwiaWNvblwiOiBcImZhciBmYS1jaXJjbGVcIn0sIHtcIm5hbWVcIjogXCJcXHU2MGM1XFx1NjExZlxcdTUyMDZcXHU2NzkwXFx1N2JhMVxcdTc0MDZcIiwgXCJpY29uXCI6IFwiZmFyIGZhLWNpcmNsZVwifV0sIFwiZWlkXCI6IDEwMDJ9LCB7XCJuYW1lXCI6IFwiXFx1NzUyOFxcdTYyMzdcXHU0ZmUxXFx1NjA2ZlwiLCBcImljb25cIjogXCJmYXIgZmEtY2lyY2xlXCIsIFwidXJsXCI6IFwiL2FkbWluL2RhbC91c2VyaW5mby9cIiwgXCJhZGRVcmxcIjogXCIvYWRtaW4vZGFsL3VzZXJpbmZvL2FkZC9cIiwgXCJicmVhZGNydW1ic1wiOiBbe1wibmFtZVwiOiBcIkRhbFwiLCBcImljb25cIjogXCJmYXIgZmEtY2lyY2xlXCJ9LCB7XCJuYW1lXCI6IFwiXFx1NzUyOFxcdTYyMzdcXHU0ZmUxXFx1NjA2ZlwiLCBcImljb25cIjogXCJmYXIgZmEtY2lyY2xlXCJ9XSwgXCJlaWRcIjogMTAwM31dLCBcImVpZFwiOiAxMDAxfSwge1wibmFtZVwiOiBcIlxcdThiYTRcXHU4YmMxXFx1NTQ4Y1xcdTYzODhcXHU2NzQzXCIsIFwiaWNvblwiOiBcImZhcyBmYS1zaGllbGQtYWx0XCIsIFwibW9kZWxzXCI6IFt7XCJuYW1lXCI6IFwiXFx1NzUyOFxcdTYyMzdcIiwgXCJpY29uXCI6IFwiZmFyIGZhLXVzZXJcIiwgXCJ1cmxcIjogXCIvYWRtaW4vYXV0aC91c2VyL1wiLCBcImFkZFVybFwiOiBcIi9hZG1pbi9hdXRoL3VzZXIvYWRkL1wiLCBcImJyZWFkY3J1bWJzXCI6IFt7XCJuYW1lXCI6IFwiXFx1OGJhNFxcdThiYzFcXHU1NDhjXFx1NjM4OFxcdTY3NDNcIiwgXCJpY29uXCI6IFwiZmFzIGZhLXNoaWVsZC1hbHRcIn0sIHtcIm5hbWVcIjogXCJcXHU3NTI4XFx1NjIzN1wiLCBcImljb25cIjogXCJmYXIgZmEtdXNlclwifV0sIFwiZWlkXCI6IDEwMDV9LCB7XCJuYW1lXCI6IFwiXFx1N2VjNFwiLCBcImljb25cIjogXCJmYXMgZmEtdXNlcnMtY29nXCIsIFwidXJsXCI6IFwiL2FkbWluL2F1dGgvZ3JvdXAvXCIsIFwiYWRkVXJsXCI6IFwiL2FkbWluL2F1dGgvZ3JvdXAvYWRkL1wiLCBcImJyZWFkY3J1bWJzXCI6IFt7XCJuYW1lXCI6IFwiXFx1OGJhNFxcdThiYzFcXHU1NDhjXFx1NjM4OFxcdTY3NDNcIiwgXCJpY29uXCI6IFwiZmFzIGZhLXNoaWVsZC1hbHRcIn0sIHtcIm5hbWVcIjogXCJcXHU3ZWM0XCIsIFwiaWNvblwiOiBcImZhcyBmYS11c2Vycy1jb2dcIn1dLCBcImVpZFwiOiAxMDA2fV0sIFwiZWlkXCI6IDEwMDR9XSJ9', '2024-01-05 10:28:11'),
	('45zfknsnj5hy3fgmiqwyzjf2e0ytv6x3', 'MzhhNjE1MjhkY2U0MzBjYmFmNTg1NDE4ODk1Yjg5Y2NmMGM3ZmMzYzp7InVzZXJuYW1lIjoic3R1ZGVudDEifQ==', '2023-05-13 12:02:36'),
	('4c4yih21nis24asvzvkma1a31d5xarf8', 'YmUwNTg4Y2I0Zjg5ZmEzNzk1ZTAyNjIxZWY4YzJlNmZiM2IzOGNkMTp7InVzZXJuYW1lIjoic3R1ZGVudDEiLCJfYXV0aF91c2VyX2lkIjoiMSIsIl9hdXRoX3VzZXJfYmFja2VuZCI6ImRqYW5nby5jb250cmliLmF1dGguYmFja2VuZHMuTW9kZWxCYWNrZW5kIiwiX2F1dGhfdXNlcl9oYXNoIjoiNTcwY2JiMmUzYzAxMmUxZTkzOWExMmIwOTI3NmY1NDBjZDAyZDhjOSIsIl9tZW51cyI6Ilt7XCJuYW1lXCI6IFwiRGFsXCIsIFwiaWNvblwiOiBcImZhciBmYS1jaXJjbGVcIiwgXCJtb2RlbHNcIjogW3tcIm5hbWVcIjogXCJcXHU2MGM1XFx1NjExZlxcdTUyMDZcXHU2NzkwXFx1N2JhMVxcdTc0MDZcIiwgXCJpY29uXCI6IFwiZmFyIGZhLWNpcmNsZVwiLCBcInVybFwiOiBcIi9hZG1pbi9kYWwvZGV0ZWN0cy9cIiwgXCJhZGRVcmxcIjogXCIvYWRtaW4vZGFsL2RldGVjdHMvYWRkL1wiLCBcImJyZWFkY3J1bWJzXCI6IFt7XCJuYW1lXCI6IFwiRGFsXCIsIFwiaWNvblwiOiBcImZhciBmYS1jaXJjbGVcIn0sIHtcIm5hbWVcIjogXCJcXHU2MGM1XFx1NjExZlxcdTUyMDZcXHU2NzkwXFx1N2JhMVxcdTc0MDZcIiwgXCJpY29uXCI6IFwiZmFyIGZhLWNpcmNsZVwifV0sIFwiZWlkXCI6IDEwMDJ9LCB7XCJuYW1lXCI6IFwiXFx1NzUyOFxcdTYyMzdcXHU0ZmUxXFx1NjA2ZlwiLCBcImljb25cIjogXCJmYXIgZmEtY2lyY2xlXCIsIFwidXJsXCI6IFwiL2FkbWluL2RhbC91c2VyaW5mby9cIiwgXCJhZGRVcmxcIjogXCIvYWRtaW4vZGFsL3VzZXJpbmZvL2FkZC9cIiwgXCJicmVhZGNydW1ic1wiOiBbe1wibmFtZVwiOiBcIkRhbFwiLCBcImljb25cIjogXCJmYXIgZmEtY2lyY2xlXCJ9LCB7XCJuYW1lXCI6IFwiXFx1NzUyOFxcdTYyMzdcXHU0ZmUxXFx1NjA2ZlwiLCBcImljb25cIjogXCJmYXIgZmEtY2lyY2xlXCJ9XSwgXCJlaWRcIjogMTAwM31dLCBcImVpZFwiOiAxMDAxfSwge1wibmFtZVwiOiBcIlxcdThiYTRcXHU4YmMxXFx1NTQ4Y1xcdTYzODhcXHU2NzQzXCIsIFwiaWNvblwiOiBcImZhcyBmYS1zaGllbGQtYWx0XCIsIFwibW9kZWxzXCI6IFt7XCJuYW1lXCI6IFwiXFx1NzUyOFxcdTYyMzdcIiwgXCJpY29uXCI6IFwiZmFyIGZhLXVzZXJcIiwgXCJ1cmxcIjogXCIvYWRtaW4vYXV0aC91c2VyL1wiLCBcImFkZFVybFwiOiBcIi9hZG1pbi9hdXRoL3VzZXIvYWRkL1wiLCBcImJyZWFkY3J1bWJzXCI6IFt7XCJuYW1lXCI6IFwiXFx1OGJhNFxcdThiYzFcXHU1NDhjXFx1NjM4OFxcdTY3NDNcIiwgXCJpY29uXCI6IFwiZmFzIGZhLXNoaWVsZC1hbHRcIn0sIHtcIm5hbWVcIjogXCJcXHU3NTI4XFx1NjIzN1wiLCBcImljb25cIjogXCJmYXIgZmEtdXNlclwifV0sIFwiZWlkXCI6IDEwMDV9LCB7XCJuYW1lXCI6IFwiXFx1N2VjNFwiLCBcImljb25cIjogXCJmYXMgZmEtdXNlcnMtY29nXCIsIFwidXJsXCI6IFwiL2FkbWluL2F1dGgvZ3JvdXAvXCIsIFwiYWRkVXJsXCI6IFwiL2FkbWluL2F1dGgvZ3JvdXAvYWRkL1wiLCBcImJyZWFkY3J1bWJzXCI6IFt7XCJuYW1lXCI6IFwiXFx1OGJhNFxcdThiYzFcXHU1NDhjXFx1NjM4OFxcdTY3NDNcIiwgXCJpY29uXCI6IFwiZmFzIGZhLXNoaWVsZC1hbHRcIn0sIHtcIm5hbWVcIjogXCJcXHU3ZWM0XCIsIFwiaWNvblwiOiBcImZhcyBmYS11c2Vycy1jb2dcIn1dLCBcImVpZFwiOiAxMDA2fV0sIFwiZWlkXCI6IDEwMDR9XSJ9', '2024-01-05 10:16:06'),
	('5j6gn70pr80opvblsm1ves3byj32x7za', 'eyJ1c2VybmFtZSI6InN0dWRlbnQxIn0:1poovh:bVMMLmQv1DjpDA9NheQMAqNgOCwsUW9gwi0jgHb2vec', '2023-05-02 17:15:45'),
	('7ae2c1xwmedetk2bd2y2gk7brm41u281', 'MzhhNjE1MjhkY2U0MzBjYmFmNTg1NDE4ODk1Yjg5Y2NmMGM3ZmMzYzp7InVzZXJuYW1lIjoic3R1ZGVudDEifQ==', '2024-02-06 16:12:56'),
	('7gh11ff43yz5cvslpdqq4e7d0dj44xoh', 'NDY4YjNiYzRiZDNmODU2Zjg1MTY2MjU1Njg0OTEyOGRiMDhjYWVmYjp7InVzZXJuYW1lIjoidGVhY2hlcjIifQ==', '2023-05-16 10:41:43'),
	('9b8xwjx1j64na76grgtbgdae3s0p1tsv', 'NDVkMDJiMzNlNThiNTU4YmIxMWM3NjdjNmExMTcyNTNmMjMwOTA2ZTp7InVzZXJuYW1lIjoic3R1ZGVudDEiLCJfYXV0aF91c2VyX2lkIjoiMSIsIl9hdXRoX3VzZXJfYmFja2VuZCI6ImRqYW5nby5jb250cmliLmF1dGguYmFja2VuZHMuTW9kZWxCYWNrZW5kIiwiX2F1dGhfdXNlcl9oYXNoIjoiNDJmZTc1ZWE3NjY0OWQ4ZjdjZjg0MmIxNmNjNWY4NDEzMWU0YTA4YSIsIl9tZW51cyI6Ilt7XCJuYW1lXCI6IFwiRGFsXCIsIFwiaWNvblwiOiBcImZhciBmYS1jaXJjbGVcIiwgXCJtb2RlbHNcIjogW3tcIm5hbWVcIjogXCJcXHU1YjY2XFx1NzUxZlxcdTRmZTFcXHU2MDZmXCIsIFwiaWNvblwiOiBcImZhciBmYS1jaXJjbGVcIiwgXCJ1cmxcIjogXCIvYWRtaW4vZGFsL3VzZXJpbmZvL1wiLCBcImFkZFVybFwiOiBcIi9hZG1pbi9kYWwvdXNlcmluZm8vYWRkL1wiLCBcImJyZWFkY3J1bWJzXCI6IFt7XCJuYW1lXCI6IFwiRGFsXCIsIFwiaWNvblwiOiBcImZhciBmYS1jaXJjbGVcIn0sIHtcIm5hbWVcIjogXCJcXHU1YjY2XFx1NzUxZlxcdTRmZTFcXHU2MDZmXCIsIFwiaWNvblwiOiBcImZhciBmYS1jaXJjbGVcIn1dLCBcImVpZFwiOiAxMDAyfSwge1wibmFtZVwiOiBcIlxcdTViOWVcXHU5YThjXFx1OGJmZVxcdTg4NjhcIiwgXCJpY29uXCI6IFwiZmFyIGZhLWNpcmNsZVwiLCBcInVybFwiOiBcIi9hZG1pbi9kYWwvc3ViamVjdC9cIiwgXCJhZGRVcmxcIjogXCIvYWRtaW4vZGFsL3N1YmplY3QvYWRkL1wiLCBcImJyZWFkY3J1bWJzXCI6IFt7XCJuYW1lXCI6IFwiRGFsXCIsIFwiaWNvblwiOiBcImZhciBmYS1jaXJjbGVcIn0sIHtcIm5hbWVcIjogXCJcXHU1YjllXFx1OWE4Y1xcdThiZmVcXHU4ODY4XCIsIFwiaWNvblwiOiBcImZhciBmYS1jaXJjbGVcIn1dLCBcImVpZFwiOiAxMDAzfSwge1wibmFtZVwiOiBcIlxcdTY1NTlcXHU1YmE0XFx1N2JhMVxcdTc0MDZcIiwgXCJpY29uXCI6IFwiZmFyIGZhLWNpcmNsZVwiLCBcInVybFwiOiBcIi9hZG1pbi9kYWwvY2xhc3NuYW1lcy9cIiwgXCJhZGRVcmxcIjogXCIvYWRtaW4vZGFsL2NsYXNzbmFtZXMvYWRkL1wiLCBcImJyZWFkY3J1bWJzXCI6IFt7XCJuYW1lXCI6IFwiRGFsXCIsIFwiaWNvblwiOiBcImZhciBmYS1jaXJjbGVcIn0sIHtcIm5hbWVcIjogXCJcXHU2NTU5XFx1NWJhNFxcdTdiYTFcXHU3NDA2XCIsIFwiaWNvblwiOiBcImZhciBmYS1jaXJjbGVcIn1dLCBcImVpZFwiOiAxMDA0fSwge1wibmFtZVwiOiBcIlxcdTY1NTlcXHU1ZTA4XFx1NGZlMVxcdTYwNmZcIiwgXCJpY29uXCI6IFwiZmFyIGZhLWNpcmNsZVwiLCBcInVybFwiOiBcIi9hZG1pbi9kYWwvdGVjaW5mby9cIiwgXCJhZGRVcmxcIjogXCIvYWRtaW4vZGFsL3RlY2luZm8vYWRkL1wiLCBcImJyZWFkY3J1bWJzXCI6IFt7XCJuYW1lXCI6IFwiRGFsXCIsIFwiaWNvblwiOiBcImZhciBmYS1jaXJjbGVcIn0sIHtcIm5hbWVcIjogXCJcXHU2NTU5XFx1NWUwOFxcdTRmZTFcXHU2MDZmXCIsIFwiaWNvblwiOiBcImZhciBmYS1jaXJjbGVcIn1dLCBcImVpZFwiOiAxMDA1fV0sIFwiZWlkXCI6IDEwMDF9LCB7XCJuYW1lXCI6IFwiXFx1OGJhNFxcdThiYzFcXHU1NDhjXFx1NjM4OFxcdTY3NDNcIiwgXCJpY29uXCI6IFwiZmFzIGZhLXNoaWVsZC1hbHRcIiwgXCJtb2RlbHNcIjogW3tcIm5hbWVcIjogXCJcXHU3NTI4XFx1NjIzN1wiLCBcImljb25cIjogXCJmYXIgZmEtdXNlclwiLCBcInVybFwiOiBcIi9hZG1pbi9hdXRoL3VzZXIvXCIsIFwiYWRkVXJsXCI6IFwiL2FkbWluL2F1dGgvdXNlci9hZGQvXCIsIFwiYnJlYWRjcnVtYnNcIjogW3tcIm5hbWVcIjogXCJcXHU4YmE0XFx1OGJjMVxcdTU0OGNcXHU2Mzg4XFx1Njc0M1wiLCBcImljb25cIjogXCJmYXMgZmEtc2hpZWxkLWFsdFwifSwge1wibmFtZVwiOiBcIlxcdTc1MjhcXHU2MjM3XCIsIFwiaWNvblwiOiBcImZhciBmYS11c2VyXCJ9XSwgXCJlaWRcIjogMTAwN30sIHtcIm5hbWVcIjogXCJcXHU3ZWM0XCIsIFwiaWNvblwiOiBcImZhcyBmYS11c2Vycy1jb2dcIiwgXCJ1cmxcIjogXCIvYWRtaW4vYXV0aC9ncm91cC9cIiwgXCJhZGRVcmxcIjogXCIvYWRtaW4vYXV0aC9ncm91cC9hZGQvXCIsIFwiYnJlYWRjcnVtYnNcIjogW3tcIm5hbWVcIjogXCJcXHU4YmE0XFx1OGJjMVxcdTU0OGNcXHU2Mzg4XFx1Njc0M1wiLCBcImljb25cIjogXCJmYXMgZmEtc2hpZWxkLWFsdFwifSwge1wibmFtZVwiOiBcIlxcdTdlYzRcIiwgXCJpY29uXCI6IFwiZmFzIGZhLXVzZXJzLWNvZ1wifV0sIFwiZWlkXCI6IDEwMDh9XSwgXCJlaWRcIjogMTAwNn1dIn0=', '2023-05-17 01:16:24'),
	('a3su16xd1uwio3esz64ahi6mbybwka1f', 'MzhhNjE1MjhkY2U0MzBjYmFmNTg1NDE4ODk1Yjg5Y2NmMGM3ZmMzYzp7InVzZXJuYW1lIjoic3R1ZGVudDEifQ==', '2024-01-05 10:16:31'),
	('b5tkssxkuf63olgknw74l3npufju4tfw', 'ZjY1ODMyY2Y0MTYxODVjMWViZWFlZTFiYmFjNjViYjUxYWIxNjFmMTp7InVzZXJuYW1lIjoiZGVtbzgyZWYiLCJfYXV0aF91c2VyX2lkIjoiMSIsIl9hdXRoX3VzZXJfYmFja2VuZCI6ImRqYW5nby5jb250cmliLmF1dGguYmFja2VuZHMuTW9kZWxCYWNrZW5kIiwiX2F1dGhfdXNlcl9oYXNoIjoiNTcwY2JiMmUzYzAxMmUxZTkzOWExMmIwOTI3NmY1NDBjZDAyZDhjOSIsIl9tZW51cyI6Ilt7XCJuYW1lXCI6IFwiRGFsXCIsIFwiaWNvblwiOiBcImZhciBmYS1jaXJjbGVcIiwgXCJtb2RlbHNcIjogW3tcIm5hbWVcIjogXCJcXHU2NTRmXFx1NjExZlxcdTRmZTFcXHU2MDZmXFx1OGZjN1xcdTZlZTRcXHU3YmExXFx1NzQwNlwiLCBcImljb25cIjogXCJmYXIgZmEtY2lyY2xlXCIsIFwidXJsXCI6IFwiL2FkbWluL2RhbC9kZXRlY3RzL1wiLCBcImFkZFVybFwiOiBcIi9hZG1pbi9kYWwvZGV0ZWN0cy9hZGQvXCIsIFwiYnJlYWRjcnVtYnNcIjogW3tcIm5hbWVcIjogXCJEYWxcIiwgXCJpY29uXCI6IFwiZmFyIGZhLWNpcmNsZVwifSwge1wibmFtZVwiOiBcIlxcdTY1NGZcXHU2MTFmXFx1NGZlMVxcdTYwNmZcXHU4ZmM3XFx1NmVlNFxcdTdiYTFcXHU3NDA2XCIsIFwiaWNvblwiOiBcImZhciBmYS1jaXJjbGVcIn1dLCBcImVpZFwiOiAxMDAyfSwge1wibmFtZVwiOiBcIlxcdTc1MjhcXHU2MjM3XFx1NGZlMVxcdTYwNmZcIiwgXCJpY29uXCI6IFwiZmFyIGZhLWNpcmNsZVwiLCBcInVybFwiOiBcIi9hZG1pbi9kYWwvdXNlcmluZm8vXCIsIFwiYWRkVXJsXCI6IFwiL2FkbWluL2RhbC91c2VyaW5mby9hZGQvXCIsIFwiYnJlYWRjcnVtYnNcIjogW3tcIm5hbWVcIjogXCJEYWxcIiwgXCJpY29uXCI6IFwiZmFyIGZhLWNpcmNsZVwifSwge1wibmFtZVwiOiBcIlxcdTc1MjhcXHU2MjM3XFx1NGZlMVxcdTYwNmZcIiwgXCJpY29uXCI6IFwiZmFyIGZhLWNpcmNsZVwifV0sIFwiZWlkXCI6IDEwMDN9XSwgXCJlaWRcIjogMTAwMX0sIHtcIm5hbWVcIjogXCJcXHU4YmE0XFx1OGJjMVxcdTU0OGNcXHU2Mzg4XFx1Njc0M1wiLCBcImljb25cIjogXCJmYXMgZmEtc2hpZWxkLWFsdFwiLCBcIm1vZGVsc1wiOiBbe1wibmFtZVwiOiBcIlxcdTc1MjhcXHU2MjM3XCIsIFwiaWNvblwiOiBcImZhciBmYS11c2VyXCIsIFwidXJsXCI6IFwiL2FkbWluL2F1dGgvdXNlci9cIiwgXCJhZGRVcmxcIjogXCIvYWRtaW4vYXV0aC91c2VyL2FkZC9cIiwgXCJicmVhZGNydW1ic1wiOiBbe1wibmFtZVwiOiBcIlxcdThiYTRcXHU4YmMxXFx1NTQ4Y1xcdTYzODhcXHU2NzQzXCIsIFwiaWNvblwiOiBcImZhcyBmYS1zaGllbGQtYWx0XCJ9LCB7XCJuYW1lXCI6IFwiXFx1NzUyOFxcdTYyMzdcIiwgXCJpY29uXCI6IFwiZmFyIGZhLXVzZXJcIn1dLCBcImVpZFwiOiAxMDA1fSwge1wibmFtZVwiOiBcIlxcdTdlYzRcIiwgXCJpY29uXCI6IFwiZmFzIGZhLXVzZXJzLWNvZ1wiLCBcInVybFwiOiBcIi9hZG1pbi9hdXRoL2dyb3VwL1wiLCBcImFkZFVybFwiOiBcIi9hZG1pbi9hdXRoL2dyb3VwL2FkZC9cIiwgXCJicmVhZGNydW1ic1wiOiBbe1wibmFtZVwiOiBcIlxcdThiYTRcXHU4YmMxXFx1NTQ4Y1xcdTYzODhcXHU2NzQzXCIsIFwiaWNvblwiOiBcImZhcyBmYS1zaGllbGQtYWx0XCJ9LCB7XCJuYW1lXCI6IFwiXFx1N2VjNFwiLCBcImljb25cIjogXCJmYXMgZmEtdXNlcnMtY29nXCJ9XSwgXCJlaWRcIjogMTAwNn1dLCBcImVpZFwiOiAxMDA0fV0ifQ==', '2024-02-01 13:26:54'),
	('bbpwbjy7yk38f4dm0sze3ykqaqbeb7ed', 'eyJ1c2VybmFtZSI6ImRlbW8zIn0:1pYPER:1IlLPAbtFjb2c_ddgKZa4Uhq2BzXZlUXxnA295Zp3KY', '2023-03-18 10:35:15'),
	('bnvnt8nxg5msfkwygiwnan3yvvhofwcd', 'eyJ1c2VybmFtZSI6ImRlbW9kZW1vIn0:1pU1jh:fe-PasliffLLnjgUeyLi7DuMqQUA1ULejGISSy51-Ig', '2023-03-06 08:41:25'),
	('bvtii3z2vuonz8go9fkdxmime00wby9w', 'Mjc5MTdmZjdlYWUwMjNkMWQyMzJhODgyYTI5ODk1NzQ2NWYzMjE2ZTp7InVzZXJuYW1lIjoic3R1ZGVudDEiLCJfYXV0aF91c2VyX2lkIjoiMSIsIl9hdXRoX3VzZXJfYmFja2VuZCI6ImRqYW5nby5jb250cmliLmF1dGguYmFja2VuZHMuTW9kZWxCYWNrZW5kIiwiX2F1dGhfdXNlcl9oYXNoIjoiNTQxMTY0MjI3ZTM2MmFlYmVkYTI0NGEwOTA1M2QxZDQ1MDBjYWZlNiIsIl9tZW51cyI6Ilt7XCJuYW1lXCI6IFwiRGFsXCIsIFwiaWNvblwiOiBcImZhciBmYS1jaXJjbGVcIiwgXCJtb2RlbHNcIjogW3tcIm5hbWVcIjogXCJcXHU1YjY2XFx1NzUxZlxcdTRmZTFcXHU2MDZmXCIsIFwiaWNvblwiOiBcImZhciBmYS1jaXJjbGVcIiwgXCJ1cmxcIjogXCIvYWRtaW4vZGFsL3VzZXJpbmZvL1wiLCBcImFkZFVybFwiOiBcIi9hZG1pbi9kYWwvdXNlcmluZm8vYWRkL1wiLCBcImJyZWFkY3J1bWJzXCI6IFt7XCJuYW1lXCI6IFwiRGFsXCIsIFwiaWNvblwiOiBcImZhciBmYS1jaXJjbGVcIn0sIHtcIm5hbWVcIjogXCJcXHU1YjY2XFx1NzUxZlxcdTRmZTFcXHU2MDZmXCIsIFwiaWNvblwiOiBcImZhciBmYS1jaXJjbGVcIn1dLCBcImVpZFwiOiAxMDAyfV0sIFwiZWlkXCI6IDEwMDF9LCB7XCJuYW1lXCI6IFwiXFx1OGJhNFxcdThiYzFcXHU1NDhjXFx1NjM4OFxcdTY3NDNcIiwgXCJpY29uXCI6IFwiZmFzIGZhLXNoaWVsZC1hbHRcIiwgXCJtb2RlbHNcIjogW3tcIm5hbWVcIjogXCJcXHU3NTI4XFx1NjIzN1wiLCBcImljb25cIjogXCJmYXIgZmEtdXNlclwiLCBcInVybFwiOiBcIi9hZG1pbi9hdXRoL3VzZXIvXCIsIFwiYWRkVXJsXCI6IFwiL2FkbWluL2F1dGgvdXNlci9hZGQvXCIsIFwiYnJlYWRjcnVtYnNcIjogW3tcIm5hbWVcIjogXCJcXHU4YmE0XFx1OGJjMVxcdTU0OGNcXHU2Mzg4XFx1Njc0M1wiLCBcImljb25cIjogXCJmYXMgZmEtc2hpZWxkLWFsdFwifSwge1wibmFtZVwiOiBcIlxcdTc1MjhcXHU2MjM3XCIsIFwiaWNvblwiOiBcImZhciBmYS11c2VyXCJ9XSwgXCJlaWRcIjogMTAwNH0sIHtcIm5hbWVcIjogXCJcXHU3ZWM0XCIsIFwiaWNvblwiOiBcImZhcyBmYS11c2Vycy1jb2dcIiwgXCJ1cmxcIjogXCIvYWRtaW4vYXV0aC9ncm91cC9cIiwgXCJhZGRVcmxcIjogXCIvYWRtaW4vYXV0aC9ncm91cC9hZGQvXCIsIFwiYnJlYWRjcnVtYnNcIjogW3tcIm5hbWVcIjogXCJcXHU4YmE0XFx1OGJjMVxcdTU0OGNcXHU2Mzg4XFx1Njc0M1wiLCBcImljb25cIjogXCJmYXMgZmEtc2hpZWxkLWFsdFwifSwge1wibmFtZVwiOiBcIlxcdTdlYzRcIiwgXCJpY29uXCI6IFwiZmFzIGZhLXVzZXJzLWNvZ1wifV0sIFwiZWlkXCI6IDEwMDV9XSwgXCJlaWRcIjogMTAwM31dIn0=', '2023-05-21 13:10:38'),
	('c1qpp8rlyau7aaxcp15bjxo2gnq6vwab', 'MzhhNjE1MjhkY2U0MzBjYmFmNTg1NDE4ODk1Yjg5Y2NmMGM3ZmMzYzp7InVzZXJuYW1lIjoic3R1ZGVudDEifQ==', '2023-03-01 06:49:47'),
	('cdwomqw2v0gogg9621128b99hnb03qmo', 'eyJ1c2VybmFtZSI6ImRlbW9kZW1vIn0:1pUGOQ:24ucsV6fOfU-jtIVVeHcgcm4s2qa1Kcy9Dcm6QXq7ks', '2023-03-07 00:20:26'),
	('cylnwnc96g6t1ywrqjsj6hnboee8tspz', 'eyJ1c2VybmFtZSI6InN0dWRlbnQxIn0:1pYFu4:qmuYW9B6ZAvfK_GV698Sg-kIDsX9kbhU467sxcgtByw', '2023-03-18 00:37:36'),
	('ecjceh81aan7js678mmzg4ncwv02l1eu', 'MzhhNjE1MjhkY2U0MzBjYmFmNTg1NDE4ODk1Yjg5Y2NmMGM3ZmMzYzp7InVzZXJuYW1lIjoic3R1ZGVudDEifQ==', '2023-03-27 12:14:53'),
	('erxjt9g7vris2c60oztoqratcqy12vsm', 'MzhhNjE1MjhkY2U0MzBjYmFmNTg1NDE4ODk1Yjg5Y2NmMGM3ZmMzYzp7InVzZXJuYW1lIjoic3R1ZGVudDEifQ==', '2023-05-14 12:49:06'),
	('h84b6e95xqu0144fl9xff5w6tadrfiym', 'MzhhNjE1MjhkY2U0MzBjYmFmNTg1NDE4ODk1Yjg5Y2NmMGM3ZmMzYzp7InVzZXJuYW1lIjoic3R1ZGVudDEifQ==', '2023-03-01 06:47:57'),
	('h9i4jnaqjt0ei32imqj3juaf26uiabpq', 'MzhhNjE1MjhkY2U0MzBjYmFmNTg1NDE4ODk1Yjg5Y2NmMGM3ZmMzYzp7InVzZXJuYW1lIjoic3R1ZGVudDEifQ==', '2023-03-27 07:33:29'),
	('j12uezdp4vuh57ocrai20yfq2s303816', 'MjQ5ZTFlMTM0NWQwYjNhNGQ1YmFiMTUxZmEwOTQ2ZDUwYmIwMDcxNzp7Il9hdXRoX3VzZXJfaWQiOiIyIiwiX2F1dGhfdXNlcl9iYWNrZW5kIjoiZGphbmdvLmNvbnRyaWIuYXV0aC5iYWNrZW5kcy5Nb2RlbEJhY2tlbmQiLCJfYXV0aF91c2VyX2hhc2giOiI4ZTlmODE2OGEyMTQxZmQxYTkwOWY1NzRiOGI4NWYwMGEwYTNiYTYxIiwiX21lbnVzIjoiW3tcIm5hbWVcIjogXCJEYWxcIiwgXCJpY29uXCI6IFwiZmFyIGZhLWNpcmNsZVwiLCBcIm1vZGVsc1wiOiBbe1wibmFtZVwiOiBcIlxcdTY1YjBcXHU5NWZiXFx1N2JhMVxcdTc0MDZcIiwgXCJpY29uXCI6IFwiZmFyIGZhLWNpcmNsZVwiLCBcInVybFwiOiBcIi9hZG1pbi9kYWwvbmV3cy9cIiwgXCJhZGRVcmxcIjogbnVsbCwgXCJicmVhZGNydW1ic1wiOiBbe1wibmFtZVwiOiBcIkRhbFwiLCBcImljb25cIjogXCJmYXIgZmEtY2lyY2xlXCJ9LCB7XCJuYW1lXCI6IFwiXFx1NjViMFxcdTk1ZmJcXHU3YmExXFx1NzQwNlwiLCBcImljb25cIjogXCJmYXIgZmEtY2lyY2xlXCJ9XSwgXCJlaWRcIjogMTAwMn0sIHtcIm5hbWVcIjogXCJcXHU4YmEyXFx1NTM1NVxcdTdiYTFcXHU3NDA2XCIsIFwiaWNvblwiOiBcImZhciBmYS1jaXJjbGVcIiwgXCJ1cmxcIjogXCIvYWRtaW4vZGFsL2dhcm9yZGVyL1wiLCBcImFkZFVybFwiOiBudWxsLCBcImJyZWFkY3J1bWJzXCI6IFt7XCJuYW1lXCI6IFwiRGFsXCIsIFwiaWNvblwiOiBcImZhciBmYS1jaXJjbGVcIn0sIHtcIm5hbWVcIjogXCJcXHU4YmEyXFx1NTM1NVxcdTdiYTFcXHU3NDA2XCIsIFwiaWNvblwiOiBcImZhciBmYS1jaXJjbGVcIn1dLCBcImVpZFwiOiAxMDAzfV0sIFwiZWlkXCI6IDEwMDF9XSJ9', '2023-12-12 14:19:20'),
	('jexwc6hqjqg5hhj3vfpe1nh0cyx7dckb', 'ODNmMjE0MDNkOThhMzc4NzJhYjZmYjVhZjM1NWZkMjc3Nzc1NGJiYjp7Il9hdXRoX3VzZXJfaWQiOiIxIiwiX2F1dGhfdXNlcl9iYWNrZW5kIjoiZGphbmdvLmNvbnRyaWIuYXV0aC5iYWNrZW5kcy5Nb2RlbEJhY2tlbmQiLCJfYXV0aF91c2VyX2hhc2giOiI1NzBjYmIyZTNjMDEyZTFlOTM5YTEyYjA5Mjc2ZjU0MGNkMDJkOGM5IiwiX21lbnVzIjoiW3tcIm5hbWVcIjogXCJEYWxcIiwgXCJpY29uXCI6IFwiZmFyIGZhLWNpcmNsZVwiLCBcIm1vZGVsc1wiOiBbe1wibmFtZVwiOiBcIlxcdTY1YjBcXHU5NWZiXFx1N2JhMVxcdTc0MDZcIiwgXCJpY29uXCI6IFwiZmFyIGZhLWNpcmNsZVwiLCBcInVybFwiOiBcIi9hZG1pbi9kYWwvbmV3cy9cIiwgXCJhZGRVcmxcIjogXCIvYWRtaW4vZGFsL25ld3MvYWRkL1wiLCBcImJyZWFkY3J1bWJzXCI6IFt7XCJuYW1lXCI6IFwiRGFsXCIsIFwiaWNvblwiOiBcImZhciBmYS1jaXJjbGVcIn0sIHtcIm5hbWVcIjogXCJcXHU2NWIwXFx1OTVmYlxcdTdiYTFcXHU3NDA2XCIsIFwiaWNvblwiOiBcImZhciBmYS1jaXJjbGVcIn1dLCBcImVpZFwiOiAxMDAyfSwge1wibmFtZVwiOiBcIlxcdTc1MjhcXHU2MjM3XFx1NGZlMVxcdTYwNmZcIiwgXCJpY29uXCI6IFwiZmFyIGZhLWNpcmNsZVwiLCBcInVybFwiOiBcIi9hZG1pbi9kYWwvdXNlcmluZm8vXCIsIFwiYWRkVXJsXCI6IFwiL2FkbWluL2RhbC91c2VyaW5mby9hZGQvXCIsIFwiYnJlYWRjcnVtYnNcIjogW3tcIm5hbWVcIjogXCJEYWxcIiwgXCJpY29uXCI6IFwiZmFyIGZhLWNpcmNsZVwifSwge1wibmFtZVwiOiBcIlxcdTc1MjhcXHU2MjM3XFx1NGZlMVxcdTYwNmZcIiwgXCJpY29uXCI6IFwiZmFyIGZhLWNpcmNsZVwifV0sIFwiZWlkXCI6IDEwMDN9LCB7XCJuYW1lXCI6IFwiXFx1OGJhMlxcdTUzNTVcXHU3YmExXFx1NzQwNlwiLCBcImljb25cIjogXCJmYXIgZmEtY2lyY2xlXCIsIFwidXJsXCI6IFwiL2FkbWluL2RhbC9nYXJvcmRlci9cIiwgXCJhZGRVcmxcIjogXCIvYWRtaW4vZGFsL2dhcm9yZGVyL2FkZC9cIiwgXCJicmVhZGNydW1ic1wiOiBbe1wibmFtZVwiOiBcIkRhbFwiLCBcImljb25cIjogXCJmYXIgZmEtY2lyY2xlXCJ9LCB7XCJuYW1lXCI6IFwiXFx1OGJhMlxcdTUzNTVcXHU3YmExXFx1NzQwNlwiLCBcImljb25cIjogXCJmYXIgZmEtY2lyY2xlXCJ9XSwgXCJlaWRcIjogMTAwNH0sIHtcIm5hbWVcIjogXCJcXHU4YmM2XFx1NTIyYlxcdTdiYTFcXHU3NDA2XCIsIFwiaWNvblwiOiBcImZhciBmYS1jaXJjbGVcIiwgXCJ1cmxcIjogXCIvYWRtaW4vZGFsL2RldGVjdHMvXCIsIFwiYWRkVXJsXCI6IFwiL2FkbWluL2RhbC9kZXRlY3RzL2FkZC9cIiwgXCJicmVhZGNydW1ic1wiOiBbe1wibmFtZVwiOiBcIkRhbFwiLCBcImljb25cIjogXCJmYXIgZmEtY2lyY2xlXCJ9LCB7XCJuYW1lXCI6IFwiXFx1OGJjNlxcdTUyMmJcXHU3YmExXFx1NzQwNlwiLCBcImljb25cIjogXCJmYXIgZmEtY2lyY2xlXCJ9XSwgXCJlaWRcIjogMTAwNX1dLCBcImVpZFwiOiAxMDAxfSwge1wibmFtZVwiOiBcIlxcdThiYTRcXHU4YmMxXFx1NTQ4Y1xcdTYzODhcXHU2NzQzXCIsIFwiaWNvblwiOiBcImZhcyBmYS1zaGllbGQtYWx0XCIsIFwibW9kZWxzXCI6IFt7XCJuYW1lXCI6IFwiXFx1NzUyOFxcdTYyMzdcIiwgXCJpY29uXCI6IFwiZmFyIGZhLXVzZXJcIiwgXCJ1cmxcIjogXCIvYWRtaW4vYXV0aC91c2VyL1wiLCBcImFkZFVybFwiOiBcIi9hZG1pbi9hdXRoL3VzZXIvYWRkL1wiLCBcImJyZWFkY3J1bWJzXCI6IFt7XCJuYW1lXCI6IFwiXFx1OGJhNFxcdThiYzFcXHU1NDhjXFx1NjM4OFxcdTY3NDNcIiwgXCJpY29uXCI6IFwiZmFzIGZhLXNoaWVsZC1hbHRcIn0sIHtcIm5hbWVcIjogXCJcXHU3NTI4XFx1NjIzN1wiLCBcImljb25cIjogXCJmYXIgZmEtdXNlclwifV0sIFwiZWlkXCI6IDEwMDd9LCB7XCJuYW1lXCI6IFwiXFx1N2VjNFwiLCBcImljb25cIjogXCJmYXMgZmEtdXNlcnMtY29nXCIsIFwidXJsXCI6IFwiL2FkbWluL2F1dGgvZ3JvdXAvXCIsIFwiYWRkVXJsXCI6IFwiL2FkbWluL2F1dGgvZ3JvdXAvYWRkL1wiLCBcImJyZWFkY3J1bWJzXCI6IFt7XCJuYW1lXCI6IFwiXFx1OGJhNFxcdThiYzFcXHU1NDhjXFx1NjM4OFxcdTY3NDNcIiwgXCJpY29uXCI6IFwiZmFzIGZhLXNoaWVsZC1hbHRcIn0sIHtcIm5hbWVcIjogXCJcXHU3ZWM0XCIsIFwiaWNvblwiOiBcImZhcyBmYS11c2Vycy1jb2dcIn1dLCBcImVpZFwiOiAxMDA4fV0sIFwiZWlkXCI6IDEwMDZ9XSJ9', '2023-12-12 05:23:05'),
	('l36yz2oj6hnfs160ygt1doufsytymuvd', 'MzhhNjE1MjhkY2U0MzBjYmFmNTg1NDE4ODk1Yjg5Y2NmMGM3ZmMzYzp7InVzZXJuYW1lIjoic3R1ZGVudDEifQ==', '2023-05-21 13:18:54'),
	('mo4a0m8jejzpjo41lwqid8e5qfgj4g7r', 'MzhhNjE1MjhkY2U0MzBjYmFmNTg1NDE4ODk1Yjg5Y2NmMGM3ZmMzYzp7InVzZXJuYW1lIjoic3R1ZGVudDEifQ==', '2023-05-17 02:26:41'),
	('o6ofattqd8nzys6ao3ovkwph782wgmw7', 'MzhhNjE1MjhkY2U0MzBjYmFmNTg1NDE4ODk1Yjg5Y2NmMGM3ZmMzYzp7InVzZXJuYW1lIjoic3R1ZGVudDEifQ==', '2023-05-30 21:21:27'),
	('oxzsiv0h6qcu5j1rjek97xf0qhjbqmtv', 'eyJ1c2VybmFtZSI6InN0dWRlbnQxIn0:1pYFxy:M1wdNlNomKlCKCr_qawrcsRM1VI8W_6-3tAY-uKmbI0', '2023-03-18 00:41:38'),
	('u16xsc7lrbbnbb1nz203hl9taxra65yg', 'ZGM5MGQ1M2NhYmQwMTRmNmUwOTRkOWEyNzk4YmIzMzY3NDI0NGYyMDp7InVzZXJuYW1lIjoiXHU2NzRlXHU4MDAxXHU1ZTA4IiwiX2F1dGhfdXNlcl9pZCI6IjEiLCJfYXV0aF91c2VyX2JhY2tlbmQiOiJkamFuZ28uY29udHJpYi5hdXRoLmJhY2tlbmRzLk1vZGVsQmFja2VuZCIsIl9hdXRoX3VzZXJfaGFzaCI6ImU1YmRkZTY2MTY4ZWYyNWVmNjA0OWMyMzc5MWIwYzVjMjk2OGE4NjUiLCJzaW1wbGV1aV8yMDIwMDUwOSI6dHJ1ZX0=', '2020-05-23 15:12:00'),
	('v2qn7bubvw6yyltbzfntn871mh52si2w', 'MzhhNjE1MjhkY2U0MzBjYmFmNTg1NDE4ODk1Yjg5Y2NmMGM3ZmMzYzp7InVzZXJuYW1lIjoic3R1ZGVudDEifQ==', '2023-05-13 12:33:52'),
	('wrtscf07podespfhga6k7mbugbyhk4nk', 'eyJ1c2VybmFtZSI6InN0dWRlbnQxIn0:1pp9rB:Ih3eBHzvXN0RnBdjgcBATmgmzU-Vy9TJAAtFHWhOS3c', '2023-05-03 15:36:29'),
	('wv0n3w2b1hydie165tyc2pdnje4dvh8l', 'eyJ1c2VybmFtZSI6InN0dWRlbnQxIn0:1pp9s2:DJZSioMYTBIzmNAhDEQcCnjec4VkwAFLS9ijEtaRC-M', '2023-05-03 15:37:22'),
	('x3gqz1bo5likw5um0pal4xvgjywrh6uj', 'Y2YzNWUwZWU3MzY5NjRiZmI1MDM5NTIwZDQ4N2ZjNWEzZTdjNGViZTp7InVzZXJuYW1lIjoiZ3JlZW4xIn0=', '2023-03-27 23:55:59'),
	('yudykm2885127x971odezg4fw76n0uwz', 'ZTMwZGYzZGM2MzA1YjkyOWRhN2U1MWQ1MjM2YzMxZjYwZTFlODk3ODp7InVzZXJuYW1lIjoiZGVtbzkwYXNmIiwiX2F1dGhfdXNlcl9pZCI6IjEiLCJfYXV0aF91c2VyX2JhY2tlbmQiOiJkamFuZ28uY29udHJpYi5hdXRoLmJhY2tlbmRzLk1vZGVsQmFja2VuZCIsIl9hdXRoX3VzZXJfaGFzaCI6IjU3MGNiYjJlM2MwMTJlMWU5MzlhMTJiMDkyNzZmNTQwY2QwMmQ4YzkiLCJfbWVudXMiOiJbe1wibmFtZVwiOiBcIkRhbFwiLCBcImljb25cIjogXCJmYXIgZmEtY2lyY2xlXCIsIFwibW9kZWxzXCI6IFt7XCJuYW1lXCI6IFwiXFx1NjU0ZlxcdTYxMWZcXHU0ZmUxXFx1NjA2ZlxcdThmYzdcXHU2ZWU0XFx1N2JhMVxcdTc0MDZcIiwgXCJpY29uXCI6IFwiZmFyIGZhLWNpcmNsZVwiLCBcInVybFwiOiBcIi9hZG1pbi9kYWwvZGV0ZWN0cy9cIiwgXCJhZGRVcmxcIjogXCIvYWRtaW4vZGFsL2RldGVjdHMvYWRkL1wiLCBcImJyZWFkY3J1bWJzXCI6IFt7XCJuYW1lXCI6IFwiRGFsXCIsIFwiaWNvblwiOiBcImZhciBmYS1jaXJjbGVcIn0sIHtcIm5hbWVcIjogXCJcXHU2NTRmXFx1NjExZlxcdTRmZTFcXHU2MDZmXFx1OGZjN1xcdTZlZTRcXHU3YmExXFx1NzQwNlwiLCBcImljb25cIjogXCJmYXIgZmEtY2lyY2xlXCJ9XSwgXCJlaWRcIjogMTAwMn0sIHtcIm5hbWVcIjogXCJcXHU3NTI4XFx1NjIzN1xcdTRmZTFcXHU2MDZmXCIsIFwiaWNvblwiOiBcImZhciBmYS1jaXJjbGVcIiwgXCJ1cmxcIjogXCIvYWRtaW4vZGFsL3VzZXJpbmZvL1wiLCBcImFkZFVybFwiOiBcIi9hZG1pbi9kYWwvdXNlcmluZm8vYWRkL1wiLCBcImJyZWFkY3J1bWJzXCI6IFt7XCJuYW1lXCI6IFwiRGFsXCIsIFwiaWNvblwiOiBcImZhciBmYS1jaXJjbGVcIn0sIHtcIm5hbWVcIjogXCJcXHU3NTI4XFx1NjIzN1xcdTRmZTFcXHU2MDZmXCIsIFwiaWNvblwiOiBcImZhciBmYS1jaXJjbGVcIn1dLCBcImVpZFwiOiAxMDAzfV0sIFwiZWlkXCI6IDEwMDF9LCB7XCJuYW1lXCI6IFwiXFx1OGJhNFxcdThiYzFcXHU1NDhjXFx1NjM4OFxcdTY3NDNcIiwgXCJpY29uXCI6IFwiZmFzIGZhLXNoaWVsZC1hbHRcIiwgXCJtb2RlbHNcIjogW3tcIm5hbWVcIjogXCJcXHU3NTI4XFx1NjIzN1wiLCBcImljb25cIjogXCJmYXIgZmEtdXNlclwiLCBcInVybFwiOiBcIi9hZG1pbi9hdXRoL3VzZXIvXCIsIFwiYWRkVXJsXCI6IFwiL2FkbWluL2F1dGgvdXNlci9hZGQvXCIsIFwiYnJlYWRjcnVtYnNcIjogW3tcIm5hbWVcIjogXCJcXHU4YmE0XFx1OGJjMVxcdTU0OGNcXHU2Mzg4XFx1Njc0M1wiLCBcImljb25cIjogXCJmYXMgZmEtc2hpZWxkLWFsdFwifSwge1wibmFtZVwiOiBcIlxcdTc1MjhcXHU2MjM3XCIsIFwiaWNvblwiOiBcImZhciBmYS11c2VyXCJ9XSwgXCJlaWRcIjogMTAwNX0sIHtcIm5hbWVcIjogXCJcXHU3ZWM0XCIsIFwiaWNvblwiOiBcImZhcyBmYS11c2Vycy1jb2dcIiwgXCJ1cmxcIjogXCIvYWRtaW4vYXV0aC9ncm91cC9cIiwgXCJhZGRVcmxcIjogXCIvYWRtaW4vYXV0aC9ncm91cC9hZGQvXCIsIFwiYnJlYWRjcnVtYnNcIjogW3tcIm5hbWVcIjogXCJcXHU4YmE0XFx1OGJjMVxcdTU0OGNcXHU2Mzg4XFx1Njc0M1wiLCBcImljb25cIjogXCJmYXMgZmEtc2hpZWxkLWFsdFwifSwge1wibmFtZVwiOiBcIlxcdTdlYzRcIiwgXCJpY29uXCI6IFwiZmFzIGZhLXVzZXJzLWNvZ1wifV0sIFwiZWlkXCI6IDEwMDZ9XSwgXCJlaWRcIjogMTAwNH1dIn0=', '2024-02-06 18:22:45');
/*!40000 ALTER TABLE `django_session` ENABLE KEYS */;

-- 导出  表 wordtext.newsinfo 结构
CREATE TABLE IF NOT EXISTS `newsinfo` (
  `id` int(11) NOT NULL AUTO_INCREMENT,
  `newsid` varchar(32) NOT NULL,
  `newscaptain` varchar(32) NOT NULL,
  `newsdetail` varchar(32) NOT NULL,
  `newsdate` varchar(32) NOT NULL,
  PRIMARY KEY (`id`),
  UNIQUE KEY `newsid` (`newsid`)
) ENGINE=InnoDB AUTO_INCREMENT=6 DEFAULT CHARSET=utf8;

-- 正在导出表  wordtext.newsinfo 的数据：~5 rows (大约)
/*!40000 ALTER TABLE `newsinfo` DISABLE KEYS */;
INSERT INTO `newsinfo` (`id`, `newsid`, `newscaptain`, `newsdetail`, `newsdate`) VALUES
	(1, '1', '新闻1', '新闻', '2023.11.27'),
	(2, '2', '新闻2', '新闻2', '2023.11.28'),
	(3, '3', '新闻3', '回收新闻', '2023.11.28'),
	(4, '4', '新闻4', '报纸新闻4', '2023.11.28'),
	(5, '5', '新闻5', '回收新闻5', '2023.11.28');
/*!40000 ALTER TABLE `newsinfo` ENABLE KEYS */;

-- 导出  表 wordtext.orderinfo 结构
CREATE TABLE IF NOT EXISTS `orderinfo` (
  `id` int(11) NOT NULL AUTO_INCREMENT,
  `ordercaptain` varchar(32) NOT NULL,
  PRIMARY KEY (`id`)
) ENGINE=InnoDB AUTO_INCREMENT=11 DEFAULT CHARSET=utf8;

-- 正在导出表  wordtext.orderinfo 的数据：~4 rows (大约)
/*!40000 ALTER TABLE `orderinfo` DISABLE KEYS */;
INSERT INTO `orderinfo` (`id`, `ordercaptain`) VALUES
	(7, '五个易拉罐[已完成]'),
	(8, '七个易拉罐[已完成]'),
	(9, '一个易拉罐[已完成]'),
	(10, '三个易拉罐[已完成]');
/*!40000 ALTER TABLE `orderinfo` ENABLE KEYS */;

-- 导出  表 wordtext.subject 结构
CREATE TABLE IF NOT EXISTS `subject` (
  `id` int(11) NOT NULL AUTO_INCREMENT,
  `teacher` varchar(32) NOT NULL,
  `subject_title` varchar(32) NOT NULL,
  `introduction` varchar(640) NOT NULL,
  `time` datetime DEFAULT NULL,
  `startime` varchar(32) DEFAULT NULL,
  PRIMARY KEY (`id`)
) ENGINE=InnoDB AUTO_INCREMENT=4 DEFAULT CHARSET=utf8;

-- 正在导出表  wordtext.subject 的数据：~3 rows (大约)
/*!40000 ALTER TABLE `subject` DISABLE KEYS */;
INSERT INTO `subject` (`id`, `teacher`, `subject_title`, `introduction`, `time`, `startime`) VALUES
	(1, '李老师', 'Java', '软件编程', '2023-05-02 23:29:27', '2:30'),
	(2, '王老师', '高数', '逻辑思维', '2023-05-02 23:29:25', '10：00'),
	(3, 'teacher2', 'hadoop搭建2', 'hadoop搭建2', '2023-05-03 00:27:40', '15:00-17:00');
/*!40000 ALTER TABLE `subject` ENABLE KEYS */;

-- 导出  表 wordtext.subject_class_name 结构
CREATE TABLE IF NOT EXISTS `subject_class_name` (
  `id` int(11) NOT NULL AUTO_INCREMENT,
  `subject_id` int(11) NOT NULL,
  `classnames_id` int(11) NOT NULL,
  PRIMARY KEY (`id`),
  UNIQUE KEY `Subject_class_name_subject_id_classnames_id_21143a30_uniq` (`subject_id`,`classnames_id`),
  KEY `Subject_class_name_classnames_id_7875ccb7_fk_ClassNames_id` (`classnames_id`),
  CONSTRAINT `Subject_class_name_classnames_id_7875ccb7_fk_ClassNames_id` FOREIGN KEY (`classnames_id`) REFERENCES `classnames` (`id`),
  CONSTRAINT `Subject_class_name_subject_id_fdde6f8a_fk_Subject_id` FOREIGN KEY (`subject_id`) REFERENCES `subject` (`id`)
) ENGINE=InnoDB AUTO_INCREMENT=4 DEFAULT CHARSET=utf8;

-- 正在导出表  wordtext.subject_class_name 的数据：~3 rows (大约)
/*!40000 ALTER TABLE `subject_class_name` DISABLE KEYS */;
INSERT INTO `subject_class_name` (`id`, `subject_id`, `classnames_id`) VALUES
	(1, 1, 1),
	(2, 2, 2),
	(3, 3, 1);
/*!40000 ALTER TABLE `subject_class_name` ENABLE KEYS */;

-- 导出  表 wordtext.subject_subject_student 结构
CREATE TABLE IF NOT EXISTS `subject_subject_student` (
  `id` int(11) NOT NULL AUTO_INCREMENT,
  `subject_id` int(11) NOT NULL,
  `userinfo_id` int(11) NOT NULL,
  PRIMARY KEY (`id`),
  UNIQUE KEY `Subject_subject_student_subject_id_userinfo_id_b42ee61f_uniq` (`subject_id`,`userinfo_id`),
  KEY `Subject_subject_student_userinfo_id_f606dbcf_fk_UserInfo_id` (`userinfo_id`),
  CONSTRAINT `Subject_subject_student_subject_id_ee7af3a1_fk_Subject_id` FOREIGN KEY (`subject_id`) REFERENCES `subject` (`id`),
  CONSTRAINT `Subject_subject_student_userinfo_id_f606dbcf_fk_UserInfo_id` FOREIGN KEY (`userinfo_id`) REFERENCES `userinfo` (`id`)
) ENGINE=InnoDB AUTO_INCREMENT=5 DEFAULT CHARSET=utf8;

-- 正在导出表  wordtext.subject_subject_student 的数据：~4 rows (大约)
/*!40000 ALTER TABLE `subject_subject_student` DISABLE KEYS */;
INSERT INTO `subject_subject_student` (`id`, `subject_id`, `userinfo_id`) VALUES
	(1, 1, 1),
	(2, 2, 1),
	(3, 3, 1),
	(4, 3, 2);
/*!40000 ALTER TABLE `subject_subject_student` ENABLE KEYS */;

-- 导出  表 wordtext.tecinfo 结构
CREATE TABLE IF NOT EXISTS `tecinfo` (
  `id` int(11) NOT NULL AUTO_INCREMENT,
  `username` varchar(32) NOT NULL,
  `name` varchar(32) NOT NULL,
  `password` varchar(64) NOT NULL,
  `sex` varchar(2) NOT NULL,
  `experience` varchar(32) NOT NULL,
  `style` varchar(32) NOT NULL,
  `phone` varchar(11) NOT NULL,
  PRIMARY KEY (`id`),
  UNIQUE KEY `username` (`username`),
  UNIQUE KEY `phone` (`phone`)
) ENGINE=InnoDB AUTO_INCREMENT=5 DEFAULT CHARSET=utf8;

-- 正在导出表  wordtext.tecinfo 的数据：~4 rows (大约)
/*!40000 ALTER TABLE `tecinfo` DISABLE KEYS */;
INSERT INTO `tecinfo` (`id`, `username`, `name`, `password`, `sex`, `experience`, `style`, `phone`) VALUES
	(1, '李老师', '李四', '000000', '女', '3年经验', '负责', '15626548875'),
	(2, 'teacher2', '张老师', '111111', '女', '5年经验', '认真', '18245695632'),
	(3, 'teacher3', '教师3', '111111', '女', '9次项目经历', '精简', '17745286625'),
	(4, 'teacher4', 'teacher4', '111111', '男', '1年经验', '幽默', '17625486325');
/*!40000 ALTER TABLE `tecinfo` ENABLE KEYS */;

-- 导出  表 wordtext.tecinfo_subject_title 结构
CREATE TABLE IF NOT EXISTS `tecinfo_subject_title` (
  `id` int(11) NOT NULL AUTO_INCREMENT,
  `tecinfo_id` int(11) NOT NULL,
  `subject_id` int(11) NOT NULL,
  PRIMARY KEY (`id`),
  UNIQUE KEY `TecInfo_subject_title_tecinfo_id_subject_id_0d165c6d_uniq` (`tecinfo_id`,`subject_id`),
  KEY `TecInfo_subject_title_subject_id_d405326d_fk_Subject_id` (`subject_id`),
  CONSTRAINT `TecInfo_subject_title_subject_id_d405326d_fk_Subject_id` FOREIGN KEY (`subject_id`) REFERENCES `subject` (`id`),
  CONSTRAINT `TecInfo_subject_title_tecinfo_id_cee42240_fk_TecInfo_id` FOREIGN KEY (`tecinfo_id`) REFERENCES `tecinfo` (`id`)
) ENGINE=InnoDB AUTO_INCREMENT=6 DEFAULT CHARSET=utf8;

-- 正在导出表  wordtext.tecinfo_subject_title 的数据：~4 rows (大约)
/*!40000 ALTER TABLE `tecinfo_subject_title` DISABLE KEYS */;
INSERT INTO `tecinfo_subject_title` (`id`, `tecinfo_id`, `subject_id`) VALUES
	(1, 1, 1),
	(5, 2, 3),
	(3, 3, 1),
	(4, 4, 2);
/*!40000 ALTER TABLE `tecinfo_subject_title` ENABLE KEYS */;

-- 导出  表 wordtext.userinfo 结构
CREATE TABLE IF NOT EXISTS `userinfo` (
  `id` int(11) NOT NULL AUTO_INCREMENT,
  `username` varchar(32) NOT NULL,
  `password` varchar(64) NOT NULL,
  `email` varchar(32) NOT NULL,
  `name` varchar(32) NOT NULL,
  `classname` varchar(64) NOT NULL,
  `create_time` datetime NOT NULL,
  `phone` varchar(11) NOT NULL,
  PRIMARY KEY (`id`),
  UNIQUE KEY `username` (`username`),
  UNIQUE KEY `phone` (`phone`)
) ENGINE=InnoDB AUTO_INCREMENT=20 DEFAULT CHARSET=utf8;

-- 正在导出表  wordtext.userinfo 的数据：~19 rows (大约)
/*!40000 ALTER TABLE `userinfo` DISABLE KEYS */;
INSERT INTO `userinfo` (`id`, `username`, `password`, `email`, `name`, `classname`, `create_time`, `phone`) VALUES
	(1, 'student1', '111111', '111111qq@qq.com', '李四', '1', '2023-04-29 12:33:48', '12344444444'),
	(2, 'student2', '111111', 'qqqqq11@qq.com', '王五', '1', '2023-02-08 14:29:33', '12444855555'),
	(3, 'demodemo', 'demodemo', 'demodemo@demo.com', 'demodemo', 'demodemo', '2023-02-20 08:41:13', '123456'),
	(4, 'demodemo2', 'demodemo2', 'demo@demo.com', 'demodemo', 'demodemo', '2023-03-04 00:49:22', '12333333333'),
	(5, 'demo3', 'demo3', 'demo3@demo3.com', 'demo3', 'demo3', '2023-03-04 01:26:23', '1233333'),
	(6, 'green1', 'green1', 'green1@green.com', 'green1', 'green1', '2023-03-13 23:55:51', '12323594584'),
	(7, 'demoadmin3', 'demoadmin3', 'demoadmin3@qq.com', 'demoadmin3', 'demoadmin3', '2023-04-29 12:33:10', '15698876398'),
	(8, 'demo569', 'demo569', 'demo569@demo569.com', 'demo569', 'demo569', '2023-05-07 02:21:24', '15934699874'),
	(9, 'demo986', 'demo986', 'demo986@democ.com', 'demo986', 'demo986', '2023-05-07 02:23:29', '19787396473'),
	(10, 'ip3', 'ip3', 'ip3@ip3.com', 'ip3', 'ip3', '2023-05-29 10:35:59', '12488893802'),
	(11, 'ip4', 'ip4', 'ip4@ip4.com', 'ip4', 'ip4', '2023-05-29 10:52:03', '13354865971'),
	(12, 'user74239', 'user74239', 'user74239@163.com', 'user74239', 'user74239', '2023-11-28 13:46:59', '16800001548'),
	(13, 'user96233', '123456', 'user96233@qq.com', 'user96233', 'user96233', '2023-11-28 13:49:20', '18400006448'),
	(14, 'user94351', '123456', 'user94351@qq.com', 'user94351', 'user94351', '2023-11-28 13:52:38', '13200001548'),
	(15, 'user1654654', '123456', 'user1654654@qq.com', 'user1654654', 'user1654654', '2023-11-28 14:09:23', '16400005118'),
	(16, 'user8921345', '123456', 'user8921345@163.com', 'user8921345', 'user8921345', '2023-11-28 14:18:16', '16300008457'),
	(17, 'user8234', '123456', 'user8234@123.com', 'user8234', 'user8234', '2023-12-22 10:27:59', '12526548758'),
	(18, 'demo82ef', 'demo82ef', 'demo82ef@163.com', 'demo82ef', 'demo82ef', '2024-01-18 13:26:47', '15487456487'),
	(19, 'demo90asf', 'demo90asf', 'demo90asf@163.com', 'demo90asf', 'demo90asf', '2024-01-23 18:22:39', '15484548458');
/*!40000 ALTER TABLE `userinfo` ENABLE KEYS */;

/*!40101 SET SQL_MODE=IFNULL(@OLD_SQL_MODE, '') */;
/*!40014 SET FOREIGN_KEY_CHECKS=IF(@OLD_FOREIGN_KEY_CHECKS IS NULL, 1, @OLD_FOREIGN_KEY_CHECKS) */;
/*!40101 SET CHARACTER_SET_CLIENT=@OLD_CHARACTER_SET_CLIENT */;
